ISO-10303-21;
HEADER;
/* Generated by software containing ST-Developer
 * from STEP Tools, Inc. (www.steptools.com) 
 */

FILE_DESCRIPTION(
/* description */ ('STEP AP242 Edition 2'),
/* implementation_level */ '2;1');

FILE_NAME(
/* name */ 'BlareLava.step',
/* time_stamp */ '2026-09-02T11:27:51+08:00',
/* author */ (''),
/* organization */ (''),
/* preprocessor_version */ 'ST-DEVELOPER v20.1',
/* originating_system */ 'Autodesk Translation Framework v15.8.0.0',
/* authorisation */ '');

FILE_SCHEMA (('AUTOMOTIVE_DESIGN { 1 0 10303 214 3 1 1 }'));
ENDSEC;

DATA;
#10=MECHANICAL_DESIGN_GEOMETRIC_PRESENTATION_REPRESENTATION('',(#23,#24),
#12709);
#11=ITEM_DEFINED_TRANSFORMATION($,$,#6951,#7204);
#12=ITEM_DEFINED_TRANSFORMATION($,$,#7098,#7205);
#13=(
REPRESENTATION_RELATIONSHIP($,$,#12722,#12721)
REPRESENTATION_RELATIONSHIP_WITH_TRANSFORMATION(#11)
SHAPE_REPRESENTATION_RELATIONSHIP()
);
#14=(
REPRESENTATION_RELATIONSHIP($,$,#12723,#12721)
REPRESENTATION_RELATIONSHIP_WITH_TRANSFORMATION(#12)
SHAPE_REPRESENTATION_RELATIONSHIP()
);
#15=CONTEXT_DEPENDENT_SHAPE_REPRESENTATION(#13,#12719);
#16=CONTEXT_DEPENDENT_SHAPE_REPRESENTATION(#14,#12720);
#17=NEXT_ASSEMBLY_USAGE_OCCURRENCE('Part 2:1','Part 2:1','Part 2:1',#12725,
#12726,'Part 2:1');
#18=NEXT_ASSEMBLY_USAGE_OCCURRENCE('Part 1:1','Part 1:1','Part 1:1',#12725,
#12727,'Part 1:1');
#19=SHAPE_REPRESENTATION_RELATIONSHIP('SRR','None',#12722,#21);
#20=SHAPE_REPRESENTATION_RELATIONSHIP('SRR','None',#12723,#22);
#21=ADVANCED_BREP_SHAPE_REPRESENTATION('',(#25),#12707);
#22=ADVANCED_BREP_SHAPE_REPRESENTATION('',(#26),#12708);
#23=STYLED_ITEM('',(#12741),#25);
#24=STYLED_ITEM('',(#12742),#26);
#25=MANIFOLD_SOLID_BREP('Body1',#6925);
#26=MANIFOLD_SOLID_BREP('Body1',#6926);
#27=CIRCLE('',#7083,0.0016);
#28=CIRCLE('',#7084,0.0016);
#29=CIRCLE('',#7086,0.0016);
#30=CIRCLE('',#7087,0.0016);
#31=CIRCLE('',#7089,0.0016);
#32=CIRCLE('',#7090,0.0016);
#33=CIRCLE('',#7094,0.0016);
#34=CIRCLE('',#7095,0.0016);
#35=CIRCLE('',#7106,0.0023);
#36=CIRCLE('',#7108,0.0037225206546924);
#37=CIRCLE('',#7109,0.00150473983555579);
#38=CIRCLE('',#7110,0.00351569201870474);
#39=CIRCLE('',#7111,0.00476008271930416);
#40=CIRCLE('',#7112,0.00372823932613927);
#41=CIRCLE('',#7115,0.00372823932613927);
#42=CIRCLE('',#7116,0.0037225206546924);
#43=CIRCLE('',#7117,0.00150473983555579);
#44=CIRCLE('',#7118,0.00351569201870474);
#45=CIRCLE('',#7119,0.00476008271930416);
#46=CIRCLE('',#7121,0.00372823932613927);
#47=CIRCLE('',#7122,0.0037225206546924);
#48=CIRCLE('',#7123,0.00150473983555579);
#49=CIRCLE('',#7124,0.00351569201870474);
#50=CIRCLE('',#7125,0.00476008271930416);
#51=CIRCLE('',#7128,0.0037225206546924);
#52=CIRCLE('',#7129,0.00150473983555579);
#53=CIRCLE('',#7130,0.00351569201870474);
#54=CIRCLE('',#7131,0.00476008271930416);
#55=CIRCLE('',#7132,0.00372823932613927);
#56=CIRCLE('',#7134,0.002);
#57=CIRCLE('',#7135,0.002);
#58=CIRCLE('',#7136,0.002);
#59=CIRCLE('',#7137,0.002);
#60=CIRCLE('',#7139,0.0037225206546924);
#61=CIRCLE('',#7140,0.0037225206546924);
#62=CIRCLE('',#7143,0.0023);
#63=CIRCLE('',#7144,0.0023);
#64=CIRCLE('',#7150,0.0023);
#65=CIRCLE('',#7151,0.0023);
#66=CIRCLE('',#7157,0.0023);
#67=CIRCLE('',#7158,0.0023);
#68=CIRCLE('',#7162,0.0037225206546924);
#69=CIRCLE('',#7163,0.0037225206546924);
#70=CIRCLE('',#7168,0.0023);
#71=CIRCLE('',#7175,0.002);
#72=CIRCLE('',#7178,0.002);
#73=CIRCLE('',#7181,0.002);
#74=CIRCLE('',#7184,0.002);
#75=CYLINDRICAL_SURFACE('',#7082,0.0016);
#76=CYLINDRICAL_SURFACE('',#7085,0.0016);
#77=CYLINDRICAL_SURFACE('',#7088,0.0016);
#78=CYLINDRICAL_SURFACE('',#7093,0.0016);
#79=CYLINDRICAL_SURFACE('',#7142,0.0023);
#80=CYLINDRICAL_SURFACE('',#7149,0.0023);
#81=CYLINDRICAL_SURFACE('',#7156,0.0023);
#82=CYLINDRICAL_SURFACE('',#7167,0.0023);
#83=CYLINDRICAL_SURFACE('',#7174,0.002);
#84=CYLINDRICAL_SURFACE('',#7177,0.002);
#85=CYLINDRICAL_SURFACE('',#7180,0.002);
#86=CYLINDRICAL_SURFACE('',#7183,0.002);
#87=CYLINDRICAL_SURFACE('',#7194,0.0037225206546924);
#88=CYLINDRICAL_SURFACE('',#7195,0.0037225206546924);
#89=CYLINDRICAL_SURFACE('',#7196,0.00476008271930416);
#90=CYLINDRICAL_SURFACE('',#7197,0.00351569201870474);
#91=CYLINDRICAL_SURFACE('',#7198,0.00150473983555579);
#92=CYLINDRICAL_SURFACE('',#7199,0.00372823932613927);
#93=CYLINDRICAL_SURFACE('',#7200,0.00476008271930416);
#94=CYLINDRICAL_SURFACE('',#7201,0.00351569201870474);
#95=CYLINDRICAL_SURFACE('',#7202,0.00150473983555579);
#96=CYLINDRICAL_SURFACE('',#7203,0.00372823932613927);
#97=B_SPLINE_CURVE_WITH_KNOTS('',3,(#11078,#11079,#11080,#11081,#11082),
 .UNSPECIFIED.,.F.,.F.,(4,1,4),(0.,0.0520951953597008,0.0992746150744557),
 .UNSPECIFIED.);
#98=B_SPLINE_CURVE_WITH_KNOTS('',3,(#11086,#11087,#11088,#11089,#11090),
 .UNSPECIFIED.,.F.,.F.,(4,1,4),(0.,0.0520951953597008,0.0992746150744557),
 .UNSPECIFIED.);
#99=B_SPLINE_CURVE_WITH_KNOTS('',3,(#11103,#11104,#11105,#11106,#11107),
 .UNSPECIFIED.,.F.,.F.,(4,1,4),(0.,0.152114093451556,0.239207347199922),
 .UNSPECIFIED.);
#100=B_SPLINE_CURVE_WITH_KNOTS('',3,(#11110,#11111,#11112,#11113,#11114),
 .UNSPECIFIED.,.F.,.F.,(4,1,4),(0.,0.152114093451556,0.239207347199922),
 .UNSPECIFIED.);
#101=B_SPLINE_CURVE_WITH_KNOTS('',3,(#11126,#11127,#11128,#11129,#11130),
 .UNSPECIFIED.,.F.,.F.,(4,1,4),(0.,0.109212575951912,0.268601974931105),
 .UNSPECIFIED.);
#102=B_SPLINE_CURVE_WITH_KNOTS('',3,(#11133,#11134,#11135,#11136,#11137),
 .UNSPECIFIED.,.F.,.F.,(4,1,4),(0.,0.109212575951912,0.268601974931105),
 .UNSPECIFIED.);
#103=B_SPLINE_CURVE_WITH_KNOTS('',3,(#11149,#11150,#11151,#11152,#11153),
 .UNSPECIFIED.,.F.,.F.,(4,1,4),(0.,0.104844277261669,0.22430347888794),
 .UNSPECIFIED.);
#104=B_SPLINE_CURVE_WITH_KNOTS('',3,(#11156,#11157,#11158,#11159,#11160),
 .UNSPECIFIED.,.F.,.F.,(4,1,4),(0.,0.104844277261669,0.22430347888794),
 .UNSPECIFIED.);
#105=B_SPLINE_CURVE_WITH_KNOTS('',3,(#11172,#11173,#11174,#11175,#11176),
 .UNSPECIFIED.,.F.,.F.,(4,1,4),(0.,0.0992820924547518,0.197155715711162),
 .UNSPECIFIED.);
#106=B_SPLINE_CURVE_WITH_KNOTS('',3,(#11179,#11180,#11181,#11182,#11183),
 .UNSPECIFIED.,.F.,.F.,(4,1,4),(0.,0.0992820924547518,0.197155715711162),
 .UNSPECIFIED.);
#107=B_SPLINE_CURVE_WITH_KNOTS('',3,(#11195,#11196,#11197,#11198,#11199),
 .UNSPECIFIED.,.F.,.F.,(4,1,4),(0.,0.164589563641846,0.331093717145686),
 .UNSPECIFIED.);
#108=B_SPLINE_CURVE_WITH_KNOTS('',3,(#11202,#11203,#11204,#11205,#11206),
 .UNSPECIFIED.,.F.,.F.,(4,1,4),(0.,0.164589563641846,0.331093717145686),
 .UNSPECIFIED.);
#109=B_SPLINE_CURVE_WITH_KNOTS('',3,(#11219,#11220,#11221,#11222,#11223,
#11224),.UNSPECIFIED.,.F.,.F.,(4,2,4),(0.,0.0500000000000003,0.1),
 .UNSPECIFIED.);
#110=B_SPLINE_CURVE_WITH_KNOTS('',3,(#11225,#11226,#11227,#11228,#11229),
 .UNSPECIFIED.,.F.,.F.,(4,1,4),(0.0868324970775779,0.200490000707013,0.375879083693654),
 .UNSPECIFIED.);
#111=B_SPLINE_CURVE_WITH_KNOTS('',3,(#11230,#11231,#11232,#11233,#11234),
 .UNSPECIFIED.,.F.,.F.,(4,1,4),(0.0868324970775762,0.200490000707013,0.375879083693654),
 .UNSPECIFIED.);
#112=B_SPLINE_CURVE_WITH_KNOTS('',3,(#11247,#11248,#11249,#11250,#11251,
#11252),.UNSPECIFIED.,.F.,.F.,(4,2,4),(0.,0.0500000000000003,0.1),
 .UNSPECIFIED.);
#113=B_SPLINE_CURVE_WITH_KNOTS('',3,(#11254,#11255,#11256,#11257,#11258),
 .UNSPECIFIED.,.F.,.F.,(4,1,4),(0.,0.170570611656433,0.272834081007576),
 .UNSPECIFIED.);
#114=B_SPLINE_CURVE_WITH_KNOTS('',3,(#11261,#11262,#11263,#11264,#11265),
 .UNSPECIFIED.,.F.,.F.,(4,1,4),(0.,0.170570611656433,0.272834081008052),
 .UNSPECIFIED.);
#115=B_SPLINE_CURVE_WITH_KNOTS('',3,(#11277,#11278,#11279,#11280,#11281),
 .UNSPECIFIED.,.F.,.F.,(4,1,4),(0.,0.210635067020434,0.384778270991105),
 .UNSPECIFIED.);
#116=B_SPLINE_CURVE_WITH_KNOTS('',3,(#11284,#11285,#11286,#11287,#11288),
 .UNSPECIFIED.,.F.,.F.,(4,1,4),(0.,0.210635067020434,0.384778270991105),
 .UNSPECIFIED.);
#117=B_SPLINE_CURVE_WITH_KNOTS('',3,(#11306,#11307,#11308,#11309,#11310),
 .UNSPECIFIED.,.F.,.F.,(4,1,4),(0.,0.0834465864072959,0.193129951146744),
 .UNSPECIFIED.);
#118=B_SPLINE_CURVE_WITH_KNOTS('',3,(#11313,#11314,#11315,#11316,#11317),
 .UNSPECIFIED.,.F.,.F.,(4,1,4),(0.,0.0834465864072959,0.193129951146744),
 .UNSPECIFIED.);
#119=B_SPLINE_CURVE_WITH_KNOTS('',3,(#11329,#11330,#11331,#11332,#11333),
 .UNSPECIFIED.,.F.,.F.,(4,1,4),(0.,0.0819615204428164,0.156458402498108),
 .UNSPECIFIED.);
#120=B_SPLINE_CURVE_WITH_KNOTS('',3,(#11336,#11337,#11338,#11339,#11340),
 .UNSPECIFIED.,.F.,.F.,(4,1,4),(0.,0.0819615204428164,0.156458402498108),
 .UNSPECIFIED.);
#121=B_SPLINE_CURVE_WITH_KNOTS('',3,(#11352,#11353,#11354,#11355,#11356),
 .UNSPECIFIED.,.F.,.F.,(4,1,4),(0.,0.0727080457425089,0.154944802196702),
 .UNSPECIFIED.);
#122=B_SPLINE_CURVE_WITH_KNOTS('',3,(#11359,#11360,#11361,#11362,#11363),
 .UNSPECIFIED.,.F.,.F.,(4,1,4),(0.,0.0727080457425089,0.154944802196702),
 .UNSPECIFIED.);
#123=B_SPLINE_CURVE_WITH_KNOTS('',3,(#11375,#11376,#11377,#11378,#11379),
 .UNSPECIFIED.,.F.,.F.,(4,1,4),(0.,0.0860282601009611,0.159821671941661),
 .UNSPECIFIED.);
#124=B_SPLINE_CURVE_WITH_KNOTS('',3,(#11382,#11383,#11384,#11385,#11386),
 .UNSPECIFIED.,.F.,.F.,(4,1,4),(0.,0.0860282601009611,0.159821671941661),
 .UNSPECIFIED.);
#125=B_SPLINE_CURVE_WITH_KNOTS('',3,(#11398,#11399,#11400,#11401,#11402),
 .UNSPECIFIED.,.F.,.F.,(4,1,4),(0.,0.0990676359862561,0.187799699192305),
 .UNSPECIFIED.);
#126=B_SPLINE_CURVE_WITH_KNOTS('',3,(#11405,#11406,#11407,#11408,#11409),
 .UNSPECIFIED.,.F.,.F.,(4,1,4),(0.,0.0990676359862561,0.187799699192305),
 .UNSPECIFIED.);
#127=B_SPLINE_CURVE_WITH_KNOTS('',3,(#11421,#11422,#11423,#11424,#11425),
 .UNSPECIFIED.,.F.,.F.,(4,1,4),(0.,0.218345022616365,0.342536754146131),
 .UNSPECIFIED.);
#128=B_SPLINE_CURVE_WITH_KNOTS('',3,(#11428,#11429,#11430,#11431,#11432),
 .UNSPECIFIED.,.F.,.F.,(4,1,4),(0.,0.218345022616365,0.342536754146131),
 .UNSPECIFIED.);
#129=B_SPLINE_CURVE_WITH_KNOTS('',3,(#11444,#11445,#11446,#11447,#11448),
 .UNSPECIFIED.,.F.,.F.,(4,1,4),(0.,0.199234924349162,0.484567869166945),
 .UNSPECIFIED.);
#130=B_SPLINE_CURVE_WITH_KNOTS('',3,(#11451,#11452,#11453,#11454,#11455),
 .UNSPECIFIED.,.F.,.F.,(4,1,4),(0.,0.199234924349162,0.484567869166945),
 .UNSPECIFIED.);
#131=B_SPLINE_CURVE_WITH_KNOTS('',3,(#11467,#11468,#11469,#11470,#11471),
 .UNSPECIFIED.,.F.,.F.,(4,1,4),(0.,0.151058836910259,0.305198460727169),
 .UNSPECIFIED.);
#132=B_SPLINE_CURVE_WITH_KNOTS('',3,(#11474,#11475,#11476,#11477,#11478),
 .UNSPECIFIED.,.F.,.F.,(4,1,4),(0.,0.151058836910259,0.305198460727169),
 .UNSPECIFIED.);
#133=B_SPLINE_CURVE_WITH_KNOTS('',3,(#11508,#11509,#11510,#11511,#11512),
 .UNSPECIFIED.,.F.,.F.,(4,1,4),(0.,0.188510351167178,0.363588436705481),
 .UNSPECIFIED.);
#134=B_SPLINE_CURVE_WITH_KNOTS('',3,(#11516,#11517,#11518,#11519,#11520),
 .UNSPECIFIED.,.F.,.F.,(4,1,4),(0.,0.188510351167178,0.363588436705481),
 .UNSPECIFIED.);
#135=B_SPLINE_CURVE_WITH_KNOTS('',3,(#11533,#11534,#11535,#11536,#11537),
 .UNSPECIFIED.,.F.,.F.,(4,1,4),(0.,0.19264029972339,0.392905384207424),
 .UNSPECIFIED.);
#136=B_SPLINE_CURVE_WITH_KNOTS('',3,(#11540,#11541,#11542,#11543,#11544),
 .UNSPECIFIED.,.F.,.F.,(4,1,4),(0.,0.19264029972339,0.392905384207424),
 .UNSPECIFIED.);
#137=B_SPLINE_CURVE_WITH_KNOTS('',3,(#11556,#11557,#11558,#11559,#11560),
 .UNSPECIFIED.,.F.,.F.,(4,1,4),(0.,0.186418041310118,0.374413328605406),
 .UNSPECIFIED.);
#138=B_SPLINE_CURVE_WITH_KNOTS('',3,(#11563,#11564,#11565,#11566,#11567),
 .UNSPECIFIED.,.F.,.F.,(4,1,4),(0.,0.186418041310118,0.374413328605406),
 .UNSPECIFIED.);
#139=B_SPLINE_CURVE_WITH_KNOTS('',3,(#11579,#11580,#11581,#11582,#11583),
 .UNSPECIFIED.,.F.,.F.,(4,1,4),(0.,0.120938098717329,0.24851676883263),
 .UNSPECIFIED.);
#140=B_SPLINE_CURVE_WITH_KNOTS('',3,(#11586,#11587,#11588,#11589,#11590),
 .UNSPECIFIED.,.F.,.F.,(4,1,4),(0.,0.120938098717329,0.24851676883263),
 .UNSPECIFIED.);
#141=B_SPLINE_CURVE_WITH_KNOTS('',3,(#11602,#11603,#11604,#11605,#11606),
 .UNSPECIFIED.,.F.,.F.,(4,1,4),(0.,0.124341904348144,0.244249905121869),
 .UNSPECIFIED.);
#142=B_SPLINE_CURVE_WITH_KNOTS('',3,(#11609,#11610,#11611,#11612,#11613),
 .UNSPECIFIED.,.F.,.F.,(4,1,4),(0.,0.124341904348144,0.244249905121869),
 .UNSPECIFIED.);
#143=B_SPLINE_CURVE_WITH_KNOTS('',3,(#11625,#11626,#11627,#11628,#11629),
 .UNSPECIFIED.,.F.,.F.,(4,1,4),(0.,0.185547477036303,0.398049716976478),
 .UNSPECIFIED.);
#144=B_SPLINE_CURVE_WITH_KNOTS('',3,(#11632,#11633,#11634,#11635,#11636),
 .UNSPECIFIED.,.F.,.F.,(4,1,4),(0.,0.185547477036303,0.398049716976478),
 .UNSPECIFIED.);
#145=B_SPLINE_CURVE_WITH_KNOTS('',3,(#11648,#11649,#11650,#11651,#11652),
 .UNSPECIFIED.,.F.,.F.,(4,1,4),(0.,0.141750221337859,0.276345887512701),
 .UNSPECIFIED.);
#146=B_SPLINE_CURVE_WITH_KNOTS('',3,(#11655,#11656,#11657,#11658,#11659),
 .UNSPECIFIED.,.F.,.F.,(4,1,4),(0.,0.141750221337859,0.276345887512701),
 .UNSPECIFIED.);
#147=B_SPLINE_CURVE_WITH_KNOTS('',3,(#11672,#11673,#11674,#11675,#11676,
#11677),.UNSPECIFIED.,.F.,.F.,(4,2,4),(0.,0.0500000000000003,0.1),
 .UNSPECIFIED.);
#148=B_SPLINE_CURVE_WITH_KNOTS('',3,(#11678,#11679,#11680,#11681,#11682),
 .UNSPECIFIED.,.F.,.F.,(4,1,4),(0.0706018459597233,0.193789250657648,0.373857519012051),
 .UNSPECIFIED.);
#149=B_SPLINE_CURVE_WITH_KNOTS('',3,(#11683,#11684,#11685,#11686,#11687),
 .UNSPECIFIED.,.F.,.F.,(4,1,4),(0.0706018459597225,0.193789250657648,0.373857519012051),
 .UNSPECIFIED.);
#150=B_SPLINE_CURVE_WITH_KNOTS('',3,(#11700,#11701,#11702,#11703,#11704,
#11705),.UNSPECIFIED.,.F.,.F.,(4,2,4),(0.,0.0499999999999998,0.1),
 .UNSPECIFIED.);
#151=B_SPLINE_CURVE_WITH_KNOTS('',3,(#11707,#11708,#11709,#11710,#11711),
 .UNSPECIFIED.,.F.,.F.,(4,1,4),(0.,0.111386623839782,0.144266725278586),
 .UNSPECIFIED.);
#152=B_SPLINE_CURVE_WITH_KNOTS('',3,(#11714,#11715,#11716,#11717,#11718),
 .UNSPECIFIED.,.F.,.F.,(4,1,4),(0.,0.111386623839782,0.144266725278586),
 .UNSPECIFIED.);
#153=B_SPLINE_CURVE_WITH_KNOTS('',3,(#11730,#11731,#11732,#11733,#11734),
 .UNSPECIFIED.,.F.,.F.,(4,1,4),(0.,0.0986655316619637,0.203219685002143),
 .UNSPECIFIED.);
#154=B_SPLINE_CURVE_WITH_KNOTS('',3,(#11737,#11738,#11739,#11740,#11741),
 .UNSPECIFIED.,.F.,.F.,(4,1,4),(0.,0.0986655316619637,0.203219685002143),
 .UNSPECIFIED.);
#155=B_SPLINE_CURVE_WITH_KNOTS('',3,(#11753,#11754,#11755,#11756,#11757),
 .UNSPECIFIED.,.F.,.F.,(4,1,4),(0.,0.127212280559072,0.234006786572912),
 .UNSPECIFIED.);
#156=B_SPLINE_CURVE_WITH_KNOTS('',3,(#11760,#11761,#11762,#11763,#11764),
 .UNSPECIFIED.,.F.,.F.,(4,1,4),(0.,0.127212280559072,0.234006786572912),
 .UNSPECIFIED.);
#157=B_SPLINE_CURVE_WITH_KNOTS('',3,(#11782,#11783,#11784,#11785,#11786),
 .UNSPECIFIED.,.F.,.F.,(4,1,4),(0.,0.0756279031305968,0.164717808930252),
 .UNSPECIFIED.);
#158=B_SPLINE_CURVE_WITH_KNOTS('',3,(#11789,#11790,#11791,#11792,#11793),
 .UNSPECIFIED.,.F.,.F.,(4,1,4),(0.,0.0756279031305968,0.164717808930252),
 .UNSPECIFIED.);
#159=B_SPLINE_CURVE_WITH_KNOTS('',3,(#11805,#11806,#11807,#11808,#11809),
 .UNSPECIFIED.,.F.,.F.,(4,1,4),(0.,0.0694851046124202,0.138657216411735),
 .UNSPECIFIED.);
#160=B_SPLINE_CURVE_WITH_KNOTS('',3,(#11812,#11813,#11814,#11815,#11816),
 .UNSPECIFIED.,.F.,.F.,(4,1,4),(0.,0.0694851046124202,0.138657216411735),
 .UNSPECIFIED.);
#161=B_SPLINE_CURVE_WITH_KNOTS('',3,(#11828,#11829,#11830,#11831,#11832),
 .UNSPECIFIED.,.F.,.F.,(4,1,4),(0.,0.062369203895081,0.130579249197311),
 .UNSPECIFIED.);
#162=B_SPLINE_CURVE_WITH_KNOTS('',3,(#11835,#11836,#11837,#11838,#11839),
 .UNSPECIFIED.,.F.,.F.,(4,1,4),(0.,0.062369203895081,0.130579249197311),
 .UNSPECIFIED.);
#163=B_SPLINE_CURVE_WITH_KNOTS('',3,(#11851,#11852,#11853,#11854,#11855),
 .UNSPECIFIED.,.F.,.F.,(4,1,4),(0.,0.0689668172043597,0.131551422033942),
 .UNSPECIFIED.);
#164=B_SPLINE_CURVE_WITH_KNOTS('',3,(#11858,#11859,#11860,#11861,#11862),
 .UNSPECIFIED.,.F.,.F.,(4,1,4),(0.,0.0689668172043597,0.131551422033942),
 .UNSPECIFIED.);
#165=B_SPLINE_CURVE_WITH_KNOTS('',3,(#11874,#11875,#11876,#11877,#11878),
 .UNSPECIFIED.,.F.,.F.,(4,1,4),(0.,0.0776635349601862,0.159311722636039),
 .UNSPECIFIED.);
#166=B_SPLINE_CURVE_WITH_KNOTS('',3,(#11881,#11882,#11883,#11884,#11885),
 .UNSPECIFIED.,.F.,.F.,(4,1,4),(0.,0.0776635349601862,0.159311722636039),
 .UNSPECIFIED.);
#167=B_SPLINE_CURVE_WITH_KNOTS('',3,(#11897,#11898,#11899,#11900,#11901),
 .UNSPECIFIED.,.F.,.F.,(4,1,4),(0.,0.103431168483924,0.188387576544803),
 .UNSPECIFIED.);
#168=B_SPLINE_CURVE_WITH_KNOTS('',3,(#11904,#11905,#11906,#11907,#11908),
 .UNSPECIFIED.,.F.,.F.,(4,1,4),(0.,0.103431168483924,0.188387576544803),
 .UNSPECIFIED.);
#169=B_SPLINE_CURVE_WITH_KNOTS('',3,(#11926,#11927,#11928,#11929,#11930),
 .UNSPECIFIED.,.F.,.F.,(4,1,4),(0.,0.0608621260825646,0.134026226876629),
 .UNSPECIFIED.);
#170=B_SPLINE_CURVE_WITH_KNOTS('',3,(#11933,#11934,#11935,#11936,#11937),
 .UNSPECIFIED.,.F.,.F.,(4,1,4),(0.,0.0608621260825646,0.134026226876629),
 .UNSPECIFIED.);
#171=B_SPLINE_CURVE_WITH_KNOTS('',3,(#11949,#11950,#11951,#11952,#11953),
 .UNSPECIFIED.,.F.,.F.,(4,1,4),(0.,0.0803241903365285,0.159437155487671),
 .UNSPECIFIED.);
#172=B_SPLINE_CURVE_WITH_KNOTS('',3,(#11956,#11957,#11958,#11959,#11960),
 .UNSPECIFIED.,.F.,.F.,(4,1,4),(0.,0.0803241903365285,0.159437155487671),
 .UNSPECIFIED.);
#173=B_SPLINE_CURVE_WITH_KNOTS('',3,(#11972,#11973,#11974,#11975,#11976),
 .UNSPECIFIED.,.F.,.F.,(4,1,4),(0.,0.0982906258909705,0.184848997127956),
 .UNSPECIFIED.);
#174=B_SPLINE_CURVE_WITH_KNOTS('',3,(#11979,#11980,#11981,#11982,#11983),
 .UNSPECIFIED.,.F.,.F.,(4,1,4),(0.,0.0982906258909705,0.184848997127956),
 .UNSPECIFIED.);
#175=B_SPLINE_CURVE_WITH_KNOTS('',3,(#11995,#11996,#11997,#11998,#11999),
 .UNSPECIFIED.,.F.,.F.,(4,1,4),(0.,0.0915036539151588,0.195454749166413),
 .UNSPECIFIED.);
#176=B_SPLINE_CURVE_WITH_KNOTS('',3,(#12002,#12003,#12004,#12005,#12006),
 .UNSPECIFIED.,.F.,.F.,(4,1,4),(0.,0.0915036539151588,0.195454749166413),
 .UNSPECIFIED.);
#177=B_SPLINE_CURVE_WITH_KNOTS('',3,(#12018,#12019,#12020,#12021,#12022),
 .UNSPECIFIED.,.F.,.F.,(4,1,4),(0.,0.0837033517643352,0.168424491481868),
 .UNSPECIFIED.);
#178=B_SPLINE_CURVE_WITH_KNOTS('',3,(#12025,#12026,#12027,#12028,#12029),
 .UNSPECIFIED.,.F.,.F.,(4,1,4),(0.,0.0837033517643352,0.168424491481868),
 .UNSPECIFIED.);
#179=B_SPLINE_CURVE_WITH_KNOTS('',3,(#12041,#12042,#12043,#12044,#12045),
 .UNSPECIFIED.,.F.,.F.,(4,1,4),(0.,0.0770497324974498,0.155068026503554),
 .UNSPECIFIED.);
#180=B_SPLINE_CURVE_WITH_KNOTS('',3,(#12048,#12049,#12050,#12051,#12052),
 .UNSPECIFIED.,.F.,.F.,(4,1,4),(0.,0.0770497324974498,0.155068026503554),
 .UNSPECIFIED.);
#181=B_SPLINE_CURVE_WITH_KNOTS('',3,(#12064,#12065,#12066,#12067,#12068),
 .UNSPECIFIED.,.F.,.F.,(4,1,4),(0.,0.0970364277450468,0.180403414903465),
 .UNSPECIFIED.);
#182=B_SPLINE_CURVE_WITH_KNOTS('',3,(#12071,#12072,#12073,#12074,#12075),
 .UNSPECIFIED.,.F.,.F.,(4,1,4),(0.,0.0970364277450468,0.180403414903465),
 .UNSPECIFIED.);
#183=B_SPLINE_CURVE_WITH_KNOTS('',3,(#12092,#12093,#12094,#12095,#12096),
 .UNSPECIFIED.,.F.,.F.,(4,1,4),(0.,0.17172948597234,0.350031245874069),
 .UNSPECIFIED.);
#184=B_SPLINE_CURVE_WITH_KNOTS('',3,(#12097,#12098,#12099,#12100,#12101),
 .UNSPECIFIED.,.F.,.F.,(4,1,4),(0.,0.17172948597234,0.350031245874069),
 .UNSPECIFIED.);
#185=B_SPLINE_CURVE_WITH_KNOTS('',3,(#12184,#12185,#12186,#12187,#12188,
#12189),.UNSPECIFIED.,.F.,.F.,(4,2,4),(0.,0.0500000000000003,0.1),
 .UNSPECIFIED.);
#186=B_SPLINE_CURVE_WITH_KNOTS('',3,(#12191,#12192,#12193,#12194,#12195),
 .UNSPECIFIED.,.F.,.F.,(4,1,4),(0.,0.157453044472415,0.2970619976913),
 .UNSPECIFIED.);
#187=B_SPLINE_CURVE_WITH_KNOTS('',3,(#12198,#12199,#12200,#12201,#12202),
 .UNSPECIFIED.,.F.,.F.,(4,1,4),(0.,0.157453044472415,0.297061997691076),
 .UNSPECIFIED.);
#188=B_SPLINE_CURVE_WITH_KNOTS('',3,(#12207,#12208,#12209,#12210,#12211),
 .UNSPECIFIED.,.F.,.F.,(4,1,4),(0.,0.128957070179174,0.282630943480197),
 .UNSPECIFIED.);
#189=B_SPLINE_CURVE_WITH_KNOTS('',3,(#12215,#12216,#12217,#12218,#12219),
 .UNSPECIFIED.,.F.,.F.,(4,1,4),(0.,0.214205867030097,0.433232694646616),
 .UNSPECIFIED.);
#190=B_SPLINE_CURVE_WITH_KNOTS('',3,(#12236,#12237,#12238,#12239,#12240),
 .UNSPECIFIED.,.F.,.F.,(4,1,4),(0.,0.128957070179174,0.282630943480197),
 .UNSPECIFIED.);
#191=B_SPLINE_CURVE_WITH_KNOTS('',3,(#12257,#12258,#12259,#12260,#12261),
 .UNSPECIFIED.,.F.,.F.,(4,1,4),(0.,0.214205867030097,0.433232694646616),
 .UNSPECIFIED.);
#192=B_SPLINE_SURFACE_WITH_KNOTS('',3,1,((#11066,#11067),(#11068,#11069),
(#11070,#11071),(#11072,#11073),(#11074,#11075)),.UNSPECIFIED.,.F.,.F.,
 .F.,(4,1,4),(2,2),(0.,0.0520951953597008,0.0992746150744557),(0.,0.1),
 .UNSPECIFIED.);
#193=B_SPLINE_SURFACE_WITH_KNOTS('',3,1,((#11092,#11093),(#11094,#11095),
(#11096,#11097),(#11098,#11099),(#11100,#11101)),.UNSPECIFIED.,.F.,.F.,
 .F.,(4,1,4),(2,2),(0.,0.152114093451556,0.239207347199922),(0.,0.1),
 .UNSPECIFIED.);
#194=B_SPLINE_SURFACE_WITH_KNOTS('',3,1,((#11115,#11116),(#11117,#11118),
(#11119,#11120),(#11121,#11122),(#11123,#11124)),.UNSPECIFIED.,.F.,.F.,
 .F.,(4,1,4),(2,2),(0.,0.109212575951912,0.268601974931105),(0.,0.1),
 .UNSPECIFIED.);
#195=B_SPLINE_SURFACE_WITH_KNOTS('',3,1,((#11138,#11139),(#11140,#11141),
(#11142,#11143),(#11144,#11145),(#11146,#11147)),.UNSPECIFIED.,.F.,.F.,
 .F.,(4,1,4),(2,2),(0.,0.104844277261669,0.22430347888794),(0.,0.1),
 .UNSPECIFIED.);
#196=B_SPLINE_SURFACE_WITH_KNOTS('',3,1,((#11161,#11162),(#11163,#11164),
(#11165,#11166),(#11167,#11168),(#11169,#11170)),.UNSPECIFIED.,.F.,.F.,
 .F.,(4,1,4),(2,2),(0.,0.0992820924547518,0.197155715711162),(0.,0.1),
 .UNSPECIFIED.);
#197=B_SPLINE_SURFACE_WITH_KNOTS('',3,1,((#11184,#11185),(#11186,#11187),
(#11188,#11189),(#11190,#11191),(#11192,#11193)),.UNSPECIFIED.,.F.,.F.,
 .F.,(4,1,4),(2,2),(0.,0.164589563641846,0.331093717145686),(0.,0.1),
 .UNSPECIFIED.);
#198=B_SPLINE_SURFACE_WITH_KNOTS('',3,1,((#11207,#11208),(#11209,#11210),
(#11211,#11212),(#11213,#11214),(#11215,#11216)),.UNSPECIFIED.,.F.,.F.,
 .F.,(4,1,4),(2,2),(0.,0.200490000707013,0.375879083693654),(0.,0.1),
 .UNSPECIFIED.);
#199=B_SPLINE_SURFACE_WITH_KNOTS('',3,1,((#11235,#11236),(#11237,#11238),
(#11239,#11240),(#11241,#11242),(#11243,#11244)),.UNSPECIFIED.,.F.,.F.,
 .F.,(4,1,4),(2,2),(0.,0.170570611656433,0.358068579800251),(0.,0.1),
 .UNSPECIFIED.);
#200=B_SPLINE_SURFACE_WITH_KNOTS('',3,1,((#11266,#11267),(#11268,#11269),
(#11270,#11271),(#11272,#11273),(#11274,#11275)),.UNSPECIFIED.,.F.,.F.,
 .F.,(4,1,4),(2,2),(0.,0.210635067020434,0.384778270991105),(0.,0.1),
 .UNSPECIFIED.);
#201=B_SPLINE_SURFACE_WITH_KNOTS('',3,1,((#11295,#11296),(#11297,#11298),
(#11299,#11300),(#11301,#11302),(#11303,#11304)),.UNSPECIFIED.,.F.,.F.,
 .F.,(4,1,4),(2,2),(0.,0.0834465864072959,0.193129951146744),(0.,0.1),
 .UNSPECIFIED.);
#202=B_SPLINE_SURFACE_WITH_KNOTS('',3,1,((#11318,#11319),(#11320,#11321),
(#11322,#11323),(#11324,#11325),(#11326,#11327)),.UNSPECIFIED.,.F.,.F.,
 .F.,(4,1,4),(2,2),(0.,0.0819615204428164,0.156458402498108),(0.,0.1),
 .UNSPECIFIED.);
#203=B_SPLINE_SURFACE_WITH_KNOTS('',3,1,((#11341,#11342),(#11343,#11344),
(#11345,#11346),(#11347,#11348),(#11349,#11350)),.UNSPECIFIED.,.F.,.F.,
 .F.,(4,1,4),(2,2),(0.,0.0727080457425089,0.154944802196702),(0.,0.1),
 .UNSPECIFIED.);
#204=B_SPLINE_SURFACE_WITH_KNOTS('',3,1,((#11364,#11365),(#11366,#11367),
(#11368,#11369),(#11370,#11371),(#11372,#11373)),.UNSPECIFIED.,.F.,.F.,
 .F.,(4,1,4),(2,2),(0.,0.0860282601009611,0.159821671941661),(0.,0.1),
 .UNSPECIFIED.);
#205=B_SPLINE_SURFACE_WITH_KNOTS('',3,1,((#11387,#11388),(#11389,#11390),
(#11391,#11392),(#11393,#11394),(#11395,#11396)),.UNSPECIFIED.,.F.,.F.,
 .F.,(4,1,4),(2,2),(0.,0.0990676359862561,0.187799699192305),(0.,0.1),
 .UNSPECIFIED.);
#206=B_SPLINE_SURFACE_WITH_KNOTS('',3,1,((#11410,#11411),(#11412,#11413),
(#11414,#11415),(#11416,#11417),(#11418,#11419)),.UNSPECIFIED.,.F.,.F.,
 .F.,(4,1,4),(2,2),(0.,0.218345022616365,0.342536754146131),(0.,0.1),
 .UNSPECIFIED.);
#207=B_SPLINE_SURFACE_WITH_KNOTS('',3,1,((#11433,#11434),(#11435,#11436),
(#11437,#11438),(#11439,#11440),(#11441,#11442)),.UNSPECIFIED.,.F.,.F.,
 .F.,(4,1,4),(2,2),(0.,0.199234924349162,0.484567869166945),(0.,0.1),
 .UNSPECIFIED.);
#208=B_SPLINE_SURFACE_WITH_KNOTS('',3,1,((#11456,#11457),(#11458,#11459),
(#11460,#11461),(#11462,#11463),(#11464,#11465)),.UNSPECIFIED.,.F.,.F.,
 .F.,(4,1,4),(2,2),(0.,0.151058836910259,0.305198460727169),(0.,0.1),
 .UNSPECIFIED.);
#209=B_SPLINE_SURFACE_WITH_KNOTS('',3,1,((#11496,#11497),(#11498,#11499),
(#11500,#11501),(#11502,#11503),(#11504,#11505)),.UNSPECIFIED.,.F.,.F.,
 .F.,(4,1,4),(2,2),(0.,0.188510351167178,0.363588436705481),(0.,0.1),
 .UNSPECIFIED.);
#210=B_SPLINE_SURFACE_WITH_KNOTS('',3,1,((#11522,#11523),(#11524,#11525),
(#11526,#11527),(#11528,#11529),(#11530,#11531)),.UNSPECIFIED.,.F.,.F.,
 .F.,(4,1,4),(2,2),(0.,0.19264029972339,0.392905384207424),(0.,0.1),
 .UNSPECIFIED.);
#211=B_SPLINE_SURFACE_WITH_KNOTS('',3,1,((#11545,#11546),(#11547,#11548),
(#11549,#11550),(#11551,#11552),(#11553,#11554)),.UNSPECIFIED.,.F.,.F.,
 .F.,(4,1,4),(2,2),(0.,0.186418041310118,0.374413328605406),(0.,0.1),
 .UNSPECIFIED.);
#212=B_SPLINE_SURFACE_WITH_KNOTS('',3,1,((#11568,#11569),(#11570,#11571),
(#11572,#11573),(#11574,#11575),(#11576,#11577)),.UNSPECIFIED.,.F.,.F.,
 .F.,(4,1,4),(2,2),(0.,0.120938098717329,0.24851676883263),(0.,0.1),
 .UNSPECIFIED.);
#213=B_SPLINE_SURFACE_WITH_KNOTS('',3,1,((#11591,#11592),(#11593,#11594),
(#11595,#11596),(#11597,#11598),(#11599,#11600)),.UNSPECIFIED.,.F.,.F.,
 .F.,(4,1,4),(2,2),(0.,0.124341904348144,0.244249905121869),(0.,0.1),
 .UNSPECIFIED.);
#214=B_SPLINE_SURFACE_WITH_KNOTS('',3,1,((#11614,#11615),(#11616,#11617),
(#11618,#11619),(#11620,#11621),(#11622,#11623)),.UNSPECIFIED.,.F.,.F.,
 .F.,(4,1,4),(2,2),(0.,0.185547477036303,0.398049716976478),(0.,0.1),
 .UNSPECIFIED.);
#215=B_SPLINE_SURFACE_WITH_KNOTS('',3,1,((#11637,#11638),(#11639,#11640),
(#11641,#11642),(#11643,#11644),(#11645,#11646)),.UNSPECIFIED.,.F.,.F.,
 .F.,(4,1,4),(2,2),(0.,0.141750221337859,0.276345887512701),(0.,0.1),
 .UNSPECIFIED.);
#216=B_SPLINE_SURFACE_WITH_KNOTS('',3,1,((#11660,#11661),(#11662,#11663),
(#11664,#11665),(#11666,#11667),(#11668,#11669)),.UNSPECIFIED.,.F.,.F.,
 .F.,(4,1,4),(2,2),(0.,0.193789250657648,0.373857519012051),(0.,0.1),
 .UNSPECIFIED.);
#217=B_SPLINE_SURFACE_WITH_KNOTS('',3,1,((#11688,#11689),(#11690,#11691),
(#11692,#11693),(#11694,#11695),(#11696,#11697)),.UNSPECIFIED.,.F.,.F.,
 .F.,(4,1,4),(2,2),(0.,0.111386623839782,0.2297552089086),(0.,0.1),
 .UNSPECIFIED.);
#218=B_SPLINE_SURFACE_WITH_KNOTS('',3,1,((#11719,#11720),(#11721,#11722),
(#11723,#11724),(#11725,#11726),(#11727,#11728)),.UNSPECIFIED.,.F.,.F.,
 .F.,(4,1,4),(2,2),(0.,0.0986655316619637,0.203219685002143),(0.,0.1),
 .UNSPECIFIED.);
#219=B_SPLINE_SURFACE_WITH_KNOTS('',3,1,((#11742,#11743),(#11744,#11745),
(#11746,#11747),(#11748,#11749),(#11750,#11751)),.UNSPECIFIED.,.F.,.F.,
 .F.,(4,1,4),(2,2),(0.,0.127212280559072,0.234006786572912),(0.,0.1),
 .UNSPECIFIED.);
#220=B_SPLINE_SURFACE_WITH_KNOTS('',3,1,((#11771,#11772),(#11773,#11774),
(#11775,#11776),(#11777,#11778),(#11779,#11780)),.UNSPECIFIED.,.F.,.F.,
 .F.,(4,1,4),(2,2),(0.,0.0756279031305968,0.164717808930252),(0.,0.1),
 .UNSPECIFIED.);
#221=B_SPLINE_SURFACE_WITH_KNOTS('',3,1,((#11794,#11795),(#11796,#11797),
(#11798,#11799),(#11800,#11801),(#11802,#11803)),.UNSPECIFIED.,.F.,.F.,
 .F.,(4,1,4),(2,2),(0.,0.0694851046124202,0.138657216411735),(0.,0.1),
 .UNSPECIFIED.);
#222=B_SPLINE_SURFACE_WITH_KNOTS('',3,1,((#11817,#11818),(#11819,#11820),
(#11821,#11822),(#11823,#11824),(#11825,#11826)),.UNSPECIFIED.,.F.,.F.,
 .F.,(4,1,4),(2,2),(0.,0.062369203895081,0.130579249197311),(0.,0.1),
 .UNSPECIFIED.);
#223=B_SPLINE_SURFACE_WITH_KNOTS('',3,1,((#11840,#11841),(#11842,#11843),
(#11844,#11845),(#11846,#11847),(#11848,#11849)),.UNSPECIFIED.,.F.,.F.,
 .F.,(4,1,4),(2,2),(0.,0.0689668172043597,0.131551422033942),(0.,0.1),
 .UNSPECIFIED.);
#224=B_SPLINE_SURFACE_WITH_KNOTS('',3,1,((#11863,#11864),(#11865,#11866),
(#11867,#11868),(#11869,#11870),(#11871,#11872)),.UNSPECIFIED.,.F.,.F.,
 .F.,(4,1,4),(2,2),(0.,0.0776635349601862,0.159311722636039),(0.,0.1),
 .UNSPECIFIED.);
#225=B_SPLINE_SURFACE_WITH_KNOTS('',3,1,((#11886,#11887),(#11888,#11889),
(#11890,#11891),(#11892,#11893),(#11894,#11895)),.UNSPECIFIED.,.F.,.F.,
 .F.,(4,1,4),(2,2),(0.,0.103431168483924,0.188387576544803),(0.,0.1),
 .UNSPECIFIED.);
#226=B_SPLINE_SURFACE_WITH_KNOTS('',3,1,((#11915,#11916),(#11917,#11918),
(#11919,#11920),(#11921,#11922),(#11923,#11924)),.UNSPECIFIED.,.F.,.F.,
 .F.,(4,1,4),(2,2),(0.,0.0608621260825646,0.134026226876629),(0.,0.1),
 .UNSPECIFIED.);
#227=B_SPLINE_SURFACE_WITH_KNOTS('',3,1,((#11938,#11939),(#11940,#11941),
(#11942,#11943),(#11944,#11945),(#11946,#11947)),.UNSPECIFIED.,.F.,.F.,
 .F.,(4,1,4),(2,2),(0.,0.0803241903365285,0.159437155487671),(0.,0.1),
 .UNSPECIFIED.);
#228=B_SPLINE_SURFACE_WITH_KNOTS('',3,1,((#11961,#11962),(#11963,#11964),
(#11965,#11966),(#11967,#11968),(#11969,#11970)),.UNSPECIFIED.,.F.,.F.,
 .F.,(4,1,4),(2,2),(0.,0.0982906258909705,0.184848997127956),(0.,0.1),
 .UNSPECIFIED.);
#229=B_SPLINE_SURFACE_WITH_KNOTS('',3,1,((#11984,#11985),(#11986,#11987),
(#11988,#11989),(#11990,#11991),(#11992,#11993)),.UNSPECIFIED.,.F.,.F.,
 .F.,(4,1,4),(2,2),(0.,0.0915036539151588,0.195454749166413),(0.,0.1),
 .UNSPECIFIED.);
#230=B_SPLINE_SURFACE_WITH_KNOTS('',3,1,((#12007,#12008),(#12009,#12010),
(#12011,#12012),(#12013,#12014),(#12015,#12016)),.UNSPECIFIED.,.F.,.F.,
 .F.,(4,1,4),(2,2),(0.,0.0837033517643352,0.168424491481868),(0.,0.1),
 .UNSPECIFIED.);
#231=B_SPLINE_SURFACE_WITH_KNOTS('',3,1,((#12030,#12031),(#12032,#12033),
(#12034,#12035),(#12036,#12037),(#12038,#12039)),.UNSPECIFIED.,.F.,.F.,
 .F.,(4,1,4),(2,2),(0.,0.0770497324974498,0.155068026503554),(0.,0.1),
 .UNSPECIFIED.);
#232=B_SPLINE_SURFACE_WITH_KNOTS('',3,1,((#12053,#12054),(#12055,#12056),
(#12057,#12058),(#12059,#12060),(#12061,#12062)),.UNSPECIFIED.,.F.,.F.,
 .F.,(4,1,4),(2,2),(0.,0.0970364277450468,0.180403414903465),(0.,0.1),
 .UNSPECIFIED.);
#233=B_SPLINE_SURFACE_WITH_KNOTS('',3,1,((#12082,#12083),(#12084,#12085),
(#12086,#12087),(#12088,#12089),(#12090,#12091)),.UNSPECIFIED.,.F.,.F.,
 .F.,(4,1,4),(2,2),(0.,0.17172948597234,0.350031245874069),(0.,0.1),
 .UNSPECIFIED.);
#234=B_SPLINE_SURFACE_WITH_KNOTS('',3,1,((#12172,#12173),(#12174,#12175),
(#12176,#12177),(#12178,#12179),(#12180,#12181)),.UNSPECIFIED.,.F.,.F.,
 .F.,(4,1,4),(2,2),(0.,0.157453044472415,0.303736339563913),(0.,0.1),
 .UNSPECIFIED.);
#235=B_SPLINE_SURFACE_WITH_KNOTS('',3,1,((#12225,#12226),(#12227,#12228),
(#12229,#12230),(#12231,#12232),(#12233,#12234)),.UNSPECIFIED.,.F.,.F.,
 .F.,(4,1,4),(2,2),(0.,0.128957070179174,0.282630943480197),(0.,0.1),
 .UNSPECIFIED.);
#236=B_SPLINE_SURFACE_WITH_KNOTS('',3,1,((#12246,#12247),(#12248,#12249),
(#12250,#12251),(#12252,#12253),(#12254,#12255)),.UNSPECIFIED.,.F.,.F.,
 .F.,(4,1,4),(2,2),(0.,0.214205867030097,0.433232694646616),(0.,0.1),
 .UNSPECIFIED.);
#237=FACE_BOUND('',#1057,.T.);
#238=FACE_BOUND('',#1147,.T.);
#239=FACE_BOUND('',#1174,.T.);
#240=FACE_BOUND('',#1175,.T.);
#241=FACE_BOUND('',#1199,.T.);
#242=FACE_BOUND('',#1226,.T.);
#243=FACE_BOUND('',#1296,.T.);
#244=FACE_BOUND('',#1319,.T.);
#245=FACE_BOUND('',#1320,.T.);
#246=FACE_BOUND('',#1321,.T.);
#247=FACE_BOUND('',#1322,.T.);
#248=FACE_BOUND('',#1323,.T.);
#249=FACE_BOUND('',#1324,.T.);
#250=FACE_BOUND('',#1325,.T.);
#251=FACE_BOUND('',#1326,.T.);
#252=FACE_BOUND('',#1327,.T.);
#253=FACE_BOUND('',#1328,.T.);
#254=FACE_BOUND('',#1329,.T.);
#255=FACE_BOUND('',#1330,.T.);
#256=FACE_BOUND('',#1331,.T.);
#257=FACE_BOUND('',#1332,.T.);
#258=FACE_BOUND('',#1333,.T.);
#259=FACE_BOUND('',#1334,.T.);
#260=FACE_BOUND('',#1335,.T.);
#261=FACE_BOUND('',#1337,.T.);
#262=FACE_BOUND('',#1338,.T.);
#263=FACE_BOUND('',#1339,.T.);
#264=FACE_BOUND('',#1340,.T.);
#265=FACE_BOUND('',#1341,.T.);
#266=FACE_BOUND('',#1345,.T.);
#267=FACE_BOUND('',#1347,.T.);
#268=FACE_BOUND('',#1349,.T.);
#269=FACE_BOUND('',#1351,.T.);
#270=FACE_BOUND('',#1353,.T.);
#271=FACE_BOUND('',#1355,.T.);
#272=FACE_BOUND('',#1356,.T.);
#273=FACE_BOUND('',#1357,.T.);
#274=FACE_BOUND('',#1358,.T.);
#275=FACE_BOUND('',#1361,.T.);
#276=FACE_BOUND('',#1362,.T.);
#277=FACE_BOUND('',#1363,.T.);
#278=FACE_BOUND('',#1364,.T.);
#279=FACE_BOUND('',#1365,.T.);
#280=FACE_BOUND('',#1367,.T.);
#281=FACE_BOUND('',#1368,.T.);
#282=FACE_BOUND('',#1369,.T.);
#283=FACE_BOUND('',#1370,.T.);
#284=FACE_BOUND('',#1371,.T.);
#285=FACE_BOUND('',#1374,.T.);
#286=FACE_BOUND('',#1375,.T.);
#287=FACE_BOUND('',#1376,.T.);
#288=FACE_BOUND('',#1377,.T.);
#289=FACE_BOUND('',#1379,.T.);
#290=FACE_BOUND('',#1380,.T.);
#291=FACE_BOUND('',#1381,.T.);
#292=FACE_BOUND('',#1382,.T.);
#293=FACE_BOUND('',#1383,.T.);
#294=FACE_BOUND('',#1388,.T.);
#295=FACE_BOUND('',#1394,.T.);
#296=FACE_BOUND('',#1400,.T.);
#297=(
BOUNDED_CURVE()
B_SPLINE_CURVE(3,(#8373,#8374,#8375,#8376),.UNSPECIFIED.,.F.,.F.)
B_SPLINE_CURVE_WITH_KNOTS((4,4),(0.,1.),.UNSPECIFIED.)
CURVE()
GEOMETRIC_REPRESENTATION_ITEM()
RATIONAL_B_SPLINE_CURVE((1.,1.,1.,1.))
REPRESENTATION_ITEM('')
);
#298=(
BOUNDED_CURVE()
B_SPLINE_CURVE(3,(#8380,#8381,#8382,#8383),.UNSPECIFIED.,.F.,.F.)
B_SPLINE_CURVE_WITH_KNOTS((4,4),(0.,1.),.UNSPECIFIED.)
CURVE()
GEOMETRIC_REPRESENTATION_ITEM()
RATIONAL_B_SPLINE_CURVE((1.,1.,1.,1.))
REPRESENTATION_ITEM('')
);
#299=(
BOUNDED_CURVE()
B_SPLINE_CURVE(3,(#8394,#8395,#8396,#8397),.UNSPECIFIED.,.F.,.F.)
B_SPLINE_CURVE_WITH_KNOTS((4,4),(0.,1.),.UNSPECIFIED.)
CURVE()
GEOMETRIC_REPRESENTATION_ITEM()
RATIONAL_B_SPLINE_CURVE((1.,1.,1.,1.))
REPRESENTATION_ITEM('')
);
#300=(
BOUNDED_CURVE()
B_SPLINE_CURVE(3,(#8400,#8401,#8402,#8403),.UNSPECIFIED.,.F.,.F.)
B_SPLINE_CURVE_WITH_KNOTS((4,4),(0.,1.),.UNSPECIFIED.)
CURVE()
GEOMETRIC_REPRESENTATION_ITEM()
RATIONAL_B_SPLINE_CURVE((1.,1.,1.,1.))
REPRESENTATION_ITEM('')
);
#301=(
BOUNDED_CURVE()
B_SPLINE_CURVE(3,(#8412,#8413,#8414,#8415),.UNSPECIFIED.,.F.,.F.)
B_SPLINE_CURVE_WITH_KNOTS((4,4),(0.,1.),.UNSPECIFIED.)
CURVE()
GEOMETRIC_REPRESENTATION_ITEM()
RATIONAL_B_SPLINE_CURVE((1.,1.,1.,1.))
REPRESENTATION_ITEM('')
);
#302=(
BOUNDED_CURVE()
B_SPLINE_CURVE(3,(#8416,#8417,#8418,#8419),.UNSPECIFIED.,.F.,.F.)
B_SPLINE_CURVE_WITH_KNOTS((4,4),(0.,1.),.UNSPECIFIED.)
CURVE()
GEOMETRIC_REPRESENTATION_ITEM()
RATIONAL_B_SPLINE_CURVE((1.,1.,1.,1.))
REPRESENTATION_ITEM('')
);
#303=(
BOUNDED_CURVE()
B_SPLINE_CURVE(3,(#8430,#8431,#8432,#8433),.UNSPECIFIED.,.F.,.F.)
B_SPLINE_CURVE_WITH_KNOTS((4,4),(0.,1.),.UNSPECIFIED.)
CURVE()
GEOMETRIC_REPRESENTATION_ITEM()
RATIONAL_B_SPLINE_CURVE((1.,1.,1.,1.))
REPRESENTATION_ITEM('')
);
#304=(
BOUNDED_CURVE()
B_SPLINE_CURVE(3,(#8437,#8438,#8439,#8440),.UNSPECIFIED.,.F.,.F.)
B_SPLINE_CURVE_WITH_KNOTS((4,4),(0.,1.),.UNSPECIFIED.)
CURVE()
GEOMETRIC_REPRESENTATION_ITEM()
RATIONAL_B_SPLINE_CURVE((1.,1.,1.,1.))
REPRESENTATION_ITEM('')
);
#305=(
BOUNDED_CURVE()
B_SPLINE_CURVE(3,(#8451,#8452,#8453,#8454),.UNSPECIFIED.,.F.,.F.)
B_SPLINE_CURVE_WITH_KNOTS((4,4),(0.,1.),.UNSPECIFIED.)
CURVE()
GEOMETRIC_REPRESENTATION_ITEM()
RATIONAL_B_SPLINE_CURVE((1.,1.,1.,1.))
REPRESENTATION_ITEM('')
);
#306=(
BOUNDED_CURVE()
B_SPLINE_CURVE(3,(#8457,#8458,#8459,#8460),.UNSPECIFIED.,.F.,.F.)
B_SPLINE_CURVE_WITH_KNOTS((4,4),(0.,1.),.UNSPECIFIED.)
CURVE()
GEOMETRIC_REPRESENTATION_ITEM()
RATIONAL_B_SPLINE_CURVE((1.,1.,1.,1.))
REPRESENTATION_ITEM('')
);
#307=(
BOUNDED_CURVE()
B_SPLINE_CURVE(3,(#8470,#8471,#8472,#8473),.UNSPECIFIED.,.F.,.F.)
B_SPLINE_CURVE_WITH_KNOTS((4,4),(0.,1.),.UNSPECIFIED.)
CURVE()
GEOMETRIC_REPRESENTATION_ITEM()
RATIONAL_B_SPLINE_CURVE((1.,1.,1.,1.))
REPRESENTATION_ITEM('')
);
#308=(
BOUNDED_CURVE()
B_SPLINE_CURVE(3,(#8476,#8477,#8478,#8479),.UNSPECIFIED.,.F.,.F.)
B_SPLINE_CURVE_WITH_KNOTS((4,4),(0.,1.),.UNSPECIFIED.)
CURVE()
GEOMETRIC_REPRESENTATION_ITEM()
RATIONAL_B_SPLINE_CURVE((1.,1.,1.,1.))
REPRESENTATION_ITEM('')
);
#309=(
BOUNDED_CURVE()
B_SPLINE_CURVE(3,(#8489,#8490,#8491,#8492),.UNSPECIFIED.,.F.,.F.)
B_SPLINE_CURVE_WITH_KNOTS((4,4),(0.,1.),.UNSPECIFIED.)
CURVE()
GEOMETRIC_REPRESENTATION_ITEM()
RATIONAL_B_SPLINE_CURVE((1.,1.,1.,1.))
REPRESENTATION_ITEM('')
);
#310=(
BOUNDED_CURVE()
B_SPLINE_CURVE(3,(#8495,#8496,#8497,#8498),.UNSPECIFIED.,.F.,.F.)
B_SPLINE_CURVE_WITH_KNOTS((4,4),(0.,1.),.UNSPECIFIED.)
CURVE()
GEOMETRIC_REPRESENTATION_ITEM()
RATIONAL_B_SPLINE_CURVE((1.,1.,1.,1.))
REPRESENTATION_ITEM('')
);
#311=(
BOUNDED_CURVE()
B_SPLINE_CURVE(3,(#8508,#8509,#8510,#8511),.UNSPECIFIED.,.F.,.F.)
B_SPLINE_CURVE_WITH_KNOTS((4,4),(0.,1.),.UNSPECIFIED.)
CURVE()
GEOMETRIC_REPRESENTATION_ITEM()
RATIONAL_B_SPLINE_CURVE((1.,1.,1.,1.))
REPRESENTATION_ITEM('')
);
#312=(
BOUNDED_CURVE()
B_SPLINE_CURVE(3,(#8514,#8515,#8516,#8517),.UNSPECIFIED.,.F.,.F.)
B_SPLINE_CURVE_WITH_KNOTS((4,4),(0.,1.),.UNSPECIFIED.)
CURVE()
GEOMETRIC_REPRESENTATION_ITEM()
RATIONAL_B_SPLINE_CURVE((1.,1.,1.,1.))
REPRESENTATION_ITEM('')
);
#313=(
BOUNDED_CURVE()
B_SPLINE_CURVE(3,(#8527,#8528,#8529,#8530),.UNSPECIFIED.,.F.,.F.)
B_SPLINE_CURVE_WITH_KNOTS((4,4),(0.,1.),.UNSPECIFIED.)
CURVE()
GEOMETRIC_REPRESENTATION_ITEM()
RATIONAL_B_SPLINE_CURVE((1.,1.,1.,1.))
REPRESENTATION_ITEM('')
);
#314=(
BOUNDED_CURVE()
B_SPLINE_CURVE(3,(#8533,#8534,#8535,#8536),.UNSPECIFIED.,.F.,.F.)
B_SPLINE_CURVE_WITH_KNOTS((4,4),(0.,1.),.UNSPECIFIED.)
CURVE()
GEOMETRIC_REPRESENTATION_ITEM()
RATIONAL_B_SPLINE_CURVE((1.,1.,1.,1.))
REPRESENTATION_ITEM('')
);
#315=(
BOUNDED_CURVE()
B_SPLINE_CURVE(3,(#8546,#8547,#8548,#8549),.UNSPECIFIED.,.F.,.F.)
B_SPLINE_CURVE_WITH_KNOTS((4,4),(0.,1.),.UNSPECIFIED.)
CURVE()
GEOMETRIC_REPRESENTATION_ITEM()
RATIONAL_B_SPLINE_CURVE((1.,1.,1.,1.))
REPRESENTATION_ITEM('')
);
#316=(
BOUNDED_CURVE()
B_SPLINE_CURVE(3,(#8552,#8553,#8554,#8555),.UNSPECIFIED.,.F.,.F.)
B_SPLINE_CURVE_WITH_KNOTS((4,4),(0.,1.),.UNSPECIFIED.)
CURVE()
GEOMETRIC_REPRESENTATION_ITEM()
RATIONAL_B_SPLINE_CURVE((1.,1.,1.,1.))
REPRESENTATION_ITEM('')
);
#317=(
BOUNDED_CURVE()
B_SPLINE_CURVE(3,(#8565,#8566,#8567,#8568),.UNSPECIFIED.,.F.,.F.)
B_SPLINE_CURVE_WITH_KNOTS((4,4),(0.,1.),.UNSPECIFIED.)
CURVE()
GEOMETRIC_REPRESENTATION_ITEM()
RATIONAL_B_SPLINE_CURVE((1.,1.,1.,1.))
REPRESENTATION_ITEM('')
);
#318=(
BOUNDED_CURVE()
B_SPLINE_CURVE(3,(#8571,#8572,#8573,#8574),.UNSPECIFIED.,.F.,.F.)
B_SPLINE_CURVE_WITH_KNOTS((4,4),(0.,1.),.UNSPECIFIED.)
CURVE()
GEOMETRIC_REPRESENTATION_ITEM()
RATIONAL_B_SPLINE_CURVE((1.,1.,1.,1.))
REPRESENTATION_ITEM('')
);
#319=(
BOUNDED_CURVE()
B_SPLINE_CURVE(3,(#8584,#8585,#8586,#8587),.UNSPECIFIED.,.F.,.F.)
B_SPLINE_CURVE_WITH_KNOTS((4,4),(0.,1.),.UNSPECIFIED.)
CURVE()
GEOMETRIC_REPRESENTATION_ITEM()
RATIONAL_B_SPLINE_CURVE((1.,1.,1.,1.))
REPRESENTATION_ITEM('')
);
#320=(
BOUNDED_CURVE()
B_SPLINE_CURVE(3,(#8590,#8591,#8592,#8593),.UNSPECIFIED.,.F.,.F.)
B_SPLINE_CURVE_WITH_KNOTS((4,4),(0.,1.),.UNSPECIFIED.)
CURVE()
GEOMETRIC_REPRESENTATION_ITEM()
RATIONAL_B_SPLINE_CURVE((1.,1.,1.,1.))
REPRESENTATION_ITEM('')
);
#321=(
BOUNDED_CURVE()
B_SPLINE_CURVE(3,(#8603,#8604,#8605,#8606),.UNSPECIFIED.,.F.,.F.)
B_SPLINE_CURVE_WITH_KNOTS((4,4),(0.,1.),.UNSPECIFIED.)
CURVE()
GEOMETRIC_REPRESENTATION_ITEM()
RATIONAL_B_SPLINE_CURVE((1.,1.,1.,1.))
REPRESENTATION_ITEM('')
);
#322=(
BOUNDED_CURVE()
B_SPLINE_CURVE(3,(#8609,#8610,#8611,#8612),.UNSPECIFIED.,.F.,.F.)
B_SPLINE_CURVE_WITH_KNOTS((4,4),(0.,1.),.UNSPECIFIED.)
CURVE()
GEOMETRIC_REPRESENTATION_ITEM()
RATIONAL_B_SPLINE_CURVE((1.,1.,1.,1.))
REPRESENTATION_ITEM('')
);
#323=(
BOUNDED_CURVE()
B_SPLINE_CURVE(3,(#8622,#8623,#8624,#8625),.UNSPECIFIED.,.F.,.F.)
B_SPLINE_CURVE_WITH_KNOTS((4,4),(0.,1.),.UNSPECIFIED.)
CURVE()
GEOMETRIC_REPRESENTATION_ITEM()
RATIONAL_B_SPLINE_CURVE((1.,1.,1.,1.))
REPRESENTATION_ITEM('')
);
#324=(
BOUNDED_CURVE()
B_SPLINE_CURVE(3,(#8628,#8629,#8630,#8631),.UNSPECIFIED.,.F.,.F.)
B_SPLINE_CURVE_WITH_KNOTS((4,4),(0.,1.),.UNSPECIFIED.)
CURVE()
GEOMETRIC_REPRESENTATION_ITEM()
RATIONAL_B_SPLINE_CURVE((1.,1.,1.,1.))
REPRESENTATION_ITEM('')
);
#325=(
BOUNDED_CURVE()
B_SPLINE_CURVE(3,(#8641,#8642,#8643,#8644),.UNSPECIFIED.,.F.,.F.)
B_SPLINE_CURVE_WITH_KNOTS((4,4),(0.,1.),.UNSPECIFIED.)
CURVE()
GEOMETRIC_REPRESENTATION_ITEM()
RATIONAL_B_SPLINE_CURVE((1.,1.,1.,1.))
REPRESENTATION_ITEM('')
);
#326=(
BOUNDED_CURVE()
B_SPLINE_CURVE(3,(#8647,#8648,#8649,#8650),.UNSPECIFIED.,.F.,.F.)
B_SPLINE_CURVE_WITH_KNOTS((4,4),(0.,1.),.UNSPECIFIED.)
CURVE()
GEOMETRIC_REPRESENTATION_ITEM()
RATIONAL_B_SPLINE_CURVE((1.,1.,1.,1.))
REPRESENTATION_ITEM('')
);
#327=(
BOUNDED_CURVE()
B_SPLINE_CURVE(3,(#8660,#8661,#8662,#8663),.UNSPECIFIED.,.F.,.F.)
B_SPLINE_CURVE_WITH_KNOTS((4,4),(0.,1.),.UNSPECIFIED.)
CURVE()
GEOMETRIC_REPRESENTATION_ITEM()
RATIONAL_B_SPLINE_CURVE((1.,1.,1.,1.))
REPRESENTATION_ITEM('')
);
#328=(
BOUNDED_CURVE()
B_SPLINE_CURVE(3,(#8666,#8667,#8668,#8669),.UNSPECIFIED.,.F.,.F.)
B_SPLINE_CURVE_WITH_KNOTS((4,4),(0.,1.),.UNSPECIFIED.)
CURVE()
GEOMETRIC_REPRESENTATION_ITEM()
RATIONAL_B_SPLINE_CURVE((1.,1.,1.,1.))
REPRESENTATION_ITEM('')
);
#329=(
BOUNDED_CURVE()
B_SPLINE_CURVE(3,(#8679,#8680,#8681,#8682),.UNSPECIFIED.,.F.,.F.)
B_SPLINE_CURVE_WITH_KNOTS((4,4),(0.,1.),.UNSPECIFIED.)
CURVE()
GEOMETRIC_REPRESENTATION_ITEM()
RATIONAL_B_SPLINE_CURVE((1.,1.,1.,1.))
REPRESENTATION_ITEM('')
);
#330=(
BOUNDED_CURVE()
B_SPLINE_CURVE(3,(#8685,#8686,#8687,#8688),.UNSPECIFIED.,.F.,.F.)
B_SPLINE_CURVE_WITH_KNOTS((4,4),(0.,1.),.UNSPECIFIED.)
CURVE()
GEOMETRIC_REPRESENTATION_ITEM()
RATIONAL_B_SPLINE_CURVE((1.,1.,1.,1.))
REPRESENTATION_ITEM('')
);
#331=(
BOUNDED_CURVE()
B_SPLINE_CURVE(3,(#8698,#8699,#8700,#8701),.UNSPECIFIED.,.F.,.F.)
B_SPLINE_CURVE_WITH_KNOTS((4,4),(0.,1.),.UNSPECIFIED.)
CURVE()
GEOMETRIC_REPRESENTATION_ITEM()
RATIONAL_B_SPLINE_CURVE((1.,1.,1.,1.))
REPRESENTATION_ITEM('')
);
#332=(
BOUNDED_CURVE()
B_SPLINE_CURVE(3,(#8704,#8705,#8706,#8707),.UNSPECIFIED.,.F.,.F.)
B_SPLINE_CURVE_WITH_KNOTS((4,4),(0.,1.),.UNSPECIFIED.)
CURVE()
GEOMETRIC_REPRESENTATION_ITEM()
RATIONAL_B_SPLINE_CURVE((1.,1.,1.,1.))
REPRESENTATION_ITEM('')
);
#333=(
BOUNDED_CURVE()
B_SPLINE_CURVE(3,(#8717,#8718,#8719,#8720),.UNSPECIFIED.,.F.,.F.)
B_SPLINE_CURVE_WITH_KNOTS((4,4),(0.,1.),.UNSPECIFIED.)
CURVE()
GEOMETRIC_REPRESENTATION_ITEM()
RATIONAL_B_SPLINE_CURVE((1.,1.,1.,1.))
REPRESENTATION_ITEM('')
);
#334=(
BOUNDED_CURVE()
B_SPLINE_CURVE(3,(#8723,#8724,#8725,#8726),.UNSPECIFIED.,.F.,.F.)
B_SPLINE_CURVE_WITH_KNOTS((4,4),(0.,1.),.UNSPECIFIED.)
CURVE()
GEOMETRIC_REPRESENTATION_ITEM()
RATIONAL_B_SPLINE_CURVE((1.,1.,1.,1.))
REPRESENTATION_ITEM('')
);
#335=(
BOUNDED_CURVE()
B_SPLINE_CURVE(3,(#8736,#8737,#8738,#8739),.UNSPECIFIED.,.F.,.F.)
B_SPLINE_CURVE_WITH_KNOTS((4,4),(0.,1.),.UNSPECIFIED.)
CURVE()
GEOMETRIC_REPRESENTATION_ITEM()
RATIONAL_B_SPLINE_CURVE((1.,1.,1.,1.))
REPRESENTATION_ITEM('')
);
#336=(
BOUNDED_CURVE()
B_SPLINE_CURVE(3,(#8742,#8743,#8744,#8745),.UNSPECIFIED.,.F.,.F.)
B_SPLINE_CURVE_WITH_KNOTS((4,4),(0.,1.),.UNSPECIFIED.)
CURVE()
GEOMETRIC_REPRESENTATION_ITEM()
RATIONAL_B_SPLINE_CURVE((1.,1.,1.,1.))
REPRESENTATION_ITEM('')
);
#337=(
BOUNDED_CURVE()
B_SPLINE_CURVE(3,(#8755,#8756,#8757,#8758),.UNSPECIFIED.,.F.,.F.)
B_SPLINE_CURVE_WITH_KNOTS((4,4),(0.,1.),.UNSPECIFIED.)
CURVE()
GEOMETRIC_REPRESENTATION_ITEM()
RATIONAL_B_SPLINE_CURVE((1.,1.,1.,1.))
REPRESENTATION_ITEM('')
);
#338=(
BOUNDED_CURVE()
B_SPLINE_CURVE(3,(#8761,#8762,#8763,#8764),.UNSPECIFIED.,.F.,.F.)
B_SPLINE_CURVE_WITH_KNOTS((4,4),(0.,1.),.UNSPECIFIED.)
CURVE()
GEOMETRIC_REPRESENTATION_ITEM()
RATIONAL_B_SPLINE_CURVE((1.,1.,1.,1.))
REPRESENTATION_ITEM('')
);
#339=(
BOUNDED_CURVE()
B_SPLINE_CURVE(3,(#8774,#8775,#8776,#8777),.UNSPECIFIED.,.F.,.F.)
B_SPLINE_CURVE_WITH_KNOTS((4,4),(0.,1.),.UNSPECIFIED.)
CURVE()
GEOMETRIC_REPRESENTATION_ITEM()
RATIONAL_B_SPLINE_CURVE((1.,1.,1.,1.))
REPRESENTATION_ITEM('')
);
#340=(
BOUNDED_CURVE()
B_SPLINE_CURVE(3,(#8780,#8781,#8782,#8783),.UNSPECIFIED.,.F.,.F.)
B_SPLINE_CURVE_WITH_KNOTS((4,4),(0.,1.),.UNSPECIFIED.)
CURVE()
GEOMETRIC_REPRESENTATION_ITEM()
RATIONAL_B_SPLINE_CURVE((1.,1.,1.,1.))
REPRESENTATION_ITEM('')
);
#341=(
BOUNDED_CURVE()
B_SPLINE_CURVE(3,(#8793,#8794,#8795,#8796),.UNSPECIFIED.,.F.,.F.)
B_SPLINE_CURVE_WITH_KNOTS((4,4),(0.,1.),.UNSPECIFIED.)
CURVE()
GEOMETRIC_REPRESENTATION_ITEM()
RATIONAL_B_SPLINE_CURVE((1.,1.,1.,1.))
REPRESENTATION_ITEM('')
);
#342=(
BOUNDED_CURVE()
B_SPLINE_CURVE(3,(#8799,#8800,#8801,#8802),.UNSPECIFIED.,.F.,.F.)
B_SPLINE_CURVE_WITH_KNOTS((4,4),(0.,1.),.UNSPECIFIED.)
CURVE()
GEOMETRIC_REPRESENTATION_ITEM()
RATIONAL_B_SPLINE_CURVE((1.,1.,1.,1.))
REPRESENTATION_ITEM('')
);
#343=(
BOUNDED_CURVE()
B_SPLINE_CURVE(3,(#8812,#8813,#8814,#8815),.UNSPECIFIED.,.F.,.F.)
B_SPLINE_CURVE_WITH_KNOTS((4,4),(0.,1.),.UNSPECIFIED.)
CURVE()
GEOMETRIC_REPRESENTATION_ITEM()
RATIONAL_B_SPLINE_CURVE((1.,1.,1.,1.))
REPRESENTATION_ITEM('')
);
#344=(
BOUNDED_CURVE()
B_SPLINE_CURVE(3,(#8818,#8819,#8820,#8821),.UNSPECIFIED.,.F.,.F.)
B_SPLINE_CURVE_WITH_KNOTS((4,4),(0.,1.),.UNSPECIFIED.)
CURVE()
GEOMETRIC_REPRESENTATION_ITEM()
RATIONAL_B_SPLINE_CURVE((1.,1.,1.,1.))
REPRESENTATION_ITEM('')
);
#345=(
BOUNDED_CURVE()
B_SPLINE_CURVE(3,(#8831,#8832,#8833,#8834),.UNSPECIFIED.,.F.,.F.)
B_SPLINE_CURVE_WITH_KNOTS((4,4),(0.,1.),.UNSPECIFIED.)
CURVE()
GEOMETRIC_REPRESENTATION_ITEM()
RATIONAL_B_SPLINE_CURVE((1.,1.,1.,1.))
REPRESENTATION_ITEM('')
);
#346=(
BOUNDED_CURVE()
B_SPLINE_CURVE(3,(#8837,#8838,#8839,#8840),.UNSPECIFIED.,.F.,.F.)
B_SPLINE_CURVE_WITH_KNOTS((4,4),(0.,1.),.UNSPECIFIED.)
CURVE()
GEOMETRIC_REPRESENTATION_ITEM()
RATIONAL_B_SPLINE_CURVE((1.,1.,1.,1.))
REPRESENTATION_ITEM('')
);
#347=(
BOUNDED_CURVE()
B_SPLINE_CURVE(3,(#8850,#8851,#8852,#8853),.UNSPECIFIED.,.F.,.F.)
B_SPLINE_CURVE_WITH_KNOTS((4,4),(0.,1.),.UNSPECIFIED.)
CURVE()
GEOMETRIC_REPRESENTATION_ITEM()
RATIONAL_B_SPLINE_CURVE((1.,1.,1.,1.))
REPRESENTATION_ITEM('')
);
#348=(
BOUNDED_CURVE()
B_SPLINE_CURVE(3,(#8856,#8857,#8858,#8859),.UNSPECIFIED.,.F.,.F.)
B_SPLINE_CURVE_WITH_KNOTS((4,4),(0.,1.),.UNSPECIFIED.)
CURVE()
GEOMETRIC_REPRESENTATION_ITEM()
RATIONAL_B_SPLINE_CURVE((1.,1.,1.,1.))
REPRESENTATION_ITEM('')
);
#349=(
BOUNDED_CURVE()
B_SPLINE_CURVE(3,(#8869,#8870,#8871,#8872),.UNSPECIFIED.,.F.,.F.)
B_SPLINE_CURVE_WITH_KNOTS((4,4),(0.,1.),.UNSPECIFIED.)
CURVE()
GEOMETRIC_REPRESENTATION_ITEM()
RATIONAL_B_SPLINE_CURVE((1.,1.,1.,1.))
REPRESENTATION_ITEM('')
);
#350=(
BOUNDED_CURVE()
B_SPLINE_CURVE(3,(#8875,#8876,#8877,#8878),.UNSPECIFIED.,.F.,.F.)
B_SPLINE_CURVE_WITH_KNOTS((4,4),(0.,1.),.UNSPECIFIED.)
CURVE()
GEOMETRIC_REPRESENTATION_ITEM()
RATIONAL_B_SPLINE_CURVE((1.,1.,1.,1.))
REPRESENTATION_ITEM('')
);
#351=(
BOUNDED_CURVE()
B_SPLINE_CURVE(3,(#8888,#8889,#8890,#8891),.UNSPECIFIED.,.F.,.F.)
B_SPLINE_CURVE_WITH_KNOTS((4,4),(0.,1.),.UNSPECIFIED.)
CURVE()
GEOMETRIC_REPRESENTATION_ITEM()
RATIONAL_B_SPLINE_CURVE((1.,1.,1.,1.))
REPRESENTATION_ITEM('')
);
#352=(
BOUNDED_CURVE()
B_SPLINE_CURVE(3,(#8894,#8895,#8896,#8897),.UNSPECIFIED.,.F.,.F.)
B_SPLINE_CURVE_WITH_KNOTS((4,4),(0.,1.),.UNSPECIFIED.)
CURVE()
GEOMETRIC_REPRESENTATION_ITEM()
RATIONAL_B_SPLINE_CURVE((1.,1.,1.,1.))
REPRESENTATION_ITEM('')
);
#353=(
BOUNDED_CURVE()
B_SPLINE_CURVE(3,(#8907,#8908,#8909,#8910),.UNSPECIFIED.,.F.,.F.)
B_SPLINE_CURVE_WITH_KNOTS((4,4),(0.,1.),.UNSPECIFIED.)
CURVE()
GEOMETRIC_REPRESENTATION_ITEM()
RATIONAL_B_SPLINE_CURVE((1.,1.,1.,1.))
REPRESENTATION_ITEM('')
);
#354=(
BOUNDED_CURVE()
B_SPLINE_CURVE(3,(#8913,#8914,#8915,#8916),.UNSPECIFIED.,.F.,.F.)
B_SPLINE_CURVE_WITH_KNOTS((4,4),(0.,1.),.UNSPECIFIED.)
CURVE()
GEOMETRIC_REPRESENTATION_ITEM()
RATIONAL_B_SPLINE_CURVE((1.,1.,1.,1.))
REPRESENTATION_ITEM('')
);
#355=(
BOUNDED_CURVE()
B_SPLINE_CURVE(3,(#8926,#8927,#8928,#8929),.UNSPECIFIED.,.F.,.F.)
B_SPLINE_CURVE_WITH_KNOTS((4,4),(0.,1.),.UNSPECIFIED.)
CURVE()
GEOMETRIC_REPRESENTATION_ITEM()
RATIONAL_B_SPLINE_CURVE((1.,1.,1.,1.))
REPRESENTATION_ITEM('')
);
#356=(
BOUNDED_CURVE()
B_SPLINE_CURVE(3,(#8932,#8933,#8934,#8935),.UNSPECIFIED.,.F.,.F.)
B_SPLINE_CURVE_WITH_KNOTS((4,4),(0.,1.),.UNSPECIFIED.)
CURVE()
GEOMETRIC_REPRESENTATION_ITEM()
RATIONAL_B_SPLINE_CURVE((1.,1.,1.,1.))
REPRESENTATION_ITEM('')
);
#357=(
BOUNDED_CURVE()
B_SPLINE_CURVE(3,(#8945,#8946,#8947,#8948),.UNSPECIFIED.,.F.,.F.)
B_SPLINE_CURVE_WITH_KNOTS((4,4),(0.,1.),.UNSPECIFIED.)
CURVE()
GEOMETRIC_REPRESENTATION_ITEM()
RATIONAL_B_SPLINE_CURVE((1.,1.,1.,1.))
REPRESENTATION_ITEM('')
);
#358=(
BOUNDED_CURVE()
B_SPLINE_CURVE(3,(#8951,#8952,#8953,#8954),.UNSPECIFIED.,.F.,.F.)
B_SPLINE_CURVE_WITH_KNOTS((4,4),(0.,1.),.UNSPECIFIED.)
CURVE()
GEOMETRIC_REPRESENTATION_ITEM()
RATIONAL_B_SPLINE_CURVE((1.,1.,1.,1.))
REPRESENTATION_ITEM('')
);
#359=(
BOUNDED_CURVE()
B_SPLINE_CURVE(3,(#8964,#8965,#8966,#8967),.UNSPECIFIED.,.F.,.F.)
B_SPLINE_CURVE_WITH_KNOTS((4,4),(0.,1.),.UNSPECIFIED.)
CURVE()
GEOMETRIC_REPRESENTATION_ITEM()
RATIONAL_B_SPLINE_CURVE((1.,1.,1.,1.))
REPRESENTATION_ITEM('')
);
#360=(
BOUNDED_CURVE()
B_SPLINE_CURVE(3,(#8970,#8971,#8972,#8973),.UNSPECIFIED.,.F.,.F.)
B_SPLINE_CURVE_WITH_KNOTS((4,4),(0.,1.),.UNSPECIFIED.)
CURVE()
GEOMETRIC_REPRESENTATION_ITEM()
RATIONAL_B_SPLINE_CURVE((1.,1.,1.,1.))
REPRESENTATION_ITEM('')
);
#361=(
BOUNDED_CURVE()
B_SPLINE_CURVE(3,(#8983,#8984,#8985,#8986),.UNSPECIFIED.,.F.,.F.)
B_SPLINE_CURVE_WITH_KNOTS((4,4),(0.,1.),.UNSPECIFIED.)
CURVE()
GEOMETRIC_REPRESENTATION_ITEM()
RATIONAL_B_SPLINE_CURVE((1.,1.,1.,1.))
REPRESENTATION_ITEM('')
);
#362=(
BOUNDED_CURVE()
B_SPLINE_CURVE(3,(#8989,#8990,#8991,#8992),.UNSPECIFIED.,.F.,.F.)
B_SPLINE_CURVE_WITH_KNOTS((4,4),(0.,1.),.UNSPECIFIED.)
CURVE()
GEOMETRIC_REPRESENTATION_ITEM()
RATIONAL_B_SPLINE_CURVE((1.,1.,1.,1.))
REPRESENTATION_ITEM('')
);
#363=(
BOUNDED_CURVE()
B_SPLINE_CURVE(3,(#9002,#9003,#9004,#9005),.UNSPECIFIED.,.F.,.F.)
B_SPLINE_CURVE_WITH_KNOTS((4,4),(0.,1.),.UNSPECIFIED.)
CURVE()
GEOMETRIC_REPRESENTATION_ITEM()
RATIONAL_B_SPLINE_CURVE((1.,1.,1.,1.))
REPRESENTATION_ITEM('')
);
#364=(
BOUNDED_CURVE()
B_SPLINE_CURVE(3,(#9008,#9009,#9010,#9011),.UNSPECIFIED.,.F.,.F.)
B_SPLINE_CURVE_WITH_KNOTS((4,4),(0.,1.),.UNSPECIFIED.)
CURVE()
GEOMETRIC_REPRESENTATION_ITEM()
RATIONAL_B_SPLINE_CURVE((1.,1.,1.,1.))
REPRESENTATION_ITEM('')
);
#365=(
BOUNDED_CURVE()
B_SPLINE_CURVE(3,(#9021,#9022,#9023,#9024),.UNSPECIFIED.,.F.,.F.)
B_SPLINE_CURVE_WITH_KNOTS((4,4),(0.,1.),.UNSPECIFIED.)
CURVE()
GEOMETRIC_REPRESENTATION_ITEM()
RATIONAL_B_SPLINE_CURVE((1.,1.,1.,1.))
REPRESENTATION_ITEM('')
);
#366=(
BOUNDED_CURVE()
B_SPLINE_CURVE(3,(#9027,#9028,#9029,#9030),.UNSPECIFIED.,.F.,.F.)
B_SPLINE_CURVE_WITH_KNOTS((4,4),(0.,1.),.UNSPECIFIED.)
CURVE()
GEOMETRIC_REPRESENTATION_ITEM()
RATIONAL_B_SPLINE_CURVE((1.,1.,1.,1.))
REPRESENTATION_ITEM('')
);
#367=(
BOUNDED_CURVE()
B_SPLINE_CURVE(3,(#9040,#9041,#9042,#9043),.UNSPECIFIED.,.F.,.F.)
B_SPLINE_CURVE_WITH_KNOTS((4,4),(0.,1.),.UNSPECIFIED.)
CURVE()
GEOMETRIC_REPRESENTATION_ITEM()
RATIONAL_B_SPLINE_CURVE((1.,1.,1.,1.))
REPRESENTATION_ITEM('')
);
#368=(
BOUNDED_CURVE()
B_SPLINE_CURVE(3,(#9046,#9047,#9048,#9049),.UNSPECIFIED.,.F.,.F.)
B_SPLINE_CURVE_WITH_KNOTS((4,4),(0.,1.),.UNSPECIFIED.)
CURVE()
GEOMETRIC_REPRESENTATION_ITEM()
RATIONAL_B_SPLINE_CURVE((1.,1.,1.,1.))
REPRESENTATION_ITEM('')
);
#369=(
BOUNDED_CURVE()
B_SPLINE_CURVE(3,(#9059,#9060,#9061,#9062),.UNSPECIFIED.,.F.,.F.)
B_SPLINE_CURVE_WITH_KNOTS((4,4),(0.,1.),.UNSPECIFIED.)
CURVE()
GEOMETRIC_REPRESENTATION_ITEM()
RATIONAL_B_SPLINE_CURVE((1.,1.,1.,1.))
REPRESENTATION_ITEM('')
);
#370=(
BOUNDED_CURVE()
B_SPLINE_CURVE(3,(#9065,#9066,#9067,#9068),.UNSPECIFIED.,.F.,.F.)
B_SPLINE_CURVE_WITH_KNOTS((4,4),(0.,1.),.UNSPECIFIED.)
CURVE()
GEOMETRIC_REPRESENTATION_ITEM()
RATIONAL_B_SPLINE_CURVE((1.,1.,1.,1.))
REPRESENTATION_ITEM('')
);
#371=(
BOUNDED_CURVE()
B_SPLINE_CURVE(3,(#9078,#9079,#9080,#9081),.UNSPECIFIED.,.F.,.F.)
B_SPLINE_CURVE_WITH_KNOTS((4,4),(0.,1.),.UNSPECIFIED.)
CURVE()
GEOMETRIC_REPRESENTATION_ITEM()
RATIONAL_B_SPLINE_CURVE((1.,1.,1.,1.))
REPRESENTATION_ITEM('')
);
#372=(
BOUNDED_CURVE()
B_SPLINE_CURVE(3,(#9084,#9085,#9086,#9087),.UNSPECIFIED.,.F.,.F.)
B_SPLINE_CURVE_WITH_KNOTS((4,4),(0.,1.),.UNSPECIFIED.)
CURVE()
GEOMETRIC_REPRESENTATION_ITEM()
RATIONAL_B_SPLINE_CURVE((1.,1.,1.,1.))
REPRESENTATION_ITEM('')
);
#373=(
BOUNDED_CURVE()
B_SPLINE_CURVE(3,(#9097,#9098,#9099,#9100),.UNSPECIFIED.,.F.,.F.)
B_SPLINE_CURVE_WITH_KNOTS((4,4),(0.,1.),.UNSPECIFIED.)
CURVE()
GEOMETRIC_REPRESENTATION_ITEM()
RATIONAL_B_SPLINE_CURVE((1.,1.,1.,1.))
REPRESENTATION_ITEM('')
);
#374=(
BOUNDED_CURVE()
B_SPLINE_CURVE(3,(#9103,#9104,#9105,#9106),.UNSPECIFIED.,.F.,.F.)
B_SPLINE_CURVE_WITH_KNOTS((4,4),(0.,1.),.UNSPECIFIED.)
CURVE()
GEOMETRIC_REPRESENTATION_ITEM()
RATIONAL_B_SPLINE_CURVE((1.,1.,1.,1.))
REPRESENTATION_ITEM('')
);
#375=(
BOUNDED_CURVE()
B_SPLINE_CURVE(3,(#9116,#9117,#9118,#9119),.UNSPECIFIED.,.F.,.F.)
B_SPLINE_CURVE_WITH_KNOTS((4,4),(0.,1.),.UNSPECIFIED.)
CURVE()
GEOMETRIC_REPRESENTATION_ITEM()
RATIONAL_B_SPLINE_CURVE((1.,1.,1.,1.))
REPRESENTATION_ITEM('')
);
#376=(
BOUNDED_CURVE()
B_SPLINE_CURVE(3,(#9122,#9123,#9124,#9125),.UNSPECIFIED.,.F.,.F.)
B_SPLINE_CURVE_WITH_KNOTS((4,4),(0.,1.),.UNSPECIFIED.)
CURVE()
GEOMETRIC_REPRESENTATION_ITEM()
RATIONAL_B_SPLINE_CURVE((1.,1.,1.,1.))
REPRESENTATION_ITEM('')
);
#377=(
BOUNDED_CURVE()
B_SPLINE_CURVE(3,(#9134,#9135,#9136,#9137),.UNSPECIFIED.,.F.,.F.)
B_SPLINE_CURVE_WITH_KNOTS((4,4),(0.,1.),.UNSPECIFIED.)
CURVE()
GEOMETRIC_REPRESENTATION_ITEM()
RATIONAL_B_SPLINE_CURVE((1.,1.,1.,1.))
REPRESENTATION_ITEM('')
);
#378=(
BOUNDED_CURVE()
B_SPLINE_CURVE(3,(#9138,#9139,#9140,#9141),.UNSPECIFIED.,.F.,.F.)
B_SPLINE_CURVE_WITH_KNOTS((4,4),(0.,1.),.UNSPECIFIED.)
CURVE()
GEOMETRIC_REPRESENTATION_ITEM()
RATIONAL_B_SPLINE_CURVE((1.,1.,1.,1.))
REPRESENTATION_ITEM('')
);
#379=(
BOUNDED_CURVE()
B_SPLINE_CURVE(3,(#9232,#9233,#9234,#9235),.UNSPECIFIED.,.F.,.F.)
B_SPLINE_CURVE_WITH_KNOTS((4,4),(0.,1.),.UNSPECIFIED.)
CURVE()
GEOMETRIC_REPRESENTATION_ITEM()
RATIONAL_B_SPLINE_CURVE((1.,1.,1.,1.))
REPRESENTATION_ITEM('')
);
#380=(
BOUNDED_CURVE()
B_SPLINE_CURVE(3,(#9239,#9240,#9241,#9242),.UNSPECIFIED.,.F.,.F.)
B_SPLINE_CURVE_WITH_KNOTS((4,4),(0.,1.),.UNSPECIFIED.)
CURVE()
GEOMETRIC_REPRESENTATION_ITEM()
RATIONAL_B_SPLINE_CURVE((1.,1.,1.,1.))
REPRESENTATION_ITEM('')
);
#381=(
BOUNDED_CURVE()
B_SPLINE_CURVE(3,(#9253,#9254,#9255,#9256),.UNSPECIFIED.,.F.,.F.)
B_SPLINE_CURVE_WITH_KNOTS((4,4),(0.,1.),.UNSPECIFIED.)
CURVE()
GEOMETRIC_REPRESENTATION_ITEM()
RATIONAL_B_SPLINE_CURVE((1.,1.,1.,1.))
REPRESENTATION_ITEM('')
);
#382=(
BOUNDED_CURVE()
B_SPLINE_CURVE(3,(#9259,#9260,#9261,#9262),.UNSPECIFIED.,.F.,.F.)
B_SPLINE_CURVE_WITH_KNOTS((4,4),(0.,1.),.UNSPECIFIED.)
CURVE()
GEOMETRIC_REPRESENTATION_ITEM()
RATIONAL_B_SPLINE_CURVE((1.,1.,1.,1.))
REPRESENTATION_ITEM('')
);
#383=(
BOUNDED_CURVE()
B_SPLINE_CURVE(3,(#9272,#9273,#9274,#9275),.UNSPECIFIED.,.F.,.F.)
B_SPLINE_CURVE_WITH_KNOTS((4,4),(0.,1.),.UNSPECIFIED.)
CURVE()
GEOMETRIC_REPRESENTATION_ITEM()
RATIONAL_B_SPLINE_CURVE((1.,1.,1.,1.))
REPRESENTATION_ITEM('')
);
#384=(
BOUNDED_CURVE()
B_SPLINE_CURVE(3,(#9278,#9279,#9280,#9281),.UNSPECIFIED.,.F.,.F.)
B_SPLINE_CURVE_WITH_KNOTS((4,4),(0.,1.),.UNSPECIFIED.)
CURVE()
GEOMETRIC_REPRESENTATION_ITEM()
RATIONAL_B_SPLINE_CURVE((1.,1.,1.,1.))
REPRESENTATION_ITEM('')
);
#385=(
BOUNDED_CURVE()
B_SPLINE_CURVE(3,(#9291,#9292,#9293,#9294),.UNSPECIFIED.,.F.,.F.)
B_SPLINE_CURVE_WITH_KNOTS((4,4),(0.,1.),.UNSPECIFIED.)
CURVE()
GEOMETRIC_REPRESENTATION_ITEM()
RATIONAL_B_SPLINE_CURVE((1.,1.,1.,1.))
REPRESENTATION_ITEM('')
);
#386=(
BOUNDED_CURVE()
B_SPLINE_CURVE(3,(#9297,#9298,#9299,#9300),.UNSPECIFIED.,.F.,.F.)
B_SPLINE_CURVE_WITH_KNOTS((4,4),(0.,1.),.UNSPECIFIED.)
CURVE()
GEOMETRIC_REPRESENTATION_ITEM()
RATIONAL_B_SPLINE_CURVE((1.,1.,1.,1.))
REPRESENTATION_ITEM('')
);
#387=(
BOUNDED_CURVE()
B_SPLINE_CURVE(3,(#9322,#9323,#9324,#9325),.UNSPECIFIED.,.F.,.F.)
B_SPLINE_CURVE_WITH_KNOTS((4,4),(0.,1.),.UNSPECIFIED.)
CURVE()
GEOMETRIC_REPRESENTATION_ITEM()
RATIONAL_B_SPLINE_CURVE((1.,1.,1.,1.))
REPRESENTATION_ITEM('')
);
#388=(
BOUNDED_CURVE()
B_SPLINE_CURVE(3,(#9328,#9329,#9330,#9331),.UNSPECIFIED.,.F.,.F.)
B_SPLINE_CURVE_WITH_KNOTS((4,4),(0.,1.),.UNSPECIFIED.)
CURVE()
GEOMETRIC_REPRESENTATION_ITEM()
RATIONAL_B_SPLINE_CURVE((1.,1.,1.,1.))
REPRESENTATION_ITEM('')
);
#389=(
BOUNDED_CURVE()
B_SPLINE_CURVE(3,(#9341,#9342,#9343,#9344),.UNSPECIFIED.,.F.,.F.)
B_SPLINE_CURVE_WITH_KNOTS((4,4),(0.,1.),.UNSPECIFIED.)
CURVE()
GEOMETRIC_REPRESENTATION_ITEM()
RATIONAL_B_SPLINE_CURVE((1.,1.,1.,1.))
REPRESENTATION_ITEM('')
);
#390=(
BOUNDED_CURVE()
B_SPLINE_CURVE(3,(#9347,#9348,#9349,#9350),.UNSPECIFIED.,.F.,.F.)
B_SPLINE_CURVE_WITH_KNOTS((4,4),(0.,1.),.UNSPECIFIED.)
CURVE()
GEOMETRIC_REPRESENTATION_ITEM()
RATIONAL_B_SPLINE_CURVE((1.,1.,1.,1.))
REPRESENTATION_ITEM('')
);
#391=(
BOUNDED_CURVE()
B_SPLINE_CURVE(3,(#9360,#9361,#9362,#9363),.UNSPECIFIED.,.F.,.F.)
B_SPLINE_CURVE_WITH_KNOTS((4,4),(0.,1.),.UNSPECIFIED.)
CURVE()
GEOMETRIC_REPRESENTATION_ITEM()
RATIONAL_B_SPLINE_CURVE((1.,1.,1.,1.))
REPRESENTATION_ITEM('')
);
#392=(
BOUNDED_CURVE()
B_SPLINE_CURVE(3,(#9366,#9367,#9368,#9369),.UNSPECIFIED.,.F.,.F.)
B_SPLINE_CURVE_WITH_KNOTS((4,4),(0.,1.),.UNSPECIFIED.)
CURVE()
GEOMETRIC_REPRESENTATION_ITEM()
RATIONAL_B_SPLINE_CURVE((1.,1.,1.,1.))
REPRESENTATION_ITEM('')
);
#393=(
BOUNDED_CURVE()
B_SPLINE_CURVE(3,(#9379,#9380,#9381,#9382),.UNSPECIFIED.,.F.,.F.)
B_SPLINE_CURVE_WITH_KNOTS((4,4),(0.,1.),.UNSPECIFIED.)
CURVE()
GEOMETRIC_REPRESENTATION_ITEM()
RATIONAL_B_SPLINE_CURVE((1.,1.,1.,1.))
REPRESENTATION_ITEM('')
);
#394=(
BOUNDED_CURVE()
B_SPLINE_CURVE(3,(#9385,#9386,#9387,#9388),.UNSPECIFIED.,.F.,.F.)
B_SPLINE_CURVE_WITH_KNOTS((4,4),(0.,1.),.UNSPECIFIED.)
CURVE()
GEOMETRIC_REPRESENTATION_ITEM()
RATIONAL_B_SPLINE_CURVE((1.,1.,1.,1.))
REPRESENTATION_ITEM('')
);
#395=(
BOUNDED_CURVE()
B_SPLINE_CURVE(3,(#9398,#9399,#9400,#9401),.UNSPECIFIED.,.F.,.F.)
B_SPLINE_CURVE_WITH_KNOTS((4,4),(0.,1.),.UNSPECIFIED.)
CURVE()
GEOMETRIC_REPRESENTATION_ITEM()
RATIONAL_B_SPLINE_CURVE((1.,1.,1.,1.))
REPRESENTATION_ITEM('')
);
#396=(
BOUNDED_CURVE()
B_SPLINE_CURVE(3,(#9404,#9405,#9406,#9407),.UNSPECIFIED.,.F.,.F.)
B_SPLINE_CURVE_WITH_KNOTS((4,4),(0.,1.),.UNSPECIFIED.)
CURVE()
GEOMETRIC_REPRESENTATION_ITEM()
RATIONAL_B_SPLINE_CURVE((1.,1.,1.,1.))
REPRESENTATION_ITEM('')
);
#397=(
BOUNDED_CURVE()
B_SPLINE_CURVE(3,(#9417,#9418,#9419,#9420),.UNSPECIFIED.,.F.,.F.)
B_SPLINE_CURVE_WITH_KNOTS((4,4),(0.,1.),.UNSPECIFIED.)
CURVE()
GEOMETRIC_REPRESENTATION_ITEM()
RATIONAL_B_SPLINE_CURVE((1.,1.,1.,1.))
REPRESENTATION_ITEM('')
);
#398=(
BOUNDED_CURVE()
B_SPLINE_CURVE(3,(#9423,#9424,#9425,#9426),.UNSPECIFIED.,.F.,.F.)
B_SPLINE_CURVE_WITH_KNOTS((4,4),(0.,1.),.UNSPECIFIED.)
CURVE()
GEOMETRIC_REPRESENTATION_ITEM()
RATIONAL_B_SPLINE_CURVE((1.,1.,1.,1.))
REPRESENTATION_ITEM('')
);
#399=(
BOUNDED_CURVE()
B_SPLINE_CURVE(3,(#9436,#9437,#9438,#9439),.UNSPECIFIED.,.F.,.F.)
B_SPLINE_CURVE_WITH_KNOTS((4,4),(0.,1.),.UNSPECIFIED.)
CURVE()
GEOMETRIC_REPRESENTATION_ITEM()
RATIONAL_B_SPLINE_CURVE((1.,1.,1.,1.))
REPRESENTATION_ITEM('')
);
#400=(
BOUNDED_CURVE()
B_SPLINE_CURVE(3,(#9442,#9443,#9444,#9445),.UNSPECIFIED.,.F.,.F.)
B_SPLINE_CURVE_WITH_KNOTS((4,4),(0.,1.),.UNSPECIFIED.)
CURVE()
GEOMETRIC_REPRESENTATION_ITEM()
RATIONAL_B_SPLINE_CURVE((1.,1.,1.,1.))
REPRESENTATION_ITEM('')
);
#401=(
BOUNDED_CURVE()
B_SPLINE_CURVE(3,(#9454,#9455,#9456,#9457),.UNSPECIFIED.,.F.,.F.)
B_SPLINE_CURVE_WITH_KNOTS((4,4),(0.,1.),.UNSPECIFIED.)
CURVE()
GEOMETRIC_REPRESENTATION_ITEM()
RATIONAL_B_SPLINE_CURVE((1.,1.,1.,1.))
REPRESENTATION_ITEM('')
);
#402=(
BOUNDED_CURVE()
B_SPLINE_CURVE(3,(#9458,#9459,#9460,#9461),.UNSPECIFIED.,.F.,.F.)
B_SPLINE_CURVE_WITH_KNOTS((4,4),(0.,1.),.UNSPECIFIED.)
CURVE()
GEOMETRIC_REPRESENTATION_ITEM()
RATIONAL_B_SPLINE_CURVE((1.,1.,1.,1.))
REPRESENTATION_ITEM('')
);
#403=(
BOUNDED_CURVE()
B_SPLINE_CURVE(3,(#9510,#9511,#9512,#9513),.UNSPECIFIED.,.F.,.F.)
B_SPLINE_CURVE_WITH_KNOTS((4,4),(0.,1.),.UNSPECIFIED.)
CURVE()
GEOMETRIC_REPRESENTATION_ITEM()
RATIONAL_B_SPLINE_CURVE((1.,1.,1.,1.))
REPRESENTATION_ITEM('')
);
#404=(
BOUNDED_CURVE()
B_SPLINE_CURVE(3,(#9517,#9518,#9519,#9520),.UNSPECIFIED.,.F.,.F.)
B_SPLINE_CURVE_WITH_KNOTS((4,4),(0.,1.),.UNSPECIFIED.)
CURVE()
GEOMETRIC_REPRESENTATION_ITEM()
RATIONAL_B_SPLINE_CURVE((1.,1.,1.,1.))
REPRESENTATION_ITEM('')
);
#405=(
BOUNDED_CURVE()
B_SPLINE_CURVE(3,(#9531,#9532,#9533,#9534),.UNSPECIFIED.,.F.,.F.)
B_SPLINE_CURVE_WITH_KNOTS((4,4),(0.,1.),.UNSPECIFIED.)
CURVE()
GEOMETRIC_REPRESENTATION_ITEM()
RATIONAL_B_SPLINE_CURVE((1.,1.,1.,1.))
REPRESENTATION_ITEM('')
);
#406=(
BOUNDED_CURVE()
B_SPLINE_CURVE(3,(#9537,#9538,#9539,#9540),.UNSPECIFIED.,.F.,.F.)
B_SPLINE_CURVE_WITH_KNOTS((4,4),(0.,1.),.UNSPECIFIED.)
CURVE()
GEOMETRIC_REPRESENTATION_ITEM()
RATIONAL_B_SPLINE_CURVE((1.,1.,1.,1.))
REPRESENTATION_ITEM('')
);
#407=(
BOUNDED_CURVE()
B_SPLINE_CURVE(3,(#9549,#9550,#9551,#9552),.UNSPECIFIED.,.F.,.F.)
B_SPLINE_CURVE_WITH_KNOTS((4,4),(0.,1.),.UNSPECIFIED.)
CURVE()
GEOMETRIC_REPRESENTATION_ITEM()
RATIONAL_B_SPLINE_CURVE((1.,1.,1.,1.))
REPRESENTATION_ITEM('')
);
#408=(
BOUNDED_CURVE()
B_SPLINE_CURVE(3,(#9553,#9554,#9555,#9556),.UNSPECIFIED.,.F.,.F.)
B_SPLINE_CURVE_WITH_KNOTS((4,4),(0.,1.),.UNSPECIFIED.)
CURVE()
GEOMETRIC_REPRESENTATION_ITEM()
RATIONAL_B_SPLINE_CURVE((1.,1.,1.,1.))
REPRESENTATION_ITEM('')
);
#409=(
BOUNDED_CURVE()
B_SPLINE_CURVE(3,(#9576,#9577,#9578,#9579),.UNSPECIFIED.,.F.,.F.)
B_SPLINE_CURVE_WITH_KNOTS((4,4),(0.,1.),.UNSPECIFIED.)
CURVE()
GEOMETRIC_REPRESENTATION_ITEM()
RATIONAL_B_SPLINE_CURVE((1.,1.,1.,1.))
REPRESENTATION_ITEM('')
);
#410=(
BOUNDED_CURVE()
B_SPLINE_CURVE(3,(#9582,#9583,#9584,#9585),.UNSPECIFIED.,.F.,.F.)
B_SPLINE_CURVE_WITH_KNOTS((4,4),(0.,1.),.UNSPECIFIED.)
CURVE()
GEOMETRIC_REPRESENTATION_ITEM()
RATIONAL_B_SPLINE_CURVE((1.,1.,1.,1.))
REPRESENTATION_ITEM('')
);
#411=(
BOUNDED_CURVE()
B_SPLINE_CURVE(3,(#9595,#9596,#9597,#9598),.UNSPECIFIED.,.F.,.F.)
B_SPLINE_CURVE_WITH_KNOTS((4,4),(0.,1.),.UNSPECIFIED.)
CURVE()
GEOMETRIC_REPRESENTATION_ITEM()
RATIONAL_B_SPLINE_CURVE((1.,1.,1.,1.))
REPRESENTATION_ITEM('')
);
#412=(
BOUNDED_CURVE()
B_SPLINE_CURVE(3,(#9601,#9602,#9603,#9604),.UNSPECIFIED.,.F.,.F.)
B_SPLINE_CURVE_WITH_KNOTS((4,4),(0.,1.),.UNSPECIFIED.)
CURVE()
GEOMETRIC_REPRESENTATION_ITEM()
RATIONAL_B_SPLINE_CURVE((1.,1.,1.,1.))
REPRESENTATION_ITEM('')
);
#413=(
BOUNDED_CURVE()
B_SPLINE_CURVE(3,(#9614,#9615,#9616,#9617),.UNSPECIFIED.,.F.,.F.)
B_SPLINE_CURVE_WITH_KNOTS((4,4),(0.,1.),.UNSPECIFIED.)
CURVE()
GEOMETRIC_REPRESENTATION_ITEM()
RATIONAL_B_SPLINE_CURVE((1.,1.,1.,1.))
REPRESENTATION_ITEM('')
);
#414=(
BOUNDED_CURVE()
B_SPLINE_CURVE(3,(#9620,#9621,#9622,#9623),.UNSPECIFIED.,.F.,.F.)
B_SPLINE_CURVE_WITH_KNOTS((4,4),(0.,1.),.UNSPECIFIED.)
CURVE()
GEOMETRIC_REPRESENTATION_ITEM()
RATIONAL_B_SPLINE_CURVE((1.,1.,1.,1.))
REPRESENTATION_ITEM('')
);
#415=(
BOUNDED_CURVE()
B_SPLINE_CURVE(3,(#9633,#9634,#9635,#9636),.UNSPECIFIED.,.F.,.F.)
B_SPLINE_CURVE_WITH_KNOTS((4,4),(0.,1.),.UNSPECIFIED.)
CURVE()
GEOMETRIC_REPRESENTATION_ITEM()
RATIONAL_B_SPLINE_CURVE((1.,1.,1.,1.))
REPRESENTATION_ITEM('')
);
#416=(
BOUNDED_CURVE()
B_SPLINE_CURVE(3,(#9639,#9640,#9641,#9642),.UNSPECIFIED.,.F.,.F.)
B_SPLINE_CURVE_WITH_KNOTS((4,4),(0.,1.),.UNSPECIFIED.)
CURVE()
GEOMETRIC_REPRESENTATION_ITEM()
RATIONAL_B_SPLINE_CURVE((1.,1.,1.,1.))
REPRESENTATION_ITEM('')
);
#417=(
BOUNDED_CURVE()
B_SPLINE_CURVE(3,(#9652,#9653,#9654,#9655),.UNSPECIFIED.,.F.,.F.)
B_SPLINE_CURVE_WITH_KNOTS((4,4),(0.,1.),.UNSPECIFIED.)
CURVE()
GEOMETRIC_REPRESENTATION_ITEM()
RATIONAL_B_SPLINE_CURVE((1.,1.,1.,1.))
REPRESENTATION_ITEM('')
);
#418=(
BOUNDED_CURVE()
B_SPLINE_CURVE(3,(#9658,#9659,#9660,#9661),.UNSPECIFIED.,.F.,.F.)
B_SPLINE_CURVE_WITH_KNOTS((4,4),(0.,1.),.UNSPECIFIED.)
CURVE()
GEOMETRIC_REPRESENTATION_ITEM()
RATIONAL_B_SPLINE_CURVE((1.,1.,1.,1.))
REPRESENTATION_ITEM('')
);
#419=(
BOUNDED_CURVE()
B_SPLINE_CURVE(3,(#9671,#9672,#9673,#9674),.UNSPECIFIED.,.F.,.F.)
B_SPLINE_CURVE_WITH_KNOTS((4,4),(0.,1.),.UNSPECIFIED.)
CURVE()
GEOMETRIC_REPRESENTATION_ITEM()
RATIONAL_B_SPLINE_CURVE((1.,1.,1.,1.))
REPRESENTATION_ITEM('')
);
#420=(
BOUNDED_CURVE()
B_SPLINE_CURVE(3,(#9677,#9678,#9679,#9680),.UNSPECIFIED.,.F.,.F.)
B_SPLINE_CURVE_WITH_KNOTS((4,4),(0.,1.),.UNSPECIFIED.)
CURVE()
GEOMETRIC_REPRESENTATION_ITEM()
RATIONAL_B_SPLINE_CURVE((1.,1.,1.,1.))
REPRESENTATION_ITEM('')
);
#421=(
BOUNDED_CURVE()
B_SPLINE_CURVE(3,(#9690,#9691,#9692,#9693),.UNSPECIFIED.,.F.,.F.)
B_SPLINE_CURVE_WITH_KNOTS((4,4),(0.,1.),.UNSPECIFIED.)
CURVE()
GEOMETRIC_REPRESENTATION_ITEM()
RATIONAL_B_SPLINE_CURVE((1.,1.,1.,1.))
REPRESENTATION_ITEM('')
);
#422=(
BOUNDED_CURVE()
B_SPLINE_CURVE(3,(#9696,#9697,#9698,#9699),.UNSPECIFIED.,.F.,.F.)
B_SPLINE_CURVE_WITH_KNOTS((4,4),(0.,1.),.UNSPECIFIED.)
CURVE()
GEOMETRIC_REPRESENTATION_ITEM()
RATIONAL_B_SPLINE_CURVE((1.,1.,1.,1.))
REPRESENTATION_ITEM('')
);
#423=(
BOUNDED_CURVE()
B_SPLINE_CURVE(3,(#9709,#9710,#9711,#9712),.UNSPECIFIED.,.F.,.F.)
B_SPLINE_CURVE_WITH_KNOTS((4,4),(0.,1.),.UNSPECIFIED.)
CURVE()
GEOMETRIC_REPRESENTATION_ITEM()
RATIONAL_B_SPLINE_CURVE((1.,1.,1.,1.))
REPRESENTATION_ITEM('')
);
#424=(
BOUNDED_CURVE()
B_SPLINE_CURVE(3,(#9715,#9716,#9717,#9718),.UNSPECIFIED.,.F.,.F.)
B_SPLINE_CURVE_WITH_KNOTS((4,4),(0.,1.),.UNSPECIFIED.)
CURVE()
GEOMETRIC_REPRESENTATION_ITEM()
RATIONAL_B_SPLINE_CURVE((1.,1.,1.,1.))
REPRESENTATION_ITEM('')
);
#425=(
BOUNDED_CURVE()
B_SPLINE_CURVE(3,(#9728,#9729,#9730,#9731),.UNSPECIFIED.,.F.,.F.)
B_SPLINE_CURVE_WITH_KNOTS((4,4),(0.,1.),.UNSPECIFIED.)
CURVE()
GEOMETRIC_REPRESENTATION_ITEM()
RATIONAL_B_SPLINE_CURVE((1.,1.,1.,1.))
REPRESENTATION_ITEM('')
);
#426=(
BOUNDED_CURVE()
B_SPLINE_CURVE(3,(#9734,#9735,#9736,#9737),.UNSPECIFIED.,.F.,.F.)
B_SPLINE_CURVE_WITH_KNOTS((4,4),(0.,1.),.UNSPECIFIED.)
CURVE()
GEOMETRIC_REPRESENTATION_ITEM()
RATIONAL_B_SPLINE_CURVE((1.,1.,1.,1.))
REPRESENTATION_ITEM('')
);
#427=(
BOUNDED_CURVE()
B_SPLINE_CURVE(3,(#9747,#9748,#9749,#9750),.UNSPECIFIED.,.F.,.F.)
B_SPLINE_CURVE_WITH_KNOTS((4,4),(0.,1.),.UNSPECIFIED.)
CURVE()
GEOMETRIC_REPRESENTATION_ITEM()
RATIONAL_B_SPLINE_CURVE((1.,1.,1.,1.))
REPRESENTATION_ITEM('')
);
#428=(
BOUNDED_CURVE()
B_SPLINE_CURVE(3,(#9753,#9754,#9755,#9756),.UNSPECIFIED.,.F.,.F.)
B_SPLINE_CURVE_WITH_KNOTS((4,4),(0.,1.),.UNSPECIFIED.)
CURVE()
GEOMETRIC_REPRESENTATION_ITEM()
RATIONAL_B_SPLINE_CURVE((1.,1.,1.,1.))
REPRESENTATION_ITEM('')
);
#429=(
BOUNDED_CURVE()
B_SPLINE_CURVE(3,(#9820,#9821,#9822,#9823),.UNSPECIFIED.,.F.,.F.)
B_SPLINE_CURVE_WITH_KNOTS((4,4),(0.,1.),.UNSPECIFIED.)
CURVE()
GEOMETRIC_REPRESENTATION_ITEM()
RATIONAL_B_SPLINE_CURVE((1.,1.,1.,1.))
REPRESENTATION_ITEM('')
);
#430=(
BOUNDED_CURVE()
B_SPLINE_CURVE(3,(#9827,#9828,#9829,#9830),.UNSPECIFIED.,.F.,.F.)
B_SPLINE_CURVE_WITH_KNOTS((4,4),(0.,1.),.UNSPECIFIED.)
CURVE()
GEOMETRIC_REPRESENTATION_ITEM()
RATIONAL_B_SPLINE_CURVE((1.,1.,1.,1.))
REPRESENTATION_ITEM('')
);
#431=(
BOUNDED_CURVE()
B_SPLINE_CURVE(3,(#9841,#9842,#9843,#9844),.UNSPECIFIED.,.F.,.F.)
B_SPLINE_CURVE_WITH_KNOTS((4,4),(0.,1.),.UNSPECIFIED.)
CURVE()
GEOMETRIC_REPRESENTATION_ITEM()
RATIONAL_B_SPLINE_CURVE((1.,1.,1.,1.))
REPRESENTATION_ITEM('')
);
#432=(
BOUNDED_CURVE()
B_SPLINE_CURVE(3,(#9847,#9848,#9849,#9850),.UNSPECIFIED.,.F.,.F.)
B_SPLINE_CURVE_WITH_KNOTS((4,4),(0.,1.),.UNSPECIFIED.)
CURVE()
GEOMETRIC_REPRESENTATION_ITEM()
RATIONAL_B_SPLINE_CURVE((1.,1.,1.,1.))
REPRESENTATION_ITEM('')
);
#433=(
BOUNDED_CURVE()
B_SPLINE_CURVE(3,(#9872,#9873,#9874,#9875),.UNSPECIFIED.,.F.,.F.)
B_SPLINE_CURVE_WITH_KNOTS((4,4),(0.,1.),.UNSPECIFIED.)
CURVE()
GEOMETRIC_REPRESENTATION_ITEM()
RATIONAL_B_SPLINE_CURVE((1.,1.,1.,1.))
REPRESENTATION_ITEM('')
);
#434=(
BOUNDED_CURVE()
B_SPLINE_CURVE(3,(#9878,#9879,#9880,#9881),.UNSPECIFIED.,.F.,.F.)
B_SPLINE_CURVE_WITH_KNOTS((4,4),(0.,1.),.UNSPECIFIED.)
CURVE()
GEOMETRIC_REPRESENTATION_ITEM()
RATIONAL_B_SPLINE_CURVE((1.,1.,1.,1.))
REPRESENTATION_ITEM('')
);
#435=(
BOUNDED_CURVE()
B_SPLINE_CURVE(3,(#9891,#9892,#9893,#9894),.UNSPECIFIED.,.F.,.F.)
B_SPLINE_CURVE_WITH_KNOTS((4,4),(0.,1.),.UNSPECIFIED.)
CURVE()
GEOMETRIC_REPRESENTATION_ITEM()
RATIONAL_B_SPLINE_CURVE((1.,1.,1.,1.))
REPRESENTATION_ITEM('')
);
#436=(
BOUNDED_CURVE()
B_SPLINE_CURVE(3,(#9897,#9898,#9899,#9900),.UNSPECIFIED.,.F.,.F.)
B_SPLINE_CURVE_WITH_KNOTS((4,4),(0.,1.),.UNSPECIFIED.)
CURVE()
GEOMETRIC_REPRESENTATION_ITEM()
RATIONAL_B_SPLINE_CURVE((1.,1.,1.,1.))
REPRESENTATION_ITEM('')
);
#437=(
BOUNDED_CURVE()
B_SPLINE_CURVE(3,(#9909,#9910,#9911,#9912),.UNSPECIFIED.,.F.,.F.)
B_SPLINE_CURVE_WITH_KNOTS((4,4),(0.,1.),.UNSPECIFIED.)
CURVE()
GEOMETRIC_REPRESENTATION_ITEM()
RATIONAL_B_SPLINE_CURVE((1.,1.,1.,1.))
REPRESENTATION_ITEM('')
);
#438=(
BOUNDED_CURVE()
B_SPLINE_CURVE(3,(#9913,#9914,#9915,#9916),.UNSPECIFIED.,.F.,.F.)
B_SPLINE_CURVE_WITH_KNOTS((4,4),(0.,1.),.UNSPECIFIED.)
CURVE()
GEOMETRIC_REPRESENTATION_ITEM()
RATIONAL_B_SPLINE_CURVE((1.,1.,1.,1.))
REPRESENTATION_ITEM('')
);
#439=(
BOUNDED_CURVE()
B_SPLINE_CURVE(3,(#9941,#9942,#9943,#9944),.UNSPECIFIED.,.F.,.F.)
B_SPLINE_CURVE_WITH_KNOTS((4,4),(0.,1.),.UNSPECIFIED.)
CURVE()
GEOMETRIC_REPRESENTATION_ITEM()
RATIONAL_B_SPLINE_CURVE((1.,1.,1.,1.))
REPRESENTATION_ITEM('')
);
#440=(
BOUNDED_CURVE()
B_SPLINE_CURVE(3,(#9947,#9948,#9949,#9950),.UNSPECIFIED.,.F.,.F.)
B_SPLINE_CURVE_WITH_KNOTS((4,4),(0.,1.),.UNSPECIFIED.)
CURVE()
GEOMETRIC_REPRESENTATION_ITEM()
RATIONAL_B_SPLINE_CURVE((1.,1.,1.,1.))
REPRESENTATION_ITEM('')
);
#441=(
BOUNDED_CURVE()
B_SPLINE_CURVE(3,(#9978,#9979,#9980,#9981),.UNSPECIFIED.,.F.,.F.)
B_SPLINE_CURVE_WITH_KNOTS((4,4),(0.,1.),.UNSPECIFIED.)
CURVE()
GEOMETRIC_REPRESENTATION_ITEM()
RATIONAL_B_SPLINE_CURVE((1.,1.,1.,1.))
REPRESENTATION_ITEM('')
);
#442=(
BOUNDED_CURVE()
B_SPLINE_CURVE(3,(#9984,#9985,#9986,#9987),.UNSPECIFIED.,.F.,.F.)
B_SPLINE_CURVE_WITH_KNOTS((4,4),(0.,1.),.UNSPECIFIED.)
CURVE()
GEOMETRIC_REPRESENTATION_ITEM()
RATIONAL_B_SPLINE_CURVE((1.,1.,1.,1.))
REPRESENTATION_ITEM('')
);
#443=(
BOUNDED_CURVE()
B_SPLINE_CURVE(3,(#9997,#9998,#9999,#10000),.UNSPECIFIED.,.F.,.F.)
B_SPLINE_CURVE_WITH_KNOTS((4,4),(0.,1.),.UNSPECIFIED.)
CURVE()
GEOMETRIC_REPRESENTATION_ITEM()
RATIONAL_B_SPLINE_CURVE((1.,1.,1.,1.))
REPRESENTATION_ITEM('')
);
#444=(
BOUNDED_CURVE()
B_SPLINE_CURVE(3,(#10003,#10004,#10005,#10006),.UNSPECIFIED.,.F.,.F.)
B_SPLINE_CURVE_WITH_KNOTS((4,4),(0.,1.),.UNSPECIFIED.)
CURVE()
GEOMETRIC_REPRESENTATION_ITEM()
RATIONAL_B_SPLINE_CURVE((1.,1.,1.,1.))
REPRESENTATION_ITEM('')
);
#445=(
BOUNDED_CURVE()
B_SPLINE_CURVE(3,(#10028,#10029,#10030,#10031),.UNSPECIFIED.,.F.,.F.)
B_SPLINE_CURVE_WITH_KNOTS((4,4),(0.,1.),.UNSPECIFIED.)
CURVE()
GEOMETRIC_REPRESENTATION_ITEM()
RATIONAL_B_SPLINE_CURVE((1.,1.,1.,1.))
REPRESENTATION_ITEM('')
);
#446=(
BOUNDED_CURVE()
B_SPLINE_CURVE(3,(#10034,#10035,#10036,#10037),.UNSPECIFIED.,.F.,.F.)
B_SPLINE_CURVE_WITH_KNOTS((4,4),(0.,1.),.UNSPECIFIED.)
CURVE()
GEOMETRIC_REPRESENTATION_ITEM()
RATIONAL_B_SPLINE_CURVE((1.,1.,1.,1.))
REPRESENTATION_ITEM('')
);
#447=(
BOUNDED_CURVE()
B_SPLINE_CURVE(3,(#10047,#10048,#10049,#10050),.UNSPECIFIED.,.F.,.F.)
B_SPLINE_CURVE_WITH_KNOTS((4,4),(0.,1.),.UNSPECIFIED.)
CURVE()
GEOMETRIC_REPRESENTATION_ITEM()
RATIONAL_B_SPLINE_CURVE((1.,1.,1.,1.))
REPRESENTATION_ITEM('')
);
#448=(
BOUNDED_CURVE()
B_SPLINE_CURVE(3,(#10053,#10054,#10055,#10056),.UNSPECIFIED.,.F.,.F.)
B_SPLINE_CURVE_WITH_KNOTS((4,4),(0.,1.),.UNSPECIFIED.)
CURVE()
GEOMETRIC_REPRESENTATION_ITEM()
RATIONAL_B_SPLINE_CURVE((1.,1.,1.,1.))
REPRESENTATION_ITEM('')
);
#449=(
BOUNDED_CURVE()
B_SPLINE_CURVE(3,(#10066,#10067,#10068,#10069),.UNSPECIFIED.,.F.,.F.)
B_SPLINE_CURVE_WITH_KNOTS((4,4),(0.,1.),.UNSPECIFIED.)
CURVE()
GEOMETRIC_REPRESENTATION_ITEM()
RATIONAL_B_SPLINE_CURVE((1.,1.,1.,1.))
REPRESENTATION_ITEM('')
);
#450=(
BOUNDED_CURVE()
B_SPLINE_CURVE(3,(#10072,#10073,#10074,#10075),.UNSPECIFIED.,.F.,.F.)
B_SPLINE_CURVE_WITH_KNOTS((4,4),(0.,1.),.UNSPECIFIED.)
CURVE()
GEOMETRIC_REPRESENTATION_ITEM()
RATIONAL_B_SPLINE_CURVE((1.,1.,1.,1.))
REPRESENTATION_ITEM('')
);
#451=(
BOUNDED_CURVE()
B_SPLINE_CURVE(3,(#10085,#10086,#10087,#10088),.UNSPECIFIED.,.F.,.F.)
B_SPLINE_CURVE_WITH_KNOTS((4,4),(0.,1.),.UNSPECIFIED.)
CURVE()
GEOMETRIC_REPRESENTATION_ITEM()
RATIONAL_B_SPLINE_CURVE((1.,1.,1.,1.))
REPRESENTATION_ITEM('')
);
#452=(
BOUNDED_CURVE()
B_SPLINE_CURVE(3,(#10091,#10092,#10093,#10094),.UNSPECIFIED.,.F.,.F.)
B_SPLINE_CURVE_WITH_KNOTS((4,4),(0.,1.),.UNSPECIFIED.)
CURVE()
GEOMETRIC_REPRESENTATION_ITEM()
RATIONAL_B_SPLINE_CURVE((1.,1.,1.,1.))
REPRESENTATION_ITEM('')
);
#453=(
BOUNDED_CURVE()
B_SPLINE_CURVE(3,(#10104,#10105,#10106,#10107),.UNSPECIFIED.,.F.,.F.)
B_SPLINE_CURVE_WITH_KNOTS((4,4),(0.,1.),.UNSPECIFIED.)
CURVE()
GEOMETRIC_REPRESENTATION_ITEM()
RATIONAL_B_SPLINE_CURVE((1.,1.,1.,1.))
REPRESENTATION_ITEM('')
);
#454=(
BOUNDED_CURVE()
B_SPLINE_CURVE(3,(#10110,#10111,#10112,#10113),.UNSPECIFIED.,.F.,.F.)
B_SPLINE_CURVE_WITH_KNOTS((4,4),(0.,1.),.UNSPECIFIED.)
CURVE()
GEOMETRIC_REPRESENTATION_ITEM()
RATIONAL_B_SPLINE_CURVE((1.,1.,1.,1.))
REPRESENTATION_ITEM('')
);
#455=(
BOUNDED_CURVE()
B_SPLINE_CURVE(3,(#10166,#10167,#10168,#10169),.UNSPECIFIED.,.F.,.F.)
B_SPLINE_CURVE_WITH_KNOTS((4,4),(0.,1.),.UNSPECIFIED.)
CURVE()
GEOMETRIC_REPRESENTATION_ITEM()
RATIONAL_B_SPLINE_CURVE((1.,1.,1.,1.))
REPRESENTATION_ITEM('')
);
#456=(
BOUNDED_CURVE()
B_SPLINE_CURVE(3,(#10172,#10173,#10174,#10175),.UNSPECIFIED.,.F.,.F.)
B_SPLINE_CURVE_WITH_KNOTS((4,4),(0.,1.),.UNSPECIFIED.)
CURVE()
GEOMETRIC_REPRESENTATION_ITEM()
RATIONAL_B_SPLINE_CURVE((1.,1.,1.,1.))
REPRESENTATION_ITEM('')
);
#457=(
BOUNDED_CURVE()
B_SPLINE_CURVE(3,(#10185,#10186,#10187,#10188),.UNSPECIFIED.,.F.,.F.)
B_SPLINE_CURVE_WITH_KNOTS((4,4),(0.,1.),.UNSPECIFIED.)
CURVE()
GEOMETRIC_REPRESENTATION_ITEM()
RATIONAL_B_SPLINE_CURVE((1.,1.,1.,1.))
REPRESENTATION_ITEM('')
);
#458=(
BOUNDED_CURVE()
B_SPLINE_CURVE(3,(#10191,#10192,#10193,#10194),.UNSPECIFIED.,.F.,.F.)
B_SPLINE_CURVE_WITH_KNOTS((4,4),(0.,1.),.UNSPECIFIED.)
CURVE()
GEOMETRIC_REPRESENTATION_ITEM()
RATIONAL_B_SPLINE_CURVE((1.,1.,1.,1.))
REPRESENTATION_ITEM('')
);
#459=(
BOUNDED_CURVE()
B_SPLINE_CURVE(3,(#10204,#10205,#10206,#10207),.UNSPECIFIED.,.F.,.F.)
B_SPLINE_CURVE_WITH_KNOTS((4,4),(0.,1.),.UNSPECIFIED.)
CURVE()
GEOMETRIC_REPRESENTATION_ITEM()
RATIONAL_B_SPLINE_CURVE((1.,1.,1.,1.))
REPRESENTATION_ITEM('')
);
#460=(
BOUNDED_CURVE()
B_SPLINE_CURVE(3,(#10210,#10211,#10212,#10213),.UNSPECIFIED.,.F.,.F.)
B_SPLINE_CURVE_WITH_KNOTS((4,4),(0.,1.),.UNSPECIFIED.)
CURVE()
GEOMETRIC_REPRESENTATION_ITEM()
RATIONAL_B_SPLINE_CURVE((1.,1.,1.,1.))
REPRESENTATION_ITEM('')
);
#461=(
BOUNDED_CURVE()
B_SPLINE_CURVE(3,(#10222,#10223,#10224,#10225),.UNSPECIFIED.,.F.,.F.)
B_SPLINE_CURVE_WITH_KNOTS((4,4),(0.,1.),.UNSPECIFIED.)
CURVE()
GEOMETRIC_REPRESENTATION_ITEM()
RATIONAL_B_SPLINE_CURVE((1.,1.,1.,1.))
REPRESENTATION_ITEM('')
);
#462=(
BOUNDED_CURVE()
B_SPLINE_CURVE(3,(#10226,#10227,#10228,#10229),.UNSPECIFIED.,.F.,.F.)
B_SPLINE_CURVE_WITH_KNOTS((4,4),(0.,1.),.UNSPECIFIED.)
CURVE()
GEOMETRIC_REPRESENTATION_ITEM()
RATIONAL_B_SPLINE_CURVE((1.,1.,1.,1.))
REPRESENTATION_ITEM('')
);
#463=(
BOUNDED_CURVE()
B_SPLINE_CURVE(3,(#10260,#10261,#10262,#10263),.UNSPECIFIED.,.F.,.F.)
B_SPLINE_CURVE_WITH_KNOTS((4,4),(0.,1.),.UNSPECIFIED.)
CURVE()
GEOMETRIC_REPRESENTATION_ITEM()
RATIONAL_B_SPLINE_CURVE((1.,1.,1.,1.))
REPRESENTATION_ITEM('')
);
#464=(
BOUNDED_CURVE()
B_SPLINE_CURVE(3,(#10266,#10267,#10268,#10269),.UNSPECIFIED.,.F.,.F.)
B_SPLINE_CURVE_WITH_KNOTS((4,4),(0.,1.),.UNSPECIFIED.)
CURVE()
GEOMETRIC_REPRESENTATION_ITEM()
RATIONAL_B_SPLINE_CURVE((1.,1.,1.,1.))
REPRESENTATION_ITEM('')
);
#465=(
BOUNDED_CURVE()
B_SPLINE_CURVE(3,(#10279,#10280,#10281,#10282),.UNSPECIFIED.,.F.,.F.)
B_SPLINE_CURVE_WITH_KNOTS((4,4),(0.,1.),.UNSPECIFIED.)
CURVE()
GEOMETRIC_REPRESENTATION_ITEM()
RATIONAL_B_SPLINE_CURVE((1.,1.,1.,1.))
REPRESENTATION_ITEM('')
);
#466=(
BOUNDED_CURVE()
B_SPLINE_CURVE(3,(#10285,#10286,#10287,#10288),.UNSPECIFIED.,.F.,.F.)
B_SPLINE_CURVE_WITH_KNOTS((4,4),(0.,1.),.UNSPECIFIED.)
CURVE()
GEOMETRIC_REPRESENTATION_ITEM()
RATIONAL_B_SPLINE_CURVE((1.,1.,1.,1.))
REPRESENTATION_ITEM('')
);
#467=(
BOUNDED_CURVE()
B_SPLINE_CURVE(3,(#10297,#10298,#10299,#10300),.UNSPECIFIED.,.F.,.F.)
B_SPLINE_CURVE_WITH_KNOTS((4,4),(0.,1.),.UNSPECIFIED.)
CURVE()
GEOMETRIC_REPRESENTATION_ITEM()
RATIONAL_B_SPLINE_CURVE((1.,1.,1.,1.))
REPRESENTATION_ITEM('')
);
#468=(
BOUNDED_CURVE()
B_SPLINE_CURVE(3,(#10301,#10302,#10303,#10304),.UNSPECIFIED.,.F.,.F.)
B_SPLINE_CURVE_WITH_KNOTS((4,4),(0.,1.),.UNSPECIFIED.)
CURVE()
GEOMETRIC_REPRESENTATION_ITEM()
RATIONAL_B_SPLINE_CURVE((1.,1.,1.,1.))
REPRESENTATION_ITEM('')
);
#469=(
BOUNDED_CURVE()
B_SPLINE_CURVE(3,(#10315,#10316,#10317,#10318),.UNSPECIFIED.,.F.,.F.)
B_SPLINE_CURVE_WITH_KNOTS((4,4),(0.,1.),.UNSPECIFIED.)
CURVE()
GEOMETRIC_REPRESENTATION_ITEM()
RATIONAL_B_SPLINE_CURVE((1.,1.,1.,1.))
REPRESENTATION_ITEM('')
);
#470=(
BOUNDED_CURVE()
B_SPLINE_CURVE(3,(#10322,#10323,#10324,#10325),.UNSPECIFIED.,.F.,.F.)
B_SPLINE_CURVE_WITH_KNOTS((4,4),(0.,1.),.UNSPECIFIED.)
CURVE()
GEOMETRIC_REPRESENTATION_ITEM()
RATIONAL_B_SPLINE_CURVE((1.,1.,1.,1.))
REPRESENTATION_ITEM('')
);
#471=(
BOUNDED_CURVE()
B_SPLINE_CURVE(3,(#10336,#10337,#10338,#10339),.UNSPECIFIED.,.F.,.F.)
B_SPLINE_CURVE_WITH_KNOTS((4,4),(0.,1.),.UNSPECIFIED.)
CURVE()
GEOMETRIC_REPRESENTATION_ITEM()
RATIONAL_B_SPLINE_CURVE((1.,1.,1.,1.))
REPRESENTATION_ITEM('')
);
#472=(
BOUNDED_CURVE()
B_SPLINE_CURVE(3,(#10342,#10343,#10344,#10345),.UNSPECIFIED.,.F.,.F.)
B_SPLINE_CURVE_WITH_KNOTS((4,4),(0.,1.),.UNSPECIFIED.)
CURVE()
GEOMETRIC_REPRESENTATION_ITEM()
RATIONAL_B_SPLINE_CURVE((1.,1.,1.,1.))
REPRESENTATION_ITEM('')
);
#473=(
BOUNDED_CURVE()
B_SPLINE_CURVE(3,(#10355,#10356,#10357,#10358),.UNSPECIFIED.,.F.,.F.)
B_SPLINE_CURVE_WITH_KNOTS((4,4),(0.,1.),.UNSPECIFIED.)
CURVE()
GEOMETRIC_REPRESENTATION_ITEM()
RATIONAL_B_SPLINE_CURVE((1.,1.,1.,1.))
REPRESENTATION_ITEM('')
);
#474=(
BOUNDED_CURVE()
B_SPLINE_CURVE(3,(#10361,#10362,#10363,#10364),.UNSPECIFIED.,.F.,.F.)
B_SPLINE_CURVE_WITH_KNOTS((4,4),(0.,1.),.UNSPECIFIED.)
CURVE()
GEOMETRIC_REPRESENTATION_ITEM()
RATIONAL_B_SPLINE_CURVE((1.,1.,1.,1.))
REPRESENTATION_ITEM('')
);
#475=(
BOUNDED_CURVE()
B_SPLINE_CURVE(3,(#10374,#10375,#10376,#10377),.UNSPECIFIED.,.F.,.F.)
B_SPLINE_CURVE_WITH_KNOTS((4,4),(0.,1.),.UNSPECIFIED.)
CURVE()
GEOMETRIC_REPRESENTATION_ITEM()
RATIONAL_B_SPLINE_CURVE((1.,1.,1.,1.))
REPRESENTATION_ITEM('')
);
#476=(
BOUNDED_CURVE()
B_SPLINE_CURVE(3,(#10380,#10381,#10382,#10383),.UNSPECIFIED.,.F.,.F.)
B_SPLINE_CURVE_WITH_KNOTS((4,4),(0.,1.),.UNSPECIFIED.)
CURVE()
GEOMETRIC_REPRESENTATION_ITEM()
RATIONAL_B_SPLINE_CURVE((1.,1.,1.,1.))
REPRESENTATION_ITEM('')
);
#477=(
BOUNDED_CURVE()
B_SPLINE_CURVE(3,(#10405,#10406,#10407,#10408),.UNSPECIFIED.,.F.,.F.)
B_SPLINE_CURVE_WITH_KNOTS((4,4),(0.,1.),.UNSPECIFIED.)
CURVE()
GEOMETRIC_REPRESENTATION_ITEM()
RATIONAL_B_SPLINE_CURVE((1.,1.,1.,1.))
REPRESENTATION_ITEM('')
);
#478=(
BOUNDED_CURVE()
B_SPLINE_CURVE(3,(#10411,#10412,#10413,#10414),.UNSPECIFIED.,.F.,.F.)
B_SPLINE_CURVE_WITH_KNOTS((4,4),(0.,1.),.UNSPECIFIED.)
CURVE()
GEOMETRIC_REPRESENTATION_ITEM()
RATIONAL_B_SPLINE_CURVE((1.,1.,1.,1.))
REPRESENTATION_ITEM('')
);
#479=(
BOUNDED_CURVE()
B_SPLINE_CURVE(3,(#10424,#10425,#10426,#10427),.UNSPECIFIED.,.F.,.F.)
B_SPLINE_CURVE_WITH_KNOTS((4,4),(0.,1.),.UNSPECIFIED.)
CURVE()
GEOMETRIC_REPRESENTATION_ITEM()
RATIONAL_B_SPLINE_CURVE((1.,1.,1.,1.))
REPRESENTATION_ITEM('')
);
#480=(
BOUNDED_CURVE()
B_SPLINE_CURVE(3,(#10430,#10431,#10432,#10433),.UNSPECIFIED.,.F.,.F.)
B_SPLINE_CURVE_WITH_KNOTS((4,4),(0.,1.),.UNSPECIFIED.)
CURVE()
GEOMETRIC_REPRESENTATION_ITEM()
RATIONAL_B_SPLINE_CURVE((1.,1.,1.,1.))
REPRESENTATION_ITEM('')
);
#481=(
BOUNDED_CURVE()
B_SPLINE_CURVE(3,(#10466,#10467,#10468,#10469),.UNSPECIFIED.,.F.,.F.)
B_SPLINE_CURVE_WITH_KNOTS((4,4),(0.,1.),.UNSPECIFIED.)
CURVE()
GEOMETRIC_REPRESENTATION_ITEM()
RATIONAL_B_SPLINE_CURVE((1.,1.,1.,1.))
REPRESENTATION_ITEM('')
);
#482=(
BOUNDED_CURVE()
B_SPLINE_CURVE(3,(#10473,#10474,#10475,#10476),.UNSPECIFIED.,.F.,.F.)
B_SPLINE_CURVE_WITH_KNOTS((4,4),(0.,1.),.UNSPECIFIED.)
CURVE()
GEOMETRIC_REPRESENTATION_ITEM()
RATIONAL_B_SPLINE_CURVE((1.,1.,1.,1.))
REPRESENTATION_ITEM('')
);
#483=(
BOUNDED_CURVE()
B_SPLINE_CURVE(3,(#10487,#10488,#10489,#10490),.UNSPECIFIED.,.F.,.F.)
B_SPLINE_CURVE_WITH_KNOTS((4,4),(0.,1.),.UNSPECIFIED.)
CURVE()
GEOMETRIC_REPRESENTATION_ITEM()
RATIONAL_B_SPLINE_CURVE((1.,1.,1.,1.))
REPRESENTATION_ITEM('')
);
#484=(
BOUNDED_CURVE()
B_SPLINE_CURVE(3,(#10493,#10494,#10495,#10496),.UNSPECIFIED.,.F.,.F.)
B_SPLINE_CURVE_WITH_KNOTS((4,4),(0.,1.),.UNSPECIFIED.)
CURVE()
GEOMETRIC_REPRESENTATION_ITEM()
RATIONAL_B_SPLINE_CURVE((1.,1.,1.,1.))
REPRESENTATION_ITEM('')
);
#485=(
BOUNDED_CURVE()
B_SPLINE_CURVE(3,(#10506,#10507,#10508,#10509),.UNSPECIFIED.,.F.,.F.)
B_SPLINE_CURVE_WITH_KNOTS((4,4),(0.,1.),.UNSPECIFIED.)
CURVE()
GEOMETRIC_REPRESENTATION_ITEM()
RATIONAL_B_SPLINE_CURVE((1.,1.,1.,1.))
REPRESENTATION_ITEM('')
);
#486=(
BOUNDED_CURVE()
B_SPLINE_CURVE(3,(#10512,#10513,#10514,#10515),.UNSPECIFIED.,.F.,.F.)
B_SPLINE_CURVE_WITH_KNOTS((4,4),(0.,1.),.UNSPECIFIED.)
CURVE()
GEOMETRIC_REPRESENTATION_ITEM()
RATIONAL_B_SPLINE_CURVE((1.,1.,1.,1.))
REPRESENTATION_ITEM('')
);
#487=(
BOUNDED_CURVE()
B_SPLINE_CURVE(3,(#10525,#10526,#10527,#10528),.UNSPECIFIED.,.F.,.F.)
B_SPLINE_CURVE_WITH_KNOTS((4,4),(0.,1.),.UNSPECIFIED.)
CURVE()
GEOMETRIC_REPRESENTATION_ITEM()
RATIONAL_B_SPLINE_CURVE((1.,1.,1.,1.))
REPRESENTATION_ITEM('')
);
#488=(
BOUNDED_CURVE()
B_SPLINE_CURVE(3,(#10531,#10532,#10533,#10534),.UNSPECIFIED.,.F.,.F.)
B_SPLINE_CURVE_WITH_KNOTS((4,4),(0.,1.),.UNSPECIFIED.)
CURVE()
GEOMETRIC_REPRESENTATION_ITEM()
RATIONAL_B_SPLINE_CURVE((1.,1.,1.,1.))
REPRESENTATION_ITEM('')
);
#489=(
BOUNDED_CURVE()
B_SPLINE_CURVE(3,(#10544,#10545,#10546,#10547),.UNSPECIFIED.,.F.,.F.)
B_SPLINE_CURVE_WITH_KNOTS((4,4),(0.,1.),.UNSPECIFIED.)
CURVE()
GEOMETRIC_REPRESENTATION_ITEM()
RATIONAL_B_SPLINE_CURVE((1.,1.,1.,1.))
REPRESENTATION_ITEM('')
);
#490=(
BOUNDED_CURVE()
B_SPLINE_CURVE(3,(#10550,#10551,#10552,#10553),.UNSPECIFIED.,.F.,.F.)
B_SPLINE_CURVE_WITH_KNOTS((4,4),(0.,1.),.UNSPECIFIED.)
CURVE()
GEOMETRIC_REPRESENTATION_ITEM()
RATIONAL_B_SPLINE_CURVE((1.,1.,1.,1.))
REPRESENTATION_ITEM('')
);
#491=(
BOUNDED_CURVE()
B_SPLINE_CURVE(3,(#10563,#10564,#10565,#10566),.UNSPECIFIED.,.F.,.F.)
B_SPLINE_CURVE_WITH_KNOTS((4,4),(0.,1.),.UNSPECIFIED.)
CURVE()
GEOMETRIC_REPRESENTATION_ITEM()
RATIONAL_B_SPLINE_CURVE((1.,1.,1.,1.))
REPRESENTATION_ITEM('')
);
#492=(
BOUNDED_CURVE()
B_SPLINE_CURVE(3,(#10569,#10570,#10571,#10572),.UNSPECIFIED.,.F.,.F.)
B_SPLINE_CURVE_WITH_KNOTS((4,4),(0.,1.),.UNSPECIFIED.)
CURVE()
GEOMETRIC_REPRESENTATION_ITEM()
RATIONAL_B_SPLINE_CURVE((1.,1.,1.,1.))
REPRESENTATION_ITEM('')
);
#493=(
BOUNDED_CURVE()
B_SPLINE_CURVE(3,(#10582,#10583,#10584,#10585),.UNSPECIFIED.,.F.,.F.)
B_SPLINE_CURVE_WITH_KNOTS((4,4),(0.,1.),.UNSPECIFIED.)
CURVE()
GEOMETRIC_REPRESENTATION_ITEM()
RATIONAL_B_SPLINE_CURVE((1.,1.,1.,1.))
REPRESENTATION_ITEM('')
);
#494=(
BOUNDED_CURVE()
B_SPLINE_CURVE(3,(#10588,#10589,#10590,#10591),.UNSPECIFIED.,.F.,.F.)
B_SPLINE_CURVE_WITH_KNOTS((4,4),(0.,1.),.UNSPECIFIED.)
CURVE()
GEOMETRIC_REPRESENTATION_ITEM()
RATIONAL_B_SPLINE_CURVE((1.,1.,1.,1.))
REPRESENTATION_ITEM('')
);
#495=(
BOUNDED_CURVE()
B_SPLINE_CURVE(3,(#10600,#10601,#10602,#10603),.UNSPECIFIED.,.F.,.F.)
B_SPLINE_CURVE_WITH_KNOTS((4,4),(0.,1.),.UNSPECIFIED.)
CURVE()
GEOMETRIC_REPRESENTATION_ITEM()
RATIONAL_B_SPLINE_CURVE((1.,1.,1.,1.))
REPRESENTATION_ITEM('')
);
#496=(
BOUNDED_CURVE()
B_SPLINE_CURVE(3,(#10604,#10605,#10606,#10607),.UNSPECIFIED.,.F.,.F.)
B_SPLINE_CURVE_WITH_KNOTS((4,4),(0.,1.),.UNSPECIFIED.)
CURVE()
GEOMETRIC_REPRESENTATION_ITEM()
RATIONAL_B_SPLINE_CURVE((1.,1.,1.,1.))
REPRESENTATION_ITEM('')
);
#497=(
BOUNDED_CURVE()
B_SPLINE_CURVE(3,(#10656,#10657,#10658,#10659),.UNSPECIFIED.,.F.,.F.)
B_SPLINE_CURVE_WITH_KNOTS((4,4),(0.,1.),.UNSPECIFIED.)
CURVE()
GEOMETRIC_REPRESENTATION_ITEM()
RATIONAL_B_SPLINE_CURVE((1.,1.,1.,1.))
REPRESENTATION_ITEM('')
);
#498=(
BOUNDED_CURVE()
B_SPLINE_CURVE(3,(#10662,#10663,#10664,#10665),.UNSPECIFIED.,.F.,.F.)
B_SPLINE_CURVE_WITH_KNOTS((4,4),(0.,1.),.UNSPECIFIED.)
CURVE()
GEOMETRIC_REPRESENTATION_ITEM()
RATIONAL_B_SPLINE_CURVE((1.,1.,1.,1.))
REPRESENTATION_ITEM('')
);
#499=(
BOUNDED_CURVE()
B_SPLINE_CURVE(3,(#10675,#10676,#10677,#10678),.UNSPECIFIED.,.F.,.F.)
B_SPLINE_CURVE_WITH_KNOTS((4,4),(0.,1.),.UNSPECIFIED.)
CURVE()
GEOMETRIC_REPRESENTATION_ITEM()
RATIONAL_B_SPLINE_CURVE((1.,1.,1.,1.))
REPRESENTATION_ITEM('')
);
#500=(
BOUNDED_CURVE()
B_SPLINE_CURVE(3,(#10681,#10682,#10683,#10684),.UNSPECIFIED.,.F.,.F.)
B_SPLINE_CURVE_WITH_KNOTS((4,4),(0.,1.),.UNSPECIFIED.)
CURVE()
GEOMETRIC_REPRESENTATION_ITEM()
RATIONAL_B_SPLINE_CURVE((1.,1.,1.,1.))
REPRESENTATION_ITEM('')
);
#501=(
BOUNDED_CURVE()
B_SPLINE_CURVE(3,(#10712,#10713,#10714,#10715),.UNSPECIFIED.,.F.,.F.)
B_SPLINE_CURVE_WITH_KNOTS((4,4),(0.,1.),.UNSPECIFIED.)
CURVE()
GEOMETRIC_REPRESENTATION_ITEM()
RATIONAL_B_SPLINE_CURVE((1.,1.,1.,1.))
REPRESENTATION_ITEM('')
);
#502=(
BOUNDED_CURVE()
B_SPLINE_CURVE(3,(#10718,#10719,#10720,#10721),.UNSPECIFIED.,.F.,.F.)
B_SPLINE_CURVE_WITH_KNOTS((4,4),(0.,1.),.UNSPECIFIED.)
CURVE()
GEOMETRIC_REPRESENTATION_ITEM()
RATIONAL_B_SPLINE_CURVE((1.,1.,1.,1.))
REPRESENTATION_ITEM('')
);
#503=(
BOUNDED_CURVE()
B_SPLINE_CURVE(3,(#10731,#10732,#10733,#10734),.UNSPECIFIED.,.F.,.F.)
B_SPLINE_CURVE_WITH_KNOTS((4,4),(0.,1.),.UNSPECIFIED.)
CURVE()
GEOMETRIC_REPRESENTATION_ITEM()
RATIONAL_B_SPLINE_CURVE((1.,1.,1.,1.))
REPRESENTATION_ITEM('')
);
#504=(
BOUNDED_CURVE()
B_SPLINE_CURVE(3,(#10737,#10738,#10739,#10740),.UNSPECIFIED.,.F.,.F.)
B_SPLINE_CURVE_WITH_KNOTS((4,4),(0.,1.),.UNSPECIFIED.)
CURVE()
GEOMETRIC_REPRESENTATION_ITEM()
RATIONAL_B_SPLINE_CURVE((1.,1.,1.,1.))
REPRESENTATION_ITEM('')
);
#505=(
BOUNDED_CURVE()
B_SPLINE_CURVE(3,(#10755,#10756,#10757,#10758),.UNSPECIFIED.,.F.,.F.)
B_SPLINE_CURVE_WITH_KNOTS((4,4),(0.,1.),.UNSPECIFIED.)
CURVE()
GEOMETRIC_REPRESENTATION_ITEM()
RATIONAL_B_SPLINE_CURVE((1.,1.,1.,1.))
REPRESENTATION_ITEM('')
);
#506=(
BOUNDED_CURVE()
B_SPLINE_CURVE(3,(#10762,#10763,#10764,#10765),.UNSPECIFIED.,.F.,.F.)
B_SPLINE_CURVE_WITH_KNOTS((4,4),(0.,1.),.UNSPECIFIED.)
CURVE()
GEOMETRIC_REPRESENTATION_ITEM()
RATIONAL_B_SPLINE_CURVE((1.,1.,1.,1.))
REPRESENTATION_ITEM('')
);
#507=(
BOUNDED_CURVE()
B_SPLINE_CURVE(3,(#10776,#10777,#10778,#10779),.UNSPECIFIED.,.F.,.F.)
B_SPLINE_CURVE_WITH_KNOTS((4,4),(0.,1.),.UNSPECIFIED.)
CURVE()
GEOMETRIC_REPRESENTATION_ITEM()
RATIONAL_B_SPLINE_CURVE((1.,1.,1.,1.))
REPRESENTATION_ITEM('')
);
#508=(
BOUNDED_CURVE()
B_SPLINE_CURVE(3,(#10782,#10783,#10784,#10785),.UNSPECIFIED.,.F.,.F.)
B_SPLINE_CURVE_WITH_KNOTS((4,4),(0.,1.),.UNSPECIFIED.)
CURVE()
GEOMETRIC_REPRESENTATION_ITEM()
RATIONAL_B_SPLINE_CURVE((1.,1.,1.,1.))
REPRESENTATION_ITEM('')
);
#509=(
BOUNDED_CURVE()
B_SPLINE_CURVE(3,(#10795,#10796,#10797,#10798),.UNSPECIFIED.,.F.,.F.)
B_SPLINE_CURVE_WITH_KNOTS((4,4),(0.,1.),.UNSPECIFIED.)
CURVE()
GEOMETRIC_REPRESENTATION_ITEM()
RATIONAL_B_SPLINE_CURVE((1.,1.,1.,1.))
REPRESENTATION_ITEM('')
);
#510=(
BOUNDED_CURVE()
B_SPLINE_CURVE(3,(#10801,#10802,#10803,#10804),.UNSPECIFIED.,.F.,.F.)
B_SPLINE_CURVE_WITH_KNOTS((4,4),(0.,1.),.UNSPECIFIED.)
CURVE()
GEOMETRIC_REPRESENTATION_ITEM()
RATIONAL_B_SPLINE_CURVE((1.,1.,1.,1.))
REPRESENTATION_ITEM('')
);
#511=(
BOUNDED_CURVE()
B_SPLINE_CURVE(3,(#10813,#10814,#10815,#10816),.UNSPECIFIED.,.F.,.F.)
B_SPLINE_CURVE_WITH_KNOTS((4,4),(0.,1.),.UNSPECIFIED.)
CURVE()
GEOMETRIC_REPRESENTATION_ITEM()
RATIONAL_B_SPLINE_CURVE((1.,1.,1.,1.))
REPRESENTATION_ITEM('')
);
#512=(
BOUNDED_CURVE()
B_SPLINE_CURVE(3,(#10817,#10818,#10819,#10820),.UNSPECIFIED.,.F.,.F.)
B_SPLINE_CURVE_WITH_KNOTS((4,4),(0.,1.),.UNSPECIFIED.)
CURVE()
GEOMETRIC_REPRESENTATION_ITEM()
RATIONAL_B_SPLINE_CURVE((1.,1.,1.,1.))
REPRESENTATION_ITEM('')
);
#513=(
BOUNDED_CURVE()
B_SPLINE_CURVE(3,(#10840,#10841,#10842,#10843),.UNSPECIFIED.,.F.,.F.)
B_SPLINE_CURVE_WITH_KNOTS((4,4),(0.,1.),.UNSPECIFIED.)
CURVE()
GEOMETRIC_REPRESENTATION_ITEM()
RATIONAL_B_SPLINE_CURVE((1.,1.,1.,1.))
REPRESENTATION_ITEM('')
);
#514=(
BOUNDED_CURVE()
B_SPLINE_CURVE(3,(#10846,#10847,#10848,#10849),.UNSPECIFIED.,.F.,.F.)
B_SPLINE_CURVE_WITH_KNOTS((4,4),(0.,1.),.UNSPECIFIED.)
CURVE()
GEOMETRIC_REPRESENTATION_ITEM()
RATIONAL_B_SPLINE_CURVE((1.,1.,1.,1.))
REPRESENTATION_ITEM('')
);
#515=(
BOUNDED_CURVE()
B_SPLINE_CURVE(3,(#10859,#10860,#10861,#10862),.UNSPECIFIED.,.F.,.F.)
B_SPLINE_CURVE_WITH_KNOTS((4,4),(0.,1.),.UNSPECIFIED.)
CURVE()
GEOMETRIC_REPRESENTATION_ITEM()
RATIONAL_B_SPLINE_CURVE((1.,1.,1.,1.))
REPRESENTATION_ITEM('')
);
#516=(
BOUNDED_CURVE()
B_SPLINE_CURVE(3,(#10865,#10866,#10867,#10868),.UNSPECIFIED.,.F.,.F.)
B_SPLINE_CURVE_WITH_KNOTS((4,4),(0.,1.),.UNSPECIFIED.)
CURVE()
GEOMETRIC_REPRESENTATION_ITEM()
RATIONAL_B_SPLINE_CURVE((1.,1.,1.,1.))
REPRESENTATION_ITEM('')
);
#517=(
BOUNDED_CURVE()
B_SPLINE_CURVE(3,(#10878,#10879,#10880,#10881),.UNSPECIFIED.,.F.,.F.)
B_SPLINE_CURVE_WITH_KNOTS((4,4),(0.,1.),.UNSPECIFIED.)
CURVE()
GEOMETRIC_REPRESENTATION_ITEM()
RATIONAL_B_SPLINE_CURVE((1.,1.,1.,1.))
REPRESENTATION_ITEM('')
);
#518=(
BOUNDED_CURVE()
B_SPLINE_CURVE(3,(#10884,#10885,#10886,#10887),.UNSPECIFIED.,.F.,.F.)
B_SPLINE_CURVE_WITH_KNOTS((4,4),(0.,1.),.UNSPECIFIED.)
CURVE()
GEOMETRIC_REPRESENTATION_ITEM()
RATIONAL_B_SPLINE_CURVE((1.,1.,1.,1.))
REPRESENTATION_ITEM('')
);
#519=(
BOUNDED_CURVE()
B_SPLINE_CURVE(3,(#10897,#10898,#10899,#10900),.UNSPECIFIED.,.F.,.F.)
B_SPLINE_CURVE_WITH_KNOTS((4,4),(0.,1.),.UNSPECIFIED.)
CURVE()
GEOMETRIC_REPRESENTATION_ITEM()
RATIONAL_B_SPLINE_CURVE((1.,1.,1.,1.))
REPRESENTATION_ITEM('')
);
#520=(
BOUNDED_CURVE()
B_SPLINE_CURVE(3,(#10903,#10904,#10905,#10906),.UNSPECIFIED.,.F.,.F.)
B_SPLINE_CURVE_WITH_KNOTS((4,4),(0.,1.),.UNSPECIFIED.)
CURVE()
GEOMETRIC_REPRESENTATION_ITEM()
RATIONAL_B_SPLINE_CURVE((1.,1.,1.,1.))
REPRESENTATION_ITEM('')
);
#521=(
BOUNDED_CURVE()
B_SPLINE_CURVE(3,(#10958,#10959,#10960,#10961),.UNSPECIFIED.,.F.,.F.)
B_SPLINE_CURVE_WITH_KNOTS((4,4),(0.,1.),.UNSPECIFIED.)
CURVE()
GEOMETRIC_REPRESENTATION_ITEM()
RATIONAL_B_SPLINE_CURVE((1.,1.,1.,1.))
REPRESENTATION_ITEM('')
);
#522=(
BOUNDED_CURVE()
B_SPLINE_CURVE(3,(#10964,#10965,#10966,#10967),.UNSPECIFIED.,.F.,.F.)
B_SPLINE_CURVE_WITH_KNOTS((4,4),(0.,1.),.UNSPECIFIED.)
CURVE()
GEOMETRIC_REPRESENTATION_ITEM()
RATIONAL_B_SPLINE_CURVE((1.,1.,1.,1.))
REPRESENTATION_ITEM('')
);
#523=(
BOUNDED_CURVE()
B_SPLINE_CURVE(3,(#10989,#10990,#10991,#10992),.UNSPECIFIED.,.F.,.F.)
B_SPLINE_CURVE_WITH_KNOTS((4,4),(0.,1.),.UNSPECIFIED.)
CURVE()
GEOMETRIC_REPRESENTATION_ITEM()
RATIONAL_B_SPLINE_CURVE((1.,1.,1.,1.))
REPRESENTATION_ITEM('')
);
#524=(
BOUNDED_CURVE()
B_SPLINE_CURVE(3,(#10995,#10996,#10997,#10998),.UNSPECIFIED.,.F.,.F.)
B_SPLINE_CURVE_WITH_KNOTS((4,4),(0.,1.),.UNSPECIFIED.)
CURVE()
GEOMETRIC_REPRESENTATION_ITEM()
RATIONAL_B_SPLINE_CURVE((1.,1.,1.,1.))
REPRESENTATION_ITEM('')
);
#525=(
BOUNDED_CURVE()
B_SPLINE_CURVE(3,(#11008,#11009,#11010,#11011),.UNSPECIFIED.,.F.,.F.)
B_SPLINE_CURVE_WITH_KNOTS((4,4),(0.,1.),.UNSPECIFIED.)
CURVE()
GEOMETRIC_REPRESENTATION_ITEM()
RATIONAL_B_SPLINE_CURVE((1.,1.,1.,1.))
REPRESENTATION_ITEM('')
);
#526=(
BOUNDED_CURVE()
B_SPLINE_CURVE(3,(#11014,#11015,#11016,#11017),.UNSPECIFIED.,.F.,.F.)
B_SPLINE_CURVE_WITH_KNOTS((4,4),(0.,1.),.UNSPECIFIED.)
CURVE()
GEOMETRIC_REPRESENTATION_ITEM()
RATIONAL_B_SPLINE_CURVE((1.,1.,1.,1.))
REPRESENTATION_ITEM('')
);
#527=(
BOUNDED_CURVE()
B_SPLINE_CURVE(3,(#11027,#11028,#11029,#11030),.UNSPECIFIED.,.F.,.F.)
B_SPLINE_CURVE_WITH_KNOTS((4,4),(0.,1.),.UNSPECIFIED.)
CURVE()
GEOMETRIC_REPRESENTATION_ITEM()
RATIONAL_B_SPLINE_CURVE((1.,1.,1.,1.))
REPRESENTATION_ITEM('')
);
#528=(
BOUNDED_CURVE()
B_SPLINE_CURVE(3,(#11033,#11034,#11035,#11036),.UNSPECIFIED.,.F.,.F.)
B_SPLINE_CURVE_WITH_KNOTS((4,4),(0.,1.),.UNSPECIFIED.)
CURVE()
GEOMETRIC_REPRESENTATION_ITEM()
RATIONAL_B_SPLINE_CURVE((1.,1.,1.,1.))
REPRESENTATION_ITEM('')
);
#529=(
BOUNDED_CURVE()
B_SPLINE_CURVE(3,(#11046,#11047,#11048,#11049),.UNSPECIFIED.,.F.,.F.)
B_SPLINE_CURVE_WITH_KNOTS((4,4),(0.,1.),.UNSPECIFIED.)
CURVE()
GEOMETRIC_REPRESENTATION_ITEM()
RATIONAL_B_SPLINE_CURVE((1.,1.,1.,1.))
REPRESENTATION_ITEM('')
);
#530=(
BOUNDED_CURVE()
B_SPLINE_CURVE(3,(#11052,#11053,#11054,#11055),.UNSPECIFIED.,.F.,.F.)
B_SPLINE_CURVE_WITH_KNOTS((4,4),(0.,1.),.UNSPECIFIED.)
CURVE()
GEOMETRIC_REPRESENTATION_ITEM()
RATIONAL_B_SPLINE_CURVE((1.,1.,1.,1.))
REPRESENTATION_ITEM('')
);
#531=(
BOUNDED_SURFACE()
B_SPLINE_SURFACE(3,1,((#8363,#8364),(#8365,#8366),(#8367,#8368),(#8369,
#8370)),.UNSPECIFIED.,.F.,.F.,.F.)
B_SPLINE_SURFACE_WITH_KNOTS((4,4),(2,2),(0.,1.),(0.,0.1),.UNSPECIFIED.)
GEOMETRIC_REPRESENTATION_ITEM()
RATIONAL_B_SPLINE_SURFACE(((1.,1.),(1.,1.),(1.,1.),(1.,1.)))
REPRESENTATION_ITEM('')
SURFACE()
);
#532=(
BOUNDED_SURFACE()
B_SPLINE_SURFACE(3,1,((#8385,#8386),(#8387,#8388),(#8389,#8390),(#8391,
#8392)),.UNSPECIFIED.,.F.,.F.,.F.)
B_SPLINE_SURFACE_WITH_KNOTS((4,4),(2,2),(0.,1.),(0.,0.1),.UNSPECIFIED.)
GEOMETRIC_REPRESENTATION_ITEM()
RATIONAL_B_SPLINE_SURFACE(((1.,1.),(1.,1.),(1.,1.),(1.,1.)))
REPRESENTATION_ITEM('')
SURFACE()
);
#533=(
BOUNDED_SURFACE()
B_SPLINE_SURFACE(3,1,((#8404,#8405),(#8406,#8407),(#8408,#8409),(#8410,
#8411)),.UNSPECIFIED.,.F.,.F.,.F.)
B_SPLINE_SURFACE_WITH_KNOTS((4,4),(2,2),(0.,1.),(0.,0.1),.UNSPECIFIED.)
GEOMETRIC_REPRESENTATION_ITEM()
RATIONAL_B_SPLINE_SURFACE(((1.,1.),(1.,1.),(1.,1.),(1.,1.)))
REPRESENTATION_ITEM('')
SURFACE()
);
#534=(
BOUNDED_SURFACE()
B_SPLINE_SURFACE(3,1,((#8420,#8421),(#8422,#8423),(#8424,#8425),(#8426,
#8427)),.UNSPECIFIED.,.F.,.F.,.F.)
B_SPLINE_SURFACE_WITH_KNOTS((4,4),(2,2),(0.,1.),(0.,0.1),.UNSPECIFIED.)
GEOMETRIC_REPRESENTATION_ITEM()
RATIONAL_B_SPLINE_SURFACE(((1.,1.),(1.,1.),(1.,1.),(1.,1.)))
REPRESENTATION_ITEM('')
SURFACE()
);
#535=(
BOUNDED_SURFACE()
B_SPLINE_SURFACE(3,1,((#8442,#8443),(#8444,#8445),(#8446,#8447),(#8448,
#8449)),.UNSPECIFIED.,.F.,.F.,.F.)
B_SPLINE_SURFACE_WITH_KNOTS((4,4),(2,2),(0.,1.),(0.,0.1),.UNSPECIFIED.)
GEOMETRIC_REPRESENTATION_ITEM()
RATIONAL_B_SPLINE_SURFACE(((1.,1.),(1.,1.),(1.,1.),(1.,1.)))
REPRESENTATION_ITEM('')
SURFACE()
);
#536=(
BOUNDED_SURFACE()
B_SPLINE_SURFACE(3,1,((#8461,#8462),(#8463,#8464),(#8465,#8466),(#8467,
#8468)),.UNSPECIFIED.,.F.,.F.,.F.)
B_SPLINE_SURFACE_WITH_KNOTS((4,4),(2,2),(0.,1.),(0.,0.1),.UNSPECIFIED.)
GEOMETRIC_REPRESENTATION_ITEM()
RATIONAL_B_SPLINE_SURFACE(((1.,1.),(1.,1.),(1.,1.),(1.,1.)))
REPRESENTATION_ITEM('')
SURFACE()
);
#537=(
BOUNDED_SURFACE()
B_SPLINE_SURFACE(3,1,((#8480,#8481),(#8482,#8483),(#8484,#8485),(#8486,
#8487)),.UNSPECIFIED.,.F.,.F.,.F.)
B_SPLINE_SURFACE_WITH_KNOTS((4,4),(2,2),(0.,1.),(0.,0.1),.UNSPECIFIED.)
GEOMETRIC_REPRESENTATION_ITEM()
RATIONAL_B_SPLINE_SURFACE(((1.,1.),(1.,1.),(1.,1.),(1.,1.)))
REPRESENTATION_ITEM('')
SURFACE()
);
#538=(
BOUNDED_SURFACE()
B_SPLINE_SURFACE(3,1,((#8499,#8500),(#8501,#8502),(#8503,#8504),(#8505,
#8506)),.UNSPECIFIED.,.F.,.F.,.F.)
B_SPLINE_SURFACE_WITH_KNOTS((4,4),(2,2),(0.,1.),(0.,0.1),.UNSPECIFIED.)
GEOMETRIC_REPRESENTATION_ITEM()
RATIONAL_B_SPLINE_SURFACE(((1.,1.),(1.,1.),(1.,1.),(1.,1.)))
REPRESENTATION_ITEM('')
SURFACE()
);
#539=(
BOUNDED_SURFACE()
B_SPLINE_SURFACE(3,1,((#8518,#8519),(#8520,#8521),(#8522,#8523),(#8524,
#8525)),.UNSPECIFIED.,.F.,.F.,.F.)
B_SPLINE_SURFACE_WITH_KNOTS((4,4),(2,2),(0.,1.),(0.,0.1),.UNSPECIFIED.)
GEOMETRIC_REPRESENTATION_ITEM()
RATIONAL_B_SPLINE_SURFACE(((1.,1.),(1.,1.),(1.,1.),(1.,1.)))
REPRESENTATION_ITEM('')
SURFACE()
);
#540=(
BOUNDED_SURFACE()
B_SPLINE_SURFACE(3,1,((#8537,#8538),(#8539,#8540),(#8541,#8542),(#8543,
#8544)),.UNSPECIFIED.,.F.,.F.,.F.)
B_SPLINE_SURFACE_WITH_KNOTS((4,4),(2,2),(0.,1.),(0.,0.1),.UNSPECIFIED.)
GEOMETRIC_REPRESENTATION_ITEM()
RATIONAL_B_SPLINE_SURFACE(((1.,1.),(1.,1.),(1.,1.),(1.,1.)))
REPRESENTATION_ITEM('')
SURFACE()
);
#541=(
BOUNDED_SURFACE()
B_SPLINE_SURFACE(3,1,((#8556,#8557),(#8558,#8559),(#8560,#8561),(#8562,
#8563)),.UNSPECIFIED.,.F.,.F.,.F.)
B_SPLINE_SURFACE_WITH_KNOTS((4,4),(2,2),(0.,1.),(0.,0.1),.UNSPECIFIED.)
GEOMETRIC_REPRESENTATION_ITEM()
RATIONAL_B_SPLINE_SURFACE(((1.,1.),(1.,1.),(1.,1.),(1.,1.)))
REPRESENTATION_ITEM('')
SURFACE()
);
#542=(
BOUNDED_SURFACE()
B_SPLINE_SURFACE(3,1,((#8575,#8576),(#8577,#8578),(#8579,#8580),(#8581,
#8582)),.UNSPECIFIED.,.F.,.F.,.F.)
B_SPLINE_SURFACE_WITH_KNOTS((4,4),(2,2),(0.,1.),(0.,0.1),.UNSPECIFIED.)
GEOMETRIC_REPRESENTATION_ITEM()
RATIONAL_B_SPLINE_SURFACE(((1.,1.),(1.,1.),(1.,1.),(1.,1.)))
REPRESENTATION_ITEM('')
SURFACE()
);
#543=(
BOUNDED_SURFACE()
B_SPLINE_SURFACE(3,1,((#8594,#8595),(#8596,#8597),(#8598,#8599),(#8600,
#8601)),.UNSPECIFIED.,.F.,.F.,.F.)
B_SPLINE_SURFACE_WITH_KNOTS((4,4),(2,2),(0.,1.),(0.,0.1),.UNSPECIFIED.)
GEOMETRIC_REPRESENTATION_ITEM()
RATIONAL_B_SPLINE_SURFACE(((1.,1.),(1.,1.),(1.,1.),(1.,1.)))
REPRESENTATION_ITEM('')
SURFACE()
);
#544=(
BOUNDED_SURFACE()
B_SPLINE_SURFACE(3,1,((#8613,#8614),(#8615,#8616),(#8617,#8618),(#8619,
#8620)),.UNSPECIFIED.,.F.,.F.,.F.)
B_SPLINE_SURFACE_WITH_KNOTS((4,4),(2,2),(0.,1.),(0.,0.1),.UNSPECIFIED.)
GEOMETRIC_REPRESENTATION_ITEM()
RATIONAL_B_SPLINE_SURFACE(((1.,1.),(1.,1.),(1.,1.),(1.,1.)))
REPRESENTATION_ITEM('')
SURFACE()
);
#545=(
BOUNDED_SURFACE()
B_SPLINE_SURFACE(3,1,((#8632,#8633),(#8634,#8635),(#8636,#8637),(#8638,
#8639)),.UNSPECIFIED.,.F.,.F.,.F.)
B_SPLINE_SURFACE_WITH_KNOTS((4,4),(2,2),(0.,1.),(0.,0.1),.UNSPECIFIED.)
GEOMETRIC_REPRESENTATION_ITEM()
RATIONAL_B_SPLINE_SURFACE(((1.,1.),(1.,1.),(1.,1.),(1.,1.)))
REPRESENTATION_ITEM('')
SURFACE()
);
#546=(
BOUNDED_SURFACE()
B_SPLINE_SURFACE(3,1,((#8651,#8652),(#8653,#8654),(#8655,#8656),(#8657,
#8658)),.UNSPECIFIED.,.F.,.F.,.F.)
B_SPLINE_SURFACE_WITH_KNOTS((4,4),(2,2),(0.,1.),(0.,0.1),.UNSPECIFIED.)
GEOMETRIC_REPRESENTATION_ITEM()
RATIONAL_B_SPLINE_SURFACE(((1.,1.),(1.,1.),(1.,1.),(1.,1.)))
REPRESENTATION_ITEM('')
SURFACE()
);
#547=(
BOUNDED_SURFACE()
B_SPLINE_SURFACE(3,1,((#8670,#8671),(#8672,#8673),(#8674,#8675),(#8676,
#8677)),.UNSPECIFIED.,.F.,.F.,.F.)
B_SPLINE_SURFACE_WITH_KNOTS((4,4),(2,2),(0.,1.),(0.,0.1),.UNSPECIFIED.)
GEOMETRIC_REPRESENTATION_ITEM()
RATIONAL_B_SPLINE_SURFACE(((1.,1.),(1.,1.),(1.,1.),(1.,1.)))
REPRESENTATION_ITEM('')
SURFACE()
);
#548=(
BOUNDED_SURFACE()
B_SPLINE_SURFACE(3,1,((#8689,#8690),(#8691,#8692),(#8693,#8694),(#8695,
#8696)),.UNSPECIFIED.,.F.,.F.,.F.)
B_SPLINE_SURFACE_WITH_KNOTS((4,4),(2,2),(0.,1.),(0.,0.1),.UNSPECIFIED.)
GEOMETRIC_REPRESENTATION_ITEM()
RATIONAL_B_SPLINE_SURFACE(((1.,1.),(1.,1.),(1.,1.),(1.,1.)))
REPRESENTATION_ITEM('')
SURFACE()
);
#549=(
BOUNDED_SURFACE()
B_SPLINE_SURFACE(3,1,((#8708,#8709),(#8710,#8711),(#8712,#8713),(#8714,
#8715)),.UNSPECIFIED.,.F.,.F.,.F.)
B_SPLINE_SURFACE_WITH_KNOTS((4,4),(2,2),(0.,1.),(0.,0.1),.UNSPECIFIED.)
GEOMETRIC_REPRESENTATION_ITEM()
RATIONAL_B_SPLINE_SURFACE(((1.,1.),(1.,1.),(1.,1.),(1.,1.)))
REPRESENTATION_ITEM('')
SURFACE()
);
#550=(
BOUNDED_SURFACE()
B_SPLINE_SURFACE(3,1,((#8727,#8728),(#8729,#8730),(#8731,#8732),(#8733,
#8734)),.UNSPECIFIED.,.F.,.F.,.F.)
B_SPLINE_SURFACE_WITH_KNOTS((4,4),(2,2),(0.,1.),(0.,0.1),.UNSPECIFIED.)
GEOMETRIC_REPRESENTATION_ITEM()
RATIONAL_B_SPLINE_SURFACE(((1.,1.),(1.,1.),(1.,1.),(1.,1.)))
REPRESENTATION_ITEM('')
SURFACE()
);
#551=(
BOUNDED_SURFACE()
B_SPLINE_SURFACE(3,1,((#8746,#8747),(#8748,#8749),(#8750,#8751),(#8752,
#8753)),.UNSPECIFIED.,.F.,.F.,.F.)
B_SPLINE_SURFACE_WITH_KNOTS((4,4),(2,2),(0.,1.),(0.,0.1),.UNSPECIFIED.)
GEOMETRIC_REPRESENTATION_ITEM()
RATIONAL_B_SPLINE_SURFACE(((1.,1.),(1.,1.),(1.,1.),(1.,1.)))
REPRESENTATION_ITEM('')
SURFACE()
);
#552=(
BOUNDED_SURFACE()
B_SPLINE_SURFACE(3,1,((#8765,#8766),(#8767,#8768),(#8769,#8770),(#8771,
#8772)),.UNSPECIFIED.,.F.,.F.,.F.)
B_SPLINE_SURFACE_WITH_KNOTS((4,4),(2,2),(0.,1.),(0.,0.1),.UNSPECIFIED.)
GEOMETRIC_REPRESENTATION_ITEM()
RATIONAL_B_SPLINE_SURFACE(((1.,1.),(1.,1.),(1.,1.),(1.,1.)))
REPRESENTATION_ITEM('')
SURFACE()
);
#553=(
BOUNDED_SURFACE()
B_SPLINE_SURFACE(3,1,((#8784,#8785),(#8786,#8787),(#8788,#8789),(#8790,
#8791)),.UNSPECIFIED.,.F.,.F.,.F.)
B_SPLINE_SURFACE_WITH_KNOTS((4,4),(2,2),(0.,1.),(0.,0.1),.UNSPECIFIED.)
GEOMETRIC_REPRESENTATION_ITEM()
RATIONAL_B_SPLINE_SURFACE(((1.,1.),(1.,1.),(1.,1.),(1.,1.)))
REPRESENTATION_ITEM('')
SURFACE()
);
#554=(
BOUNDED_SURFACE()
B_SPLINE_SURFACE(3,1,((#8803,#8804),(#8805,#8806),(#8807,#8808),(#8809,
#8810)),.UNSPECIFIED.,.F.,.F.,.F.)
B_SPLINE_SURFACE_WITH_KNOTS((4,4),(2,2),(0.,1.),(0.,0.1),.UNSPECIFIED.)
GEOMETRIC_REPRESENTATION_ITEM()
RATIONAL_B_SPLINE_SURFACE(((1.,1.),(1.,1.),(1.,1.),(1.,1.)))
REPRESENTATION_ITEM('')
SURFACE()
);
#555=(
BOUNDED_SURFACE()
B_SPLINE_SURFACE(3,1,((#8822,#8823),(#8824,#8825),(#8826,#8827),(#8828,
#8829)),.UNSPECIFIED.,.F.,.F.,.F.)
B_SPLINE_SURFACE_WITH_KNOTS((4,4),(2,2),(0.,1.),(0.,0.1),.UNSPECIFIED.)
GEOMETRIC_REPRESENTATION_ITEM()
RATIONAL_B_SPLINE_SURFACE(((1.,1.),(1.,1.),(1.,1.),(1.,1.)))
REPRESENTATION_ITEM('')
SURFACE()
);
#556=(
BOUNDED_SURFACE()
B_SPLINE_SURFACE(3,1,((#8841,#8842),(#8843,#8844),(#8845,#8846),(#8847,
#8848)),.UNSPECIFIED.,.F.,.F.,.F.)
B_SPLINE_SURFACE_WITH_KNOTS((4,4),(2,2),(0.,1.),(0.,0.1),.UNSPECIFIED.)
GEOMETRIC_REPRESENTATION_ITEM()
RATIONAL_B_SPLINE_SURFACE(((1.,1.),(1.,1.),(1.,1.),(1.,1.)))
REPRESENTATION_ITEM('')
SURFACE()
);
#557=(
BOUNDED_SURFACE()
B_SPLINE_SURFACE(3,1,((#8860,#8861),(#8862,#8863),(#8864,#8865),(#8866,
#8867)),.UNSPECIFIED.,.F.,.F.,.F.)
B_SPLINE_SURFACE_WITH_KNOTS((4,4),(2,2),(0.,1.),(0.,0.1),.UNSPECIFIED.)
GEOMETRIC_REPRESENTATION_ITEM()
RATIONAL_B_SPLINE_SURFACE(((1.,1.),(1.,1.),(1.,1.),(1.,1.)))
REPRESENTATION_ITEM('')
SURFACE()
);
#558=(
BOUNDED_SURFACE()
B_SPLINE_SURFACE(3,1,((#8879,#8880),(#8881,#8882),(#8883,#8884),(#8885,
#8886)),.UNSPECIFIED.,.F.,.F.,.F.)
B_SPLINE_SURFACE_WITH_KNOTS((4,4),(2,2),(0.,1.),(0.,0.1),.UNSPECIFIED.)
GEOMETRIC_REPRESENTATION_ITEM()
RATIONAL_B_SPLINE_SURFACE(((1.,1.),(1.,1.),(1.,1.),(1.,1.)))
REPRESENTATION_ITEM('')
SURFACE()
);
#559=(
BOUNDED_SURFACE()
B_SPLINE_SURFACE(3,1,((#8898,#8899),(#8900,#8901),(#8902,#8903),(#8904,
#8905)),.UNSPECIFIED.,.F.,.F.,.F.)
B_SPLINE_SURFACE_WITH_KNOTS((4,4),(2,2),(0.,1.),(0.,0.1),.UNSPECIFIED.)
GEOMETRIC_REPRESENTATION_ITEM()
RATIONAL_B_SPLINE_SURFACE(((1.,1.),(1.,1.),(1.,1.),(1.,1.)))
REPRESENTATION_ITEM('')
SURFACE()
);
#560=(
BOUNDED_SURFACE()
B_SPLINE_SURFACE(3,1,((#8917,#8918),(#8919,#8920),(#8921,#8922),(#8923,
#8924)),.UNSPECIFIED.,.F.,.F.,.F.)
B_SPLINE_SURFACE_WITH_KNOTS((4,4),(2,2),(0.,1.),(0.,0.1),.UNSPECIFIED.)
GEOMETRIC_REPRESENTATION_ITEM()
RATIONAL_B_SPLINE_SURFACE(((1.,1.),(1.,1.),(1.,1.),(1.,1.)))
REPRESENTATION_ITEM('')
SURFACE()
);
#561=(
BOUNDED_SURFACE()
B_SPLINE_SURFACE(3,1,((#8936,#8937),(#8938,#8939),(#8940,#8941),(#8942,
#8943)),.UNSPECIFIED.,.F.,.F.,.F.)
B_SPLINE_SURFACE_WITH_KNOTS((4,4),(2,2),(0.,1.),(0.,0.1),.UNSPECIFIED.)
GEOMETRIC_REPRESENTATION_ITEM()
RATIONAL_B_SPLINE_SURFACE(((1.,1.),(1.,1.),(1.,1.),(1.,1.)))
REPRESENTATION_ITEM('')
SURFACE()
);
#562=(
BOUNDED_SURFACE()
B_SPLINE_SURFACE(3,1,((#8955,#8956),(#8957,#8958),(#8959,#8960),(#8961,
#8962)),.UNSPECIFIED.,.F.,.F.,.F.)
B_SPLINE_SURFACE_WITH_KNOTS((4,4),(2,2),(0.,1.),(0.,0.1),.UNSPECIFIED.)
GEOMETRIC_REPRESENTATION_ITEM()
RATIONAL_B_SPLINE_SURFACE(((1.,1.),(1.,1.),(1.,1.),(1.,1.)))
REPRESENTATION_ITEM('')
SURFACE()
);
#563=(
BOUNDED_SURFACE()
B_SPLINE_SURFACE(3,1,((#8974,#8975),(#8976,#8977),(#8978,#8979),(#8980,
#8981)),.UNSPECIFIED.,.F.,.F.,.F.)
B_SPLINE_SURFACE_WITH_KNOTS((4,4),(2,2),(0.,1.),(0.,0.1),.UNSPECIFIED.)
GEOMETRIC_REPRESENTATION_ITEM()
RATIONAL_B_SPLINE_SURFACE(((1.,1.),(1.,1.),(1.,1.),(1.,1.)))
REPRESENTATION_ITEM('')
SURFACE()
);
#564=(
BOUNDED_SURFACE()
B_SPLINE_SURFACE(3,1,((#8993,#8994),(#8995,#8996),(#8997,#8998),(#8999,
#9000)),.UNSPECIFIED.,.F.,.F.,.F.)
B_SPLINE_SURFACE_WITH_KNOTS((4,4),(2,2),(0.,1.),(0.,0.1),.UNSPECIFIED.)
GEOMETRIC_REPRESENTATION_ITEM()
RATIONAL_B_SPLINE_SURFACE(((1.,1.),(1.,1.),(1.,1.),(1.,1.)))
REPRESENTATION_ITEM('')
SURFACE()
);
#565=(
BOUNDED_SURFACE()
B_SPLINE_SURFACE(3,1,((#9012,#9013),(#9014,#9015),(#9016,#9017),(#9018,
#9019)),.UNSPECIFIED.,.F.,.F.,.F.)
B_SPLINE_SURFACE_WITH_KNOTS((4,4),(2,2),(0.,1.),(0.,0.1),.UNSPECIFIED.)
GEOMETRIC_REPRESENTATION_ITEM()
RATIONAL_B_SPLINE_SURFACE(((1.,1.),(1.,1.),(1.,1.),(1.,1.)))
REPRESENTATION_ITEM('')
SURFACE()
);
#566=(
BOUNDED_SURFACE()
B_SPLINE_SURFACE(3,1,((#9031,#9032),(#9033,#9034),(#9035,#9036),(#9037,
#9038)),.UNSPECIFIED.,.F.,.F.,.F.)
B_SPLINE_SURFACE_WITH_KNOTS((4,4),(2,2),(0.,1.),(0.,0.1),.UNSPECIFIED.)
GEOMETRIC_REPRESENTATION_ITEM()
RATIONAL_B_SPLINE_SURFACE(((1.,1.),(1.,1.),(1.,1.),(1.,1.)))
REPRESENTATION_ITEM('')
SURFACE()
);
#567=(
BOUNDED_SURFACE()
B_SPLINE_SURFACE(3,1,((#9050,#9051),(#9052,#9053),(#9054,#9055),(#9056,
#9057)),.UNSPECIFIED.,.F.,.F.,.F.)
B_SPLINE_SURFACE_WITH_KNOTS((4,4),(2,2),(0.,1.),(0.,0.1),.UNSPECIFIED.)
GEOMETRIC_REPRESENTATION_ITEM()
RATIONAL_B_SPLINE_SURFACE(((1.,1.),(1.,1.),(1.,1.),(1.,1.)))
REPRESENTATION_ITEM('')
SURFACE()
);
#568=(
BOUNDED_SURFACE()
B_SPLINE_SURFACE(3,1,((#9069,#9070),(#9071,#9072),(#9073,#9074),(#9075,
#9076)),.UNSPECIFIED.,.F.,.F.,.F.)
B_SPLINE_SURFACE_WITH_KNOTS((4,4),(2,2),(0.,1.),(0.,0.1),.UNSPECIFIED.)
GEOMETRIC_REPRESENTATION_ITEM()
RATIONAL_B_SPLINE_SURFACE(((1.,1.),(1.,1.),(1.,1.),(1.,1.)))
REPRESENTATION_ITEM('')
SURFACE()
);
#569=(
BOUNDED_SURFACE()
B_SPLINE_SURFACE(3,1,((#9088,#9089),(#9090,#9091),(#9092,#9093),(#9094,
#9095)),.UNSPECIFIED.,.F.,.F.,.F.)
B_SPLINE_SURFACE_WITH_KNOTS((4,4),(2,2),(0.,1.),(0.,0.1),.UNSPECIFIED.)
GEOMETRIC_REPRESENTATION_ITEM()
RATIONAL_B_SPLINE_SURFACE(((1.,1.),(1.,1.),(1.,1.),(1.,1.)))
REPRESENTATION_ITEM('')
SURFACE()
);
#570=(
BOUNDED_SURFACE()
B_SPLINE_SURFACE(3,1,((#9107,#9108),(#9109,#9110),(#9111,#9112),(#9113,
#9114)),.UNSPECIFIED.,.F.,.F.,.F.)
B_SPLINE_SURFACE_WITH_KNOTS((4,4),(2,2),(0.,1.),(0.,0.1),.UNSPECIFIED.)
GEOMETRIC_REPRESENTATION_ITEM()
RATIONAL_B_SPLINE_SURFACE(((1.,1.),(1.,1.),(1.,1.),(1.,1.)))
REPRESENTATION_ITEM('')
SURFACE()
);
#571=(
BOUNDED_SURFACE()
B_SPLINE_SURFACE(3,1,((#9126,#9127),(#9128,#9129),(#9130,#9131),(#9132,
#9133)),.UNSPECIFIED.,.F.,.F.,.F.)
B_SPLINE_SURFACE_WITH_KNOTS((4,4),(2,2),(0.,1.),(0.,0.1),.UNSPECIFIED.)
GEOMETRIC_REPRESENTATION_ITEM()
RATIONAL_B_SPLINE_SURFACE(((1.,1.),(1.,1.),(1.,1.),(1.,1.)))
REPRESENTATION_ITEM('')
SURFACE()
);
#572=(
BOUNDED_SURFACE()
B_SPLINE_SURFACE(3,1,((#9222,#9223),(#9224,#9225),(#9226,#9227),(#9228,
#9229)),.UNSPECIFIED.,.F.,.F.,.F.)
B_SPLINE_SURFACE_WITH_KNOTS((4,4),(2,2),(0.,1.),(0.,0.1),.UNSPECIFIED.)
GEOMETRIC_REPRESENTATION_ITEM()
RATIONAL_B_SPLINE_SURFACE(((1.,1.),(1.,1.),(1.,1.),(1.,1.)))
REPRESENTATION_ITEM('')
SURFACE()
);
#573=(
BOUNDED_SURFACE()
B_SPLINE_SURFACE(3,1,((#9244,#9245),(#9246,#9247),(#9248,#9249),(#9250,
#9251)),.UNSPECIFIED.,.F.,.F.,.F.)
B_SPLINE_SURFACE_WITH_KNOTS((4,4),(2,2),(0.,1.),(0.,0.1),.UNSPECIFIED.)
GEOMETRIC_REPRESENTATION_ITEM()
RATIONAL_B_SPLINE_SURFACE(((1.,1.),(1.,1.),(1.,1.),(1.,1.)))
REPRESENTATION_ITEM('')
SURFACE()
);
#574=(
BOUNDED_SURFACE()
B_SPLINE_SURFACE(3,1,((#9263,#9264),(#9265,#9266),(#9267,#9268),(#9269,
#9270)),.UNSPECIFIED.,.F.,.F.,.F.)
B_SPLINE_SURFACE_WITH_KNOTS((4,4),(2,2),(0.,1.),(0.,0.1),.UNSPECIFIED.)
GEOMETRIC_REPRESENTATION_ITEM()
RATIONAL_B_SPLINE_SURFACE(((1.,1.),(1.,1.),(1.,1.),(1.,1.)))
REPRESENTATION_ITEM('')
SURFACE()
);
#575=(
BOUNDED_SURFACE()
B_SPLINE_SURFACE(3,1,((#9282,#9283),(#9284,#9285),(#9286,#9287),(#9288,
#9289)),.UNSPECIFIED.,.F.,.F.,.F.)
B_SPLINE_SURFACE_WITH_KNOTS((4,4),(2,2),(0.,1.),(0.,0.1),.UNSPECIFIED.)
GEOMETRIC_REPRESENTATION_ITEM()
RATIONAL_B_SPLINE_SURFACE(((1.,1.),(1.,1.),(1.,1.),(1.,1.)))
REPRESENTATION_ITEM('')
SURFACE()
);
#576=(
BOUNDED_SURFACE()
B_SPLINE_SURFACE(3,1,((#9313,#9314),(#9315,#9316),(#9317,#9318),(#9319,
#9320)),.UNSPECIFIED.,.F.,.F.,.F.)
B_SPLINE_SURFACE_WITH_KNOTS((4,4),(2,2),(0.,1.),(0.,0.1),.UNSPECIFIED.)
GEOMETRIC_REPRESENTATION_ITEM()
RATIONAL_B_SPLINE_SURFACE(((1.,1.),(1.,1.),(1.,1.),(1.,1.)))
REPRESENTATION_ITEM('')
SURFACE()
);
#577=(
BOUNDED_SURFACE()
B_SPLINE_SURFACE(3,1,((#9332,#9333),(#9334,#9335),(#9336,#9337),(#9338,
#9339)),.UNSPECIFIED.,.F.,.F.,.F.)
B_SPLINE_SURFACE_WITH_KNOTS((4,4),(2,2),(0.,1.),(0.,0.1),.UNSPECIFIED.)
GEOMETRIC_REPRESENTATION_ITEM()
RATIONAL_B_SPLINE_SURFACE(((1.,1.),(1.,1.),(1.,1.),(1.,1.)))
REPRESENTATION_ITEM('')
SURFACE()
);
#578=(
BOUNDED_SURFACE()
B_SPLINE_SURFACE(3,1,((#9351,#9352),(#9353,#9354),(#9355,#9356),(#9357,
#9358)),.UNSPECIFIED.,.F.,.F.,.F.)
B_SPLINE_SURFACE_WITH_KNOTS((4,4),(2,2),(0.,1.),(0.,0.1),.UNSPECIFIED.)
GEOMETRIC_REPRESENTATION_ITEM()
RATIONAL_B_SPLINE_SURFACE(((1.,1.),(1.,1.),(1.,1.),(1.,1.)))
REPRESENTATION_ITEM('')
SURFACE()
);
#579=(
BOUNDED_SURFACE()
B_SPLINE_SURFACE(3,1,((#9370,#9371),(#9372,#9373),(#9374,#9375),(#9376,
#9377)),.UNSPECIFIED.,.F.,.F.,.F.)
B_SPLINE_SURFACE_WITH_KNOTS((4,4),(2,2),(0.,1.),(0.,0.1),.UNSPECIFIED.)
GEOMETRIC_REPRESENTATION_ITEM()
RATIONAL_B_SPLINE_SURFACE(((1.,1.),(1.,1.),(1.,1.),(1.,1.)))
REPRESENTATION_ITEM('')
SURFACE()
);
#580=(
BOUNDED_SURFACE()
B_SPLINE_SURFACE(3,1,((#9389,#9390),(#9391,#9392),(#9393,#9394),(#9395,
#9396)),.UNSPECIFIED.,.F.,.F.,.F.)
B_SPLINE_SURFACE_WITH_KNOTS((4,4),(2,2),(0.,1.),(0.,0.1),.UNSPECIFIED.)
GEOMETRIC_REPRESENTATION_ITEM()
RATIONAL_B_SPLINE_SURFACE(((1.,1.),(1.,1.),(1.,1.),(1.,1.)))
REPRESENTATION_ITEM('')
SURFACE()
);
#581=(
BOUNDED_SURFACE()
B_SPLINE_SURFACE(3,1,((#9408,#9409),(#9410,#9411),(#9412,#9413),(#9414,
#9415)),.UNSPECIFIED.,.F.,.F.,.F.)
B_SPLINE_SURFACE_WITH_KNOTS((4,4),(2,2),(0.,1.),(0.,0.1),.UNSPECIFIED.)
GEOMETRIC_REPRESENTATION_ITEM()
RATIONAL_B_SPLINE_SURFACE(((1.,1.),(1.,1.),(1.,1.),(1.,1.)))
REPRESENTATION_ITEM('')
SURFACE()
);
#582=(
BOUNDED_SURFACE()
B_SPLINE_SURFACE(3,1,((#9427,#9428),(#9429,#9430),(#9431,#9432),(#9433,
#9434)),.UNSPECIFIED.,.F.,.F.,.F.)
B_SPLINE_SURFACE_WITH_KNOTS((4,4),(2,2),(0.,1.),(0.,0.1),.UNSPECIFIED.)
GEOMETRIC_REPRESENTATION_ITEM()
RATIONAL_B_SPLINE_SURFACE(((1.,1.),(1.,1.),(1.,1.),(1.,1.)))
REPRESENTATION_ITEM('')
SURFACE()
);
#583=(
BOUNDED_SURFACE()
B_SPLINE_SURFACE(3,1,((#9446,#9447),(#9448,#9449),(#9450,#9451),(#9452,
#9453)),.UNSPECIFIED.,.F.,.F.,.F.)
B_SPLINE_SURFACE_WITH_KNOTS((4,4),(2,2),(0.,1.),(0.,0.1),.UNSPECIFIED.)
GEOMETRIC_REPRESENTATION_ITEM()
RATIONAL_B_SPLINE_SURFACE(((1.,1.),(1.,1.),(1.,1.),(1.,1.)))
REPRESENTATION_ITEM('')
SURFACE()
);
#584=(
BOUNDED_SURFACE()
B_SPLINE_SURFACE(3,1,((#9500,#9501),(#9502,#9503),(#9504,#9505),(#9506,
#9507)),.UNSPECIFIED.,.F.,.F.,.F.)
B_SPLINE_SURFACE_WITH_KNOTS((4,4),(2,2),(0.,1.),(0.,0.1),.UNSPECIFIED.)
GEOMETRIC_REPRESENTATION_ITEM()
RATIONAL_B_SPLINE_SURFACE(((1.,1.),(1.,1.),(1.,1.),(1.,1.)))
REPRESENTATION_ITEM('')
SURFACE()
);
#585=(
BOUNDED_SURFACE()
B_SPLINE_SURFACE(3,1,((#9522,#9523),(#9524,#9525),(#9526,#9527),(#9528,
#9529)),.UNSPECIFIED.,.F.,.F.,.F.)
B_SPLINE_SURFACE_WITH_KNOTS((4,4),(2,2),(0.,1.),(0.,0.1),.UNSPECIFIED.)
GEOMETRIC_REPRESENTATION_ITEM()
RATIONAL_B_SPLINE_SURFACE(((1.,1.),(1.,1.),(1.,1.),(1.,1.)))
REPRESENTATION_ITEM('')
SURFACE()
);
#586=(
BOUNDED_SURFACE()
B_SPLINE_SURFACE(3,1,((#9541,#9542),(#9543,#9544),(#9545,#9546),(#9547,
#9548)),.UNSPECIFIED.,.F.,.F.,.F.)
B_SPLINE_SURFACE_WITH_KNOTS((4,4),(2,2),(0.,1.),(0.,0.1),.UNSPECIFIED.)
GEOMETRIC_REPRESENTATION_ITEM()
RATIONAL_B_SPLINE_SURFACE(((1.,1.),(1.,1.),(1.,1.),(1.,1.)))
REPRESENTATION_ITEM('')
SURFACE()
);
#587=(
BOUNDED_SURFACE()
B_SPLINE_SURFACE(3,1,((#9567,#9568),(#9569,#9570),(#9571,#9572),(#9573,
#9574)),.UNSPECIFIED.,.F.,.F.,.F.)
B_SPLINE_SURFACE_WITH_KNOTS((4,4),(2,2),(0.,1.),(0.,0.1),.UNSPECIFIED.)
GEOMETRIC_REPRESENTATION_ITEM()
RATIONAL_B_SPLINE_SURFACE(((1.,1.),(1.,1.),(1.,1.),(1.,1.)))
REPRESENTATION_ITEM('')
SURFACE()
);
#588=(
BOUNDED_SURFACE()
B_SPLINE_SURFACE(3,1,((#9586,#9587),(#9588,#9589),(#9590,#9591),(#9592,
#9593)),.UNSPECIFIED.,.F.,.F.,.F.)
B_SPLINE_SURFACE_WITH_KNOTS((4,4),(2,2),(0.,1.),(0.,0.1),.UNSPECIFIED.)
GEOMETRIC_REPRESENTATION_ITEM()
RATIONAL_B_SPLINE_SURFACE(((1.,1.),(1.,1.),(1.,1.),(1.,1.)))
REPRESENTATION_ITEM('')
SURFACE()
);
#589=(
BOUNDED_SURFACE()
B_SPLINE_SURFACE(3,1,((#9605,#9606),(#9607,#9608),(#9609,#9610),(#9611,
#9612)),.UNSPECIFIED.,.F.,.F.,.F.)
B_SPLINE_SURFACE_WITH_KNOTS((4,4),(2,2),(0.,1.),(0.,0.1),.UNSPECIFIED.)
GEOMETRIC_REPRESENTATION_ITEM()
RATIONAL_B_SPLINE_SURFACE(((1.,1.),(1.,1.),(1.,1.),(1.,1.)))
REPRESENTATION_ITEM('')
SURFACE()
);
#590=(
BOUNDED_SURFACE()
B_SPLINE_SURFACE(3,1,((#9624,#9625),(#9626,#9627),(#9628,#9629),(#9630,
#9631)),.UNSPECIFIED.,.F.,.F.,.F.)
B_SPLINE_SURFACE_WITH_KNOTS((4,4),(2,2),(0.,1.),(0.,0.1),.UNSPECIFIED.)
GEOMETRIC_REPRESENTATION_ITEM()
RATIONAL_B_SPLINE_SURFACE(((1.,1.),(1.,1.),(1.,1.),(1.,1.)))
REPRESENTATION_ITEM('')
SURFACE()
);
#591=(
BOUNDED_SURFACE()
B_SPLINE_SURFACE(3,1,((#9643,#9644),(#9645,#9646),(#9647,#9648),(#9649,
#9650)),.UNSPECIFIED.,.F.,.F.,.F.)
B_SPLINE_SURFACE_WITH_KNOTS((4,4),(2,2),(0.,1.),(0.,0.1),.UNSPECIFIED.)
GEOMETRIC_REPRESENTATION_ITEM()
RATIONAL_B_SPLINE_SURFACE(((1.,1.),(1.,1.),(1.,1.),(1.,1.)))
REPRESENTATION_ITEM('')
SURFACE()
);
#592=(
BOUNDED_SURFACE()
B_SPLINE_SURFACE(3,1,((#9662,#9663),(#9664,#9665),(#9666,#9667),(#9668,
#9669)),.UNSPECIFIED.,.F.,.F.,.F.)
B_SPLINE_SURFACE_WITH_KNOTS((4,4),(2,2),(0.,1.),(0.,0.1),.UNSPECIFIED.)
GEOMETRIC_REPRESENTATION_ITEM()
RATIONAL_B_SPLINE_SURFACE(((1.,1.),(1.,1.),(1.,1.),(1.,1.)))
REPRESENTATION_ITEM('')
SURFACE()
);
#593=(
BOUNDED_SURFACE()
B_SPLINE_SURFACE(3,1,((#9681,#9682),(#9683,#9684),(#9685,#9686),(#9687,
#9688)),.UNSPECIFIED.,.F.,.F.,.F.)
B_SPLINE_SURFACE_WITH_KNOTS((4,4),(2,2),(0.,1.),(0.,0.1),.UNSPECIFIED.)
GEOMETRIC_REPRESENTATION_ITEM()
RATIONAL_B_SPLINE_SURFACE(((1.,1.),(1.,1.),(1.,1.),(1.,1.)))
REPRESENTATION_ITEM('')
SURFACE()
);
#594=(
BOUNDED_SURFACE()
B_SPLINE_SURFACE(3,1,((#9700,#9701),(#9702,#9703),(#9704,#9705),(#9706,
#9707)),.UNSPECIFIED.,.F.,.F.,.F.)
B_SPLINE_SURFACE_WITH_KNOTS((4,4),(2,2),(0.,1.),(0.,0.1),.UNSPECIFIED.)
GEOMETRIC_REPRESENTATION_ITEM()
RATIONAL_B_SPLINE_SURFACE(((1.,1.),(1.,1.),(1.,1.),(1.,1.)))
REPRESENTATION_ITEM('')
SURFACE()
);
#595=(
BOUNDED_SURFACE()
B_SPLINE_SURFACE(3,1,((#9719,#9720),(#9721,#9722),(#9723,#9724),(#9725,
#9726)),.UNSPECIFIED.,.F.,.F.,.F.)
B_SPLINE_SURFACE_WITH_KNOTS((4,4),(2,2),(0.,1.),(0.,0.1),.UNSPECIFIED.)
GEOMETRIC_REPRESENTATION_ITEM()
RATIONAL_B_SPLINE_SURFACE(((1.,1.),(1.,1.),(1.,1.),(1.,1.)))
REPRESENTATION_ITEM('')
SURFACE()
);
#596=(
BOUNDED_SURFACE()
B_SPLINE_SURFACE(3,1,((#9738,#9739),(#9740,#9741),(#9742,#9743),(#9744,
#9745)),.UNSPECIFIED.,.F.,.F.,.F.)
B_SPLINE_SURFACE_WITH_KNOTS((4,4),(2,2),(0.,1.),(0.,0.1),.UNSPECIFIED.)
GEOMETRIC_REPRESENTATION_ITEM()
RATIONAL_B_SPLINE_SURFACE(((1.,1.),(1.,1.),(1.,1.),(1.,1.)))
REPRESENTATION_ITEM('')
SURFACE()
);
#597=(
BOUNDED_SURFACE()
B_SPLINE_SURFACE(3,1,((#9810,#9811),(#9812,#9813),(#9814,#9815),(#9816,
#9817)),.UNSPECIFIED.,.F.,.F.,.F.)
B_SPLINE_SURFACE_WITH_KNOTS((4,4),(2,2),(0.,1.),(0.,0.1),.UNSPECIFIED.)
GEOMETRIC_REPRESENTATION_ITEM()
RATIONAL_B_SPLINE_SURFACE(((1.,1.),(1.,1.),(1.,1.),(1.,1.)))
REPRESENTATION_ITEM('')
SURFACE()
);
#598=(
BOUNDED_SURFACE()
B_SPLINE_SURFACE(3,1,((#9832,#9833),(#9834,#9835),(#9836,#9837),(#9838,
#9839)),.UNSPECIFIED.,.F.,.F.,.F.)
B_SPLINE_SURFACE_WITH_KNOTS((4,4),(2,2),(0.,1.),(0.,0.1),.UNSPECIFIED.)
GEOMETRIC_REPRESENTATION_ITEM()
RATIONAL_B_SPLINE_SURFACE(((1.,1.),(1.,1.),(1.,1.),(1.,1.)))
REPRESENTATION_ITEM('')
SURFACE()
);
#599=(
BOUNDED_SURFACE()
B_SPLINE_SURFACE(3,1,((#9863,#9864),(#9865,#9866),(#9867,#9868),(#9869,
#9870)),.UNSPECIFIED.,.F.,.F.,.F.)
B_SPLINE_SURFACE_WITH_KNOTS((4,4),(2,2),(0.,1.),(0.,0.1),.UNSPECIFIED.)
GEOMETRIC_REPRESENTATION_ITEM()
RATIONAL_B_SPLINE_SURFACE(((1.,1.),(1.,1.),(1.,1.),(1.,1.)))
REPRESENTATION_ITEM('')
SURFACE()
);
#600=(
BOUNDED_SURFACE()
B_SPLINE_SURFACE(3,1,((#9882,#9883),(#9884,#9885),(#9886,#9887),(#9888,
#9889)),.UNSPECIFIED.,.F.,.F.,.F.)
B_SPLINE_SURFACE_WITH_KNOTS((4,4),(2,2),(0.,1.),(0.,0.1),.UNSPECIFIED.)
GEOMETRIC_REPRESENTATION_ITEM()
RATIONAL_B_SPLINE_SURFACE(((1.,1.),(1.,1.),(1.,1.),(1.,1.)))
REPRESENTATION_ITEM('')
SURFACE()
);
#601=(
BOUNDED_SURFACE()
B_SPLINE_SURFACE(3,1,((#9901,#9902),(#9903,#9904),(#9905,#9906),(#9907,
#9908)),.UNSPECIFIED.,.F.,.F.,.F.)
B_SPLINE_SURFACE_WITH_KNOTS((4,4),(2,2),(0.,1.),(0.,0.1),.UNSPECIFIED.)
GEOMETRIC_REPRESENTATION_ITEM()
RATIONAL_B_SPLINE_SURFACE(((1.,1.),(1.,1.),(1.,1.),(1.,1.)))
REPRESENTATION_ITEM('')
SURFACE()
);
#602=(
BOUNDED_SURFACE()
B_SPLINE_SURFACE(3,1,((#9932,#9933),(#9934,#9935),(#9936,#9937),(#9938,
#9939)),.UNSPECIFIED.,.F.,.F.,.F.)
B_SPLINE_SURFACE_WITH_KNOTS((4,4),(2,2),(0.,1.),(0.,0.1),.UNSPECIFIED.)
GEOMETRIC_REPRESENTATION_ITEM()
RATIONAL_B_SPLINE_SURFACE(((1.,1.),(1.,1.),(1.,1.),(1.,1.)))
REPRESENTATION_ITEM('')
SURFACE()
);
#603=(
BOUNDED_SURFACE()
B_SPLINE_SURFACE(3,1,((#9969,#9970),(#9971,#9972),(#9973,#9974),(#9975,
#9976)),.UNSPECIFIED.,.F.,.F.,.F.)
B_SPLINE_SURFACE_WITH_KNOTS((4,4),(2,2),(0.,1.),(0.,0.1),.UNSPECIFIED.)
GEOMETRIC_REPRESENTATION_ITEM()
RATIONAL_B_SPLINE_SURFACE(((1.,1.),(1.,1.),(1.,1.),(1.,1.)))
REPRESENTATION_ITEM('')
SURFACE()
);
#604=(
BOUNDED_SURFACE()
B_SPLINE_SURFACE(3,1,((#9988,#9989),(#9990,#9991),(#9992,#9993),(#9994,
#9995)),.UNSPECIFIED.,.F.,.F.,.F.)
B_SPLINE_SURFACE_WITH_KNOTS((4,4),(2,2),(0.,1.),(0.,0.1),.UNSPECIFIED.)
GEOMETRIC_REPRESENTATION_ITEM()
RATIONAL_B_SPLINE_SURFACE(((1.,1.),(1.,1.),(1.,1.),(1.,1.)))
REPRESENTATION_ITEM('')
SURFACE()
);
#605=(
BOUNDED_SURFACE()
B_SPLINE_SURFACE(3,1,((#10019,#10020),(#10021,#10022),(#10023,#10024),(#10025,
#10026)),.UNSPECIFIED.,.F.,.F.,.F.)
B_SPLINE_SURFACE_WITH_KNOTS((4,4),(2,2),(0.,1.),(0.,0.1),.UNSPECIFIED.)
GEOMETRIC_REPRESENTATION_ITEM()
RATIONAL_B_SPLINE_SURFACE(((1.,1.),(1.,1.),(1.,1.),(1.,1.)))
REPRESENTATION_ITEM('')
SURFACE()
);
#606=(
BOUNDED_SURFACE()
B_SPLINE_SURFACE(3,1,((#10038,#10039),(#10040,#10041),(#10042,#10043),(#10044,
#10045)),.UNSPECIFIED.,.F.,.F.,.F.)
B_SPLINE_SURFACE_WITH_KNOTS((4,4),(2,2),(0.,1.),(0.,0.1),.UNSPECIFIED.)
GEOMETRIC_REPRESENTATION_ITEM()
RATIONAL_B_SPLINE_SURFACE(((1.,1.),(1.,1.),(1.,1.),(1.,1.)))
REPRESENTATION_ITEM('')
SURFACE()
);
#607=(
BOUNDED_SURFACE()
B_SPLINE_SURFACE(3,1,((#10057,#10058),(#10059,#10060),(#10061,#10062),(#10063,
#10064)),.UNSPECIFIED.,.F.,.F.,.F.)
B_SPLINE_SURFACE_WITH_KNOTS((4,4),(2,2),(0.,1.),(0.,0.1),.UNSPECIFIED.)
GEOMETRIC_REPRESENTATION_ITEM()
RATIONAL_B_SPLINE_SURFACE(((1.,1.),(1.,1.),(1.,1.),(1.,1.)))
REPRESENTATION_ITEM('')
SURFACE()
);
#608=(
BOUNDED_SURFACE()
B_SPLINE_SURFACE(3,1,((#10076,#10077),(#10078,#10079),(#10080,#10081),(#10082,
#10083)),.UNSPECIFIED.,.F.,.F.,.F.)
B_SPLINE_SURFACE_WITH_KNOTS((4,4),(2,2),(0.,1.),(0.,0.1),.UNSPECIFIED.)
GEOMETRIC_REPRESENTATION_ITEM()
RATIONAL_B_SPLINE_SURFACE(((1.,1.),(1.,1.),(1.,1.),(1.,1.)))
REPRESENTATION_ITEM('')
SURFACE()
);
#609=(
BOUNDED_SURFACE()
B_SPLINE_SURFACE(3,1,((#10095,#10096),(#10097,#10098),(#10099,#10100),(#10101,
#10102)),.UNSPECIFIED.,.F.,.F.,.F.)
B_SPLINE_SURFACE_WITH_KNOTS((4,4),(2,2),(0.,1.),(0.,0.1),.UNSPECIFIED.)
GEOMETRIC_REPRESENTATION_ITEM()
RATIONAL_B_SPLINE_SURFACE(((1.,1.),(1.,1.),(1.,1.),(1.,1.)))
REPRESENTATION_ITEM('')
SURFACE()
);
#610=(
BOUNDED_SURFACE()
B_SPLINE_SURFACE(3,1,((#10157,#10158),(#10159,#10160),(#10161,#10162),(#10163,
#10164)),.UNSPECIFIED.,.F.,.F.,.F.)
B_SPLINE_SURFACE_WITH_KNOTS((4,4),(2,2),(0.,1.),(0.,0.1),.UNSPECIFIED.)
GEOMETRIC_REPRESENTATION_ITEM()
RATIONAL_B_SPLINE_SURFACE(((1.,1.),(1.,1.),(1.,1.),(1.,1.)))
REPRESENTATION_ITEM('')
SURFACE()
);
#611=(
BOUNDED_SURFACE()
B_SPLINE_SURFACE(3,1,((#10176,#10177),(#10178,#10179),(#10180,#10181),(#10182,
#10183)),.UNSPECIFIED.,.F.,.F.,.F.)
B_SPLINE_SURFACE_WITH_KNOTS((4,4),(2,2),(0.,1.),(0.,0.1),.UNSPECIFIED.)
GEOMETRIC_REPRESENTATION_ITEM()
RATIONAL_B_SPLINE_SURFACE(((1.,1.),(1.,1.),(1.,1.),(1.,1.)))
REPRESENTATION_ITEM('')
SURFACE()
);
#612=(
BOUNDED_SURFACE()
B_SPLINE_SURFACE(3,1,((#10195,#10196),(#10197,#10198),(#10199,#10200),(#10201,
#10202)),.UNSPECIFIED.,.F.,.F.,.F.)
B_SPLINE_SURFACE_WITH_KNOTS((4,4),(2,2),(0.,1.),(0.,0.1),.UNSPECIFIED.)
GEOMETRIC_REPRESENTATION_ITEM()
RATIONAL_B_SPLINE_SURFACE(((1.,1.),(1.,1.),(1.,1.),(1.,1.)))
REPRESENTATION_ITEM('')
SURFACE()
);
#613=(
BOUNDED_SURFACE()
B_SPLINE_SURFACE(3,1,((#10214,#10215),(#10216,#10217),(#10218,#10219),(#10220,
#10221)),.UNSPECIFIED.,.F.,.F.,.F.)
B_SPLINE_SURFACE_WITH_KNOTS((4,4),(2,2),(0.,1.),(0.,0.1),.UNSPECIFIED.)
GEOMETRIC_REPRESENTATION_ITEM()
RATIONAL_B_SPLINE_SURFACE(((1.,1.),(1.,1.),(1.,1.),(1.,1.)))
REPRESENTATION_ITEM('')
SURFACE()
);
#614=(
BOUNDED_SURFACE()
B_SPLINE_SURFACE(3,1,((#10251,#10252),(#10253,#10254),(#10255,#10256),(#10257,
#10258)),.UNSPECIFIED.,.F.,.F.,.F.)
B_SPLINE_SURFACE_WITH_KNOTS((4,4),(2,2),(0.,1.),(0.,0.1),.UNSPECIFIED.)
GEOMETRIC_REPRESENTATION_ITEM()
RATIONAL_B_SPLINE_SURFACE(((1.,1.),(1.,1.),(1.,1.),(1.,1.)))
REPRESENTATION_ITEM('')
SURFACE()
);
#615=(
BOUNDED_SURFACE()
B_SPLINE_SURFACE(3,1,((#10270,#10271),(#10272,#10273),(#10274,#10275),(#10276,
#10277)),.UNSPECIFIED.,.F.,.F.,.F.)
B_SPLINE_SURFACE_WITH_KNOTS((4,4),(2,2),(0.,1.),(0.,0.1),.UNSPECIFIED.)
GEOMETRIC_REPRESENTATION_ITEM()
RATIONAL_B_SPLINE_SURFACE(((1.,1.),(1.,1.),(1.,1.),(1.,1.)))
REPRESENTATION_ITEM('')
SURFACE()
);
#616=(
BOUNDED_SURFACE()
B_SPLINE_SURFACE(3,1,((#10289,#10290),(#10291,#10292),(#10293,#10294),(#10295,
#10296)),.UNSPECIFIED.,.F.,.F.,.F.)
B_SPLINE_SURFACE_WITH_KNOTS((4,4),(2,2),(0.,1.),(0.,0.1),.UNSPECIFIED.)
GEOMETRIC_REPRESENTATION_ITEM()
RATIONAL_B_SPLINE_SURFACE(((1.,1.),(1.,1.),(1.,1.),(1.,1.)))
REPRESENTATION_ITEM('')
SURFACE()
);
#617=(
BOUNDED_SURFACE()
B_SPLINE_SURFACE(3,1,((#10305,#10306),(#10307,#10308),(#10309,#10310),(#10311,
#10312)),.UNSPECIFIED.,.F.,.F.,.F.)
B_SPLINE_SURFACE_WITH_KNOTS((4,4),(2,2),(0.,1.),(0.,0.1),.UNSPECIFIED.)
GEOMETRIC_REPRESENTATION_ITEM()
RATIONAL_B_SPLINE_SURFACE(((1.,1.),(1.,1.),(1.,1.),(1.,1.)))
REPRESENTATION_ITEM('')
SURFACE()
);
#618=(
BOUNDED_SURFACE()
B_SPLINE_SURFACE(3,1,((#10327,#10328),(#10329,#10330),(#10331,#10332),(#10333,
#10334)),.UNSPECIFIED.,.F.,.F.,.F.)
B_SPLINE_SURFACE_WITH_KNOTS((4,4),(2,2),(0.,1.),(0.,0.1),.UNSPECIFIED.)
GEOMETRIC_REPRESENTATION_ITEM()
RATIONAL_B_SPLINE_SURFACE(((1.,1.),(1.,1.),(1.,1.),(1.,1.)))
REPRESENTATION_ITEM('')
SURFACE()
);
#619=(
BOUNDED_SURFACE()
B_SPLINE_SURFACE(3,1,((#10346,#10347),(#10348,#10349),(#10350,#10351),(#10352,
#10353)),.UNSPECIFIED.,.F.,.F.,.F.)
B_SPLINE_SURFACE_WITH_KNOTS((4,4),(2,2),(0.,1.),(0.,0.1),.UNSPECIFIED.)
GEOMETRIC_REPRESENTATION_ITEM()
RATIONAL_B_SPLINE_SURFACE(((1.,1.),(1.,1.),(1.,1.),(1.,1.)))
REPRESENTATION_ITEM('')
SURFACE()
);
#620=(
BOUNDED_SURFACE()
B_SPLINE_SURFACE(3,1,((#10365,#10366),(#10367,#10368),(#10369,#10370),(#10371,
#10372)),.UNSPECIFIED.,.F.,.F.,.F.)
B_SPLINE_SURFACE_WITH_KNOTS((4,4),(2,2),(0.,1.),(0.,0.1),.UNSPECIFIED.)
GEOMETRIC_REPRESENTATION_ITEM()
RATIONAL_B_SPLINE_SURFACE(((1.,1.),(1.,1.),(1.,1.),(1.,1.)))
REPRESENTATION_ITEM('')
SURFACE()
);
#621=(
BOUNDED_SURFACE()
B_SPLINE_SURFACE(3,1,((#10396,#10397),(#10398,#10399),(#10400,#10401),(#10402,
#10403)),.UNSPECIFIED.,.F.,.F.,.F.)
B_SPLINE_SURFACE_WITH_KNOTS((4,4),(2,2),(0.,1.),(0.,0.1),.UNSPECIFIED.)
GEOMETRIC_REPRESENTATION_ITEM()
RATIONAL_B_SPLINE_SURFACE(((1.,1.),(1.,1.),(1.,1.),(1.,1.)))
REPRESENTATION_ITEM('')
SURFACE()
);
#622=(
BOUNDED_SURFACE()
B_SPLINE_SURFACE(3,1,((#10415,#10416),(#10417,#10418),(#10419,#10420),(#10421,
#10422)),.UNSPECIFIED.,.F.,.F.,.F.)
B_SPLINE_SURFACE_WITH_KNOTS((4,4),(2,2),(0.,1.),(0.,0.1),.UNSPECIFIED.)
GEOMETRIC_REPRESENTATION_ITEM()
RATIONAL_B_SPLINE_SURFACE(((1.,1.),(1.,1.),(1.,1.),(1.,1.)))
REPRESENTATION_ITEM('')
SURFACE()
);
#623=(
BOUNDED_SURFACE()
B_SPLINE_SURFACE(3,1,((#10456,#10457),(#10458,#10459),(#10460,#10461),(#10462,
#10463)),.UNSPECIFIED.,.F.,.F.,.F.)
B_SPLINE_SURFACE_WITH_KNOTS((4,4),(2,2),(0.,1.),(0.,0.1),.UNSPECIFIED.)
GEOMETRIC_REPRESENTATION_ITEM()
RATIONAL_B_SPLINE_SURFACE(((1.,1.),(1.,1.),(1.,1.),(1.,1.)))
REPRESENTATION_ITEM('')
SURFACE()
);
#624=(
BOUNDED_SURFACE()
B_SPLINE_SURFACE(3,1,((#10478,#10479),(#10480,#10481),(#10482,#10483),(#10484,
#10485)),.UNSPECIFIED.,.F.,.F.,.F.)
B_SPLINE_SURFACE_WITH_KNOTS((4,4),(2,2),(0.,1.),(0.,0.1),.UNSPECIFIED.)
GEOMETRIC_REPRESENTATION_ITEM()
RATIONAL_B_SPLINE_SURFACE(((1.,1.),(1.,1.),(1.,1.),(1.,1.)))
REPRESENTATION_ITEM('')
SURFACE()
);
#625=(
BOUNDED_SURFACE()
B_SPLINE_SURFACE(3,1,((#10497,#10498),(#10499,#10500),(#10501,#10502),(#10503,
#10504)),.UNSPECIFIED.,.F.,.F.,.F.)
B_SPLINE_SURFACE_WITH_KNOTS((4,4),(2,2),(0.,1.),(0.,0.1),.UNSPECIFIED.)
GEOMETRIC_REPRESENTATION_ITEM()
RATIONAL_B_SPLINE_SURFACE(((1.,1.),(1.,1.),(1.,1.),(1.,1.)))
REPRESENTATION_ITEM('')
SURFACE()
);
#626=(
BOUNDED_SURFACE()
B_SPLINE_SURFACE(3,1,((#10516,#10517),(#10518,#10519),(#10520,#10521),(#10522,
#10523)),.UNSPECIFIED.,.F.,.F.,.F.)
B_SPLINE_SURFACE_WITH_KNOTS((4,4),(2,2),(0.,1.),(0.,0.1),.UNSPECIFIED.)
GEOMETRIC_REPRESENTATION_ITEM()
RATIONAL_B_SPLINE_SURFACE(((1.,1.),(1.,1.),(1.,1.),(1.,1.)))
REPRESENTATION_ITEM('')
SURFACE()
);
#627=(
BOUNDED_SURFACE()
B_SPLINE_SURFACE(3,1,((#10535,#10536),(#10537,#10538),(#10539,#10540),(#10541,
#10542)),.UNSPECIFIED.,.F.,.F.,.F.)
B_SPLINE_SURFACE_WITH_KNOTS((4,4),(2,2),(0.,1.),(0.,0.1),.UNSPECIFIED.)
GEOMETRIC_REPRESENTATION_ITEM()
RATIONAL_B_SPLINE_SURFACE(((1.,1.),(1.,1.),(1.,1.),(1.,1.)))
REPRESENTATION_ITEM('')
SURFACE()
);
#628=(
BOUNDED_SURFACE()
B_SPLINE_SURFACE(3,1,((#10554,#10555),(#10556,#10557),(#10558,#10559),(#10560,
#10561)),.UNSPECIFIED.,.F.,.F.,.F.)
B_SPLINE_SURFACE_WITH_KNOTS((4,4),(2,2),(0.,1.),(0.,0.1),.UNSPECIFIED.)
GEOMETRIC_REPRESENTATION_ITEM()
RATIONAL_B_SPLINE_SURFACE(((1.,1.),(1.,1.),(1.,1.),(1.,1.)))
REPRESENTATION_ITEM('')
SURFACE()
);
#629=(
BOUNDED_SURFACE()
B_SPLINE_SURFACE(3,1,((#10573,#10574),(#10575,#10576),(#10577,#10578),(#10579,
#10580)),.UNSPECIFIED.,.F.,.F.,.F.)
B_SPLINE_SURFACE_WITH_KNOTS((4,4),(2,2),(0.,1.),(0.,0.1),.UNSPECIFIED.)
GEOMETRIC_REPRESENTATION_ITEM()
RATIONAL_B_SPLINE_SURFACE(((1.,1.),(1.,1.),(1.,1.),(1.,1.)))
REPRESENTATION_ITEM('')
SURFACE()
);
#630=(
BOUNDED_SURFACE()
B_SPLINE_SURFACE(3,1,((#10592,#10593),(#10594,#10595),(#10596,#10597),(#10598,
#10599)),.UNSPECIFIED.,.F.,.F.,.F.)
B_SPLINE_SURFACE_WITH_KNOTS((4,4),(2,2),(0.,1.),(0.,0.1),.UNSPECIFIED.)
GEOMETRIC_REPRESENTATION_ITEM()
RATIONAL_B_SPLINE_SURFACE(((1.,1.),(1.,1.),(1.,1.),(1.,1.)))
REPRESENTATION_ITEM('')
SURFACE()
);
#631=(
BOUNDED_SURFACE()
B_SPLINE_SURFACE(3,1,((#10647,#10648),(#10649,#10650),(#10651,#10652),(#10653,
#10654)),.UNSPECIFIED.,.F.,.F.,.F.)
B_SPLINE_SURFACE_WITH_KNOTS((4,4),(2,2),(0.,1.),(0.,0.1),.UNSPECIFIED.)
GEOMETRIC_REPRESENTATION_ITEM()
RATIONAL_B_SPLINE_SURFACE(((1.,1.),(1.,1.),(1.,1.),(1.,1.)))
REPRESENTATION_ITEM('')
SURFACE()
);
#632=(
BOUNDED_SURFACE()
B_SPLINE_SURFACE(3,1,((#10666,#10667),(#10668,#10669),(#10670,#10671),(#10672,
#10673)),.UNSPECIFIED.,.F.,.F.,.F.)
B_SPLINE_SURFACE_WITH_KNOTS((4,4),(2,2),(0.,1.),(0.,0.1),.UNSPECIFIED.)
GEOMETRIC_REPRESENTATION_ITEM()
RATIONAL_B_SPLINE_SURFACE(((1.,1.),(1.,1.),(1.,1.),(1.,1.)))
REPRESENTATION_ITEM('')
SURFACE()
);
#633=(
BOUNDED_SURFACE()
B_SPLINE_SURFACE(3,1,((#10703,#10704),(#10705,#10706),(#10707,#10708),(#10709,
#10710)),.UNSPECIFIED.,.F.,.F.,.F.)
B_SPLINE_SURFACE_WITH_KNOTS((4,4),(2,2),(0.,1.),(0.,0.1),.UNSPECIFIED.)
GEOMETRIC_REPRESENTATION_ITEM()
RATIONAL_B_SPLINE_SURFACE(((1.,1.),(1.,1.),(1.,1.),(1.,1.)))
REPRESENTATION_ITEM('')
SURFACE()
);
#634=(
BOUNDED_SURFACE()
B_SPLINE_SURFACE(3,1,((#10722,#10723),(#10724,#10725),(#10726,#10727),(#10728,
#10729)),.UNSPECIFIED.,.F.,.F.,.F.)
B_SPLINE_SURFACE_WITH_KNOTS((4,4),(2,2),(0.,1.),(0.,0.1),.UNSPECIFIED.)
GEOMETRIC_REPRESENTATION_ITEM()
RATIONAL_B_SPLINE_SURFACE(((1.,1.),(1.,1.),(1.,1.),(1.,1.)))
REPRESENTATION_ITEM('')
SURFACE()
);
#635=(
BOUNDED_SURFACE()
B_SPLINE_SURFACE(3,1,((#10745,#10746),(#10747,#10748),(#10749,#10750),(#10751,
#10752)),.UNSPECIFIED.,.F.,.F.,.F.)
B_SPLINE_SURFACE_WITH_KNOTS((4,4),(2,2),(0.,1.),(0.,0.1),.UNSPECIFIED.)
GEOMETRIC_REPRESENTATION_ITEM()
RATIONAL_B_SPLINE_SURFACE(((1.,1.),(1.,1.),(1.,1.),(1.,1.)))
REPRESENTATION_ITEM('')
SURFACE()
);
#636=(
BOUNDED_SURFACE()
B_SPLINE_SURFACE(3,1,((#10767,#10768),(#10769,#10770),(#10771,#10772),(#10773,
#10774)),.UNSPECIFIED.,.F.,.F.,.F.)
B_SPLINE_SURFACE_WITH_KNOTS((4,4),(2,2),(0.,1.),(0.,0.1),.UNSPECIFIED.)
GEOMETRIC_REPRESENTATION_ITEM()
RATIONAL_B_SPLINE_SURFACE(((1.,1.),(1.,1.),(1.,1.),(1.,1.)))
REPRESENTATION_ITEM('')
SURFACE()
);
#637=(
BOUNDED_SURFACE()
B_SPLINE_SURFACE(3,1,((#10786,#10787),(#10788,#10789),(#10790,#10791),(#10792,
#10793)),.UNSPECIFIED.,.F.,.F.,.F.)
B_SPLINE_SURFACE_WITH_KNOTS((4,4),(2,2),(0.,1.),(0.,0.1),.UNSPECIFIED.)
GEOMETRIC_REPRESENTATION_ITEM()
RATIONAL_B_SPLINE_SURFACE(((1.,1.),(1.,1.),(1.,1.),(1.,1.)))
REPRESENTATION_ITEM('')
SURFACE()
);
#638=(
BOUNDED_SURFACE()
B_SPLINE_SURFACE(3,1,((#10805,#10806),(#10807,#10808),(#10809,#10810),(#10811,
#10812)),.UNSPECIFIED.,.F.,.F.,.F.)
B_SPLINE_SURFACE_WITH_KNOTS((4,4),(2,2),(0.,1.),(0.,0.1),.UNSPECIFIED.)
GEOMETRIC_REPRESENTATION_ITEM()
RATIONAL_B_SPLINE_SURFACE(((1.,1.),(1.,1.),(1.,1.),(1.,1.)))
REPRESENTATION_ITEM('')
SURFACE()
);
#639=(
BOUNDED_SURFACE()
B_SPLINE_SURFACE(3,1,((#10831,#10832),(#10833,#10834),(#10835,#10836),(#10837,
#10838)),.UNSPECIFIED.,.F.,.F.,.F.)
B_SPLINE_SURFACE_WITH_KNOTS((4,4),(2,2),(0.,1.),(0.,0.1),.UNSPECIFIED.)
GEOMETRIC_REPRESENTATION_ITEM()
RATIONAL_B_SPLINE_SURFACE(((1.,1.),(1.,1.),(1.,1.),(1.,1.)))
REPRESENTATION_ITEM('')
SURFACE()
);
#640=(
BOUNDED_SURFACE()
B_SPLINE_SURFACE(3,1,((#10850,#10851),(#10852,#10853),(#10854,#10855),(#10856,
#10857)),.UNSPECIFIED.,.F.,.F.,.F.)
B_SPLINE_SURFACE_WITH_KNOTS((4,4),(2,2),(0.,1.),(0.,0.1),.UNSPECIFIED.)
GEOMETRIC_REPRESENTATION_ITEM()
RATIONAL_B_SPLINE_SURFACE(((1.,1.),(1.,1.),(1.,1.),(1.,1.)))
REPRESENTATION_ITEM('')
SURFACE()
);
#641=(
BOUNDED_SURFACE()
B_SPLINE_SURFACE(3,1,((#10869,#10870),(#10871,#10872),(#10873,#10874),(#10875,
#10876)),.UNSPECIFIED.,.F.,.F.,.F.)
B_SPLINE_SURFACE_WITH_KNOTS((4,4),(2,2),(0.,1.),(0.,0.1),.UNSPECIFIED.)
GEOMETRIC_REPRESENTATION_ITEM()
RATIONAL_B_SPLINE_SURFACE(((1.,1.),(1.,1.),(1.,1.),(1.,1.)))
REPRESENTATION_ITEM('')
SURFACE()
);
#642=(
BOUNDED_SURFACE()
B_SPLINE_SURFACE(3,1,((#10888,#10889),(#10890,#10891),(#10892,#10893),(#10894,
#10895)),.UNSPECIFIED.,.F.,.F.,.F.)
B_SPLINE_SURFACE_WITH_KNOTS((4,4),(2,2),(0.,1.),(0.,0.1),.UNSPECIFIED.)
GEOMETRIC_REPRESENTATION_ITEM()
RATIONAL_B_SPLINE_SURFACE(((1.,1.),(1.,1.),(1.,1.),(1.,1.)))
REPRESENTATION_ITEM('')
SURFACE()
);
#643=(
BOUNDED_SURFACE()
B_SPLINE_SURFACE(3,1,((#10949,#10950),(#10951,#10952),(#10953,#10954),(#10955,
#10956)),.UNSPECIFIED.,.F.,.F.,.F.)
B_SPLINE_SURFACE_WITH_KNOTS((4,4),(2,2),(0.,1.),(0.,0.1),.UNSPECIFIED.)
GEOMETRIC_REPRESENTATION_ITEM()
RATIONAL_B_SPLINE_SURFACE(((1.,1.),(1.,1.),(1.,1.),(1.,1.)))
REPRESENTATION_ITEM('')
SURFACE()
);
#644=(
BOUNDED_SURFACE()
B_SPLINE_SURFACE(3,1,((#10980,#10981),(#10982,#10983),(#10984,#10985),(#10986,
#10987)),.UNSPECIFIED.,.F.,.F.,.F.)
B_SPLINE_SURFACE_WITH_KNOTS((4,4),(2,2),(0.,1.),(0.,0.1),.UNSPECIFIED.)
GEOMETRIC_REPRESENTATION_ITEM()
RATIONAL_B_SPLINE_SURFACE(((1.,1.),(1.,1.),(1.,1.),(1.,1.)))
REPRESENTATION_ITEM('')
SURFACE()
);
#645=(
BOUNDED_SURFACE()
B_SPLINE_SURFACE(3,1,((#10999,#11000),(#11001,#11002),(#11003,#11004),(#11005,
#11006)),.UNSPECIFIED.,.F.,.F.,.F.)
B_SPLINE_SURFACE_WITH_KNOTS((4,4),(2,2),(0.,1.),(0.,0.1),.UNSPECIFIED.)
GEOMETRIC_REPRESENTATION_ITEM()
RATIONAL_B_SPLINE_SURFACE(((1.,1.),(1.,1.),(1.,1.),(1.,1.)))
REPRESENTATION_ITEM('')
SURFACE()
);
#646=(
BOUNDED_SURFACE()
B_SPLINE_SURFACE(3,1,((#11018,#11019),(#11020,#11021),(#11022,#11023),(#11024,
#11025)),.UNSPECIFIED.,.F.,.F.,.F.)
B_SPLINE_SURFACE_WITH_KNOTS((4,4),(2,2),(0.,1.),(0.,0.1),.UNSPECIFIED.)
GEOMETRIC_REPRESENTATION_ITEM()
RATIONAL_B_SPLINE_SURFACE(((1.,1.),(1.,1.),(1.,1.),(1.,1.)))
REPRESENTATION_ITEM('')
SURFACE()
);
#647=(
BOUNDED_SURFACE()
B_SPLINE_SURFACE(3,1,((#11037,#11038),(#11039,#11040),(#11041,#11042),(#11043,
#11044)),.UNSPECIFIED.,.F.,.F.,.F.)
B_SPLINE_SURFACE_WITH_KNOTS((4,4),(2,2),(0.,1.),(0.,0.1),.UNSPECIFIED.)
GEOMETRIC_REPRESENTATION_ITEM()
RATIONAL_B_SPLINE_SURFACE(((1.,1.),(1.,1.),(1.,1.),(1.,1.)))
REPRESENTATION_ITEM('')
SURFACE()
);
#648=FACE_OUTER_BOUND('',#1013,.T.);
#649=FACE_OUTER_BOUND('',#1014,.T.);
#650=FACE_OUTER_BOUND('',#1015,.T.);
#651=FACE_OUTER_BOUND('',#1016,.T.);
#652=FACE_OUTER_BOUND('',#1017,.T.);
#653=FACE_OUTER_BOUND('',#1018,.T.);
#654=FACE_OUTER_BOUND('',#1019,.T.);
#655=FACE_OUTER_BOUND('',#1020,.T.);
#656=FACE_OUTER_BOUND('',#1021,.T.);
#657=FACE_OUTER_BOUND('',#1022,.T.);
#658=FACE_OUTER_BOUND('',#1023,.T.);
#659=FACE_OUTER_BOUND('',#1024,.T.);
#660=FACE_OUTER_BOUND('',#1025,.T.);
#661=FACE_OUTER_BOUND('',#1026,.T.);
#662=FACE_OUTER_BOUND('',#1027,.T.);
#663=FACE_OUTER_BOUND('',#1028,.T.);
#664=FACE_OUTER_BOUND('',#1029,.T.);
#665=FACE_OUTER_BOUND('',#1030,.T.);
#666=FACE_OUTER_BOUND('',#1031,.T.);
#667=FACE_OUTER_BOUND('',#1032,.T.);
#668=FACE_OUTER_BOUND('',#1033,.T.);
#669=FACE_OUTER_BOUND('',#1034,.T.);
#670=FACE_OUTER_BOUND('',#1035,.T.);
#671=FACE_OUTER_BOUND('',#1036,.T.);
#672=FACE_OUTER_BOUND('',#1037,.T.);
#673=FACE_OUTER_BOUND('',#1038,.T.);
#674=FACE_OUTER_BOUND('',#1039,.T.);
#675=FACE_OUTER_BOUND('',#1040,.T.);
#676=FACE_OUTER_BOUND('',#1041,.T.);
#677=FACE_OUTER_BOUND('',#1042,.T.);
#678=FACE_OUTER_BOUND('',#1043,.T.);
#679=FACE_OUTER_BOUND('',#1044,.T.);
#680=FACE_OUTER_BOUND('',#1045,.T.);
#681=FACE_OUTER_BOUND('',#1046,.T.);
#682=FACE_OUTER_BOUND('',#1047,.T.);
#683=FACE_OUTER_BOUND('',#1048,.T.);
#684=FACE_OUTER_BOUND('',#1049,.T.);
#685=FACE_OUTER_BOUND('',#1050,.T.);
#686=FACE_OUTER_BOUND('',#1051,.T.);
#687=FACE_OUTER_BOUND('',#1052,.T.);
#688=FACE_OUTER_BOUND('',#1053,.T.);
#689=FACE_OUTER_BOUND('',#1054,.T.);
#690=FACE_OUTER_BOUND('',#1055,.T.);
#691=FACE_OUTER_BOUND('',#1056,.T.);
#692=FACE_OUTER_BOUND('',#1058,.T.);
#693=FACE_OUTER_BOUND('',#1059,.T.);
#694=FACE_OUTER_BOUND('',#1060,.T.);
#695=FACE_OUTER_BOUND('',#1061,.T.);
#696=FACE_OUTER_BOUND('',#1062,.T.);
#697=FACE_OUTER_BOUND('',#1063,.T.);
#698=FACE_OUTER_BOUND('',#1064,.T.);
#699=FACE_OUTER_BOUND('',#1065,.T.);
#700=FACE_OUTER_BOUND('',#1066,.T.);
#701=FACE_OUTER_BOUND('',#1067,.T.);
#702=FACE_OUTER_BOUND('',#1068,.T.);
#703=FACE_OUTER_BOUND('',#1069,.T.);
#704=FACE_OUTER_BOUND('',#1070,.T.);
#705=FACE_OUTER_BOUND('',#1071,.T.);
#706=FACE_OUTER_BOUND('',#1072,.T.);
#707=FACE_OUTER_BOUND('',#1073,.T.);
#708=FACE_OUTER_BOUND('',#1074,.T.);
#709=FACE_OUTER_BOUND('',#1075,.T.);
#710=FACE_OUTER_BOUND('',#1076,.T.);
#711=FACE_OUTER_BOUND('',#1077,.T.);
#712=FACE_OUTER_BOUND('',#1078,.T.);
#713=FACE_OUTER_BOUND('',#1079,.T.);
#714=FACE_OUTER_BOUND('',#1080,.T.);
#715=FACE_OUTER_BOUND('',#1081,.T.);
#716=FACE_OUTER_BOUND('',#1082,.T.);
#717=FACE_OUTER_BOUND('',#1083,.T.);
#718=FACE_OUTER_BOUND('',#1084,.T.);
#719=FACE_OUTER_BOUND('',#1085,.T.);
#720=FACE_OUTER_BOUND('',#1086,.T.);
#721=FACE_OUTER_BOUND('',#1087,.T.);
#722=FACE_OUTER_BOUND('',#1088,.T.);
#723=FACE_OUTER_BOUND('',#1089,.T.);
#724=FACE_OUTER_BOUND('',#1090,.T.);
#725=FACE_OUTER_BOUND('',#1091,.T.);
#726=FACE_OUTER_BOUND('',#1092,.T.);
#727=FACE_OUTER_BOUND('',#1093,.T.);
#728=FACE_OUTER_BOUND('',#1094,.T.);
#729=FACE_OUTER_BOUND('',#1095,.T.);
#730=FACE_OUTER_BOUND('',#1096,.T.);
#731=FACE_OUTER_BOUND('',#1097,.T.);
#732=FACE_OUTER_BOUND('',#1098,.T.);
#733=FACE_OUTER_BOUND('',#1099,.T.);
#734=FACE_OUTER_BOUND('',#1100,.T.);
#735=FACE_OUTER_BOUND('',#1101,.T.);
#736=FACE_OUTER_BOUND('',#1102,.T.);
#737=FACE_OUTER_BOUND('',#1103,.T.);
#738=FACE_OUTER_BOUND('',#1104,.T.);
#739=FACE_OUTER_BOUND('',#1105,.T.);
#740=FACE_OUTER_BOUND('',#1106,.T.);
#741=FACE_OUTER_BOUND('',#1107,.T.);
#742=FACE_OUTER_BOUND('',#1108,.T.);
#743=FACE_OUTER_BOUND('',#1109,.T.);
#744=FACE_OUTER_BOUND('',#1110,.T.);
#745=FACE_OUTER_BOUND('',#1111,.T.);
#746=FACE_OUTER_BOUND('',#1112,.T.);
#747=FACE_OUTER_BOUND('',#1113,.T.);
#748=FACE_OUTER_BOUND('',#1114,.T.);
#749=FACE_OUTER_BOUND('',#1115,.T.);
#750=FACE_OUTER_BOUND('',#1116,.T.);
#751=FACE_OUTER_BOUND('',#1117,.T.);
#752=FACE_OUTER_BOUND('',#1118,.T.);
#753=FACE_OUTER_BOUND('',#1119,.T.);
#754=FACE_OUTER_BOUND('',#1120,.T.);
#755=FACE_OUTER_BOUND('',#1121,.T.);
#756=FACE_OUTER_BOUND('',#1122,.T.);
#757=FACE_OUTER_BOUND('',#1123,.T.);
#758=FACE_OUTER_BOUND('',#1124,.T.);
#759=FACE_OUTER_BOUND('',#1125,.T.);
#760=FACE_OUTER_BOUND('',#1126,.T.);
#761=FACE_OUTER_BOUND('',#1127,.T.);
#762=FACE_OUTER_BOUND('',#1128,.T.);
#763=FACE_OUTER_BOUND('',#1129,.T.);
#764=FACE_OUTER_BOUND('',#1130,.T.);
#765=FACE_OUTER_BOUND('',#1131,.T.);
#766=FACE_OUTER_BOUND('',#1132,.T.);
#767=FACE_OUTER_BOUND('',#1133,.T.);
#768=FACE_OUTER_BOUND('',#1134,.T.);
#769=FACE_OUTER_BOUND('',#1135,.T.);
#770=FACE_OUTER_BOUND('',#1136,.T.);
#771=FACE_OUTER_BOUND('',#1137,.T.);
#772=FACE_OUTER_BOUND('',#1138,.T.);
#773=FACE_OUTER_BOUND('',#1139,.T.);
#774=FACE_OUTER_BOUND('',#1140,.T.);
#775=FACE_OUTER_BOUND('',#1141,.T.);
#776=FACE_OUTER_BOUND('',#1142,.T.);
#777=FACE_OUTER_BOUND('',#1143,.T.);
#778=FACE_OUTER_BOUND('',#1144,.T.);
#779=FACE_OUTER_BOUND('',#1145,.T.);
#780=FACE_OUTER_BOUND('',#1146,.T.);
#781=FACE_OUTER_BOUND('',#1148,.T.);
#782=FACE_OUTER_BOUND('',#1149,.T.);
#783=FACE_OUTER_BOUND('',#1150,.T.);
#784=FACE_OUTER_BOUND('',#1151,.T.);
#785=FACE_OUTER_BOUND('',#1152,.T.);
#786=FACE_OUTER_BOUND('',#1153,.T.);
#787=FACE_OUTER_BOUND('',#1154,.T.);
#788=FACE_OUTER_BOUND('',#1155,.T.);
#789=FACE_OUTER_BOUND('',#1156,.T.);
#790=FACE_OUTER_BOUND('',#1157,.T.);
#791=FACE_OUTER_BOUND('',#1158,.T.);
#792=FACE_OUTER_BOUND('',#1159,.T.);
#793=FACE_OUTER_BOUND('',#1160,.T.);
#794=FACE_OUTER_BOUND('',#1161,.T.);
#795=FACE_OUTER_BOUND('',#1162,.T.);
#796=FACE_OUTER_BOUND('',#1163,.T.);
#797=FACE_OUTER_BOUND('',#1164,.T.);
#798=FACE_OUTER_BOUND('',#1165,.T.);
#799=FACE_OUTER_BOUND('',#1166,.T.);
#800=FACE_OUTER_BOUND('',#1167,.T.);
#801=FACE_OUTER_BOUND('',#1168,.T.);
#802=FACE_OUTER_BOUND('',#1169,.T.);
#803=FACE_OUTER_BOUND('',#1170,.T.);
#804=FACE_OUTER_BOUND('',#1171,.T.);
#805=FACE_OUTER_BOUND('',#1172,.T.);
#806=FACE_OUTER_BOUND('',#1173,.T.);
#807=FACE_OUTER_BOUND('',#1176,.T.);
#808=FACE_OUTER_BOUND('',#1177,.T.);
#809=FACE_OUTER_BOUND('',#1178,.T.);
#810=FACE_OUTER_BOUND('',#1179,.T.);
#811=FACE_OUTER_BOUND('',#1180,.T.);
#812=FACE_OUTER_BOUND('',#1181,.T.);
#813=FACE_OUTER_BOUND('',#1182,.T.);
#814=FACE_OUTER_BOUND('',#1183,.T.);
#815=FACE_OUTER_BOUND('',#1184,.T.);
#816=FACE_OUTER_BOUND('',#1185,.T.);
#817=FACE_OUTER_BOUND('',#1186,.T.);
#818=FACE_OUTER_BOUND('',#1187,.T.);
#819=FACE_OUTER_BOUND('',#1188,.T.);
#820=FACE_OUTER_BOUND('',#1189,.T.);
#821=FACE_OUTER_BOUND('',#1190,.T.);
#822=FACE_OUTER_BOUND('',#1191,.T.);
#823=FACE_OUTER_BOUND('',#1192,.T.);
#824=FACE_OUTER_BOUND('',#1193,.T.);
#825=FACE_OUTER_BOUND('',#1194,.T.);
#826=FACE_OUTER_BOUND('',#1195,.T.);
#827=FACE_OUTER_BOUND('',#1196,.T.);
#828=FACE_OUTER_BOUND('',#1197,.T.);
#829=FACE_OUTER_BOUND('',#1198,.T.);
#830=FACE_OUTER_BOUND('',#1200,.T.);
#831=FACE_OUTER_BOUND('',#1201,.T.);
#832=FACE_OUTER_BOUND('',#1202,.T.);
#833=FACE_OUTER_BOUND('',#1203,.T.);
#834=FACE_OUTER_BOUND('',#1204,.T.);
#835=FACE_OUTER_BOUND('',#1205,.T.);
#836=FACE_OUTER_BOUND('',#1206,.T.);
#837=FACE_OUTER_BOUND('',#1207,.T.);
#838=FACE_OUTER_BOUND('',#1208,.T.);
#839=FACE_OUTER_BOUND('',#1209,.T.);
#840=FACE_OUTER_BOUND('',#1210,.T.);
#841=FACE_OUTER_BOUND('',#1211,.T.);
#842=FACE_OUTER_BOUND('',#1212,.T.);
#843=FACE_OUTER_BOUND('',#1213,.T.);
#844=FACE_OUTER_BOUND('',#1214,.T.);
#845=FACE_OUTER_BOUND('',#1215,.T.);
#846=FACE_OUTER_BOUND('',#1216,.T.);
#847=FACE_OUTER_BOUND('',#1217,.T.);
#848=FACE_OUTER_BOUND('',#1218,.T.);
#849=FACE_OUTER_BOUND('',#1219,.T.);
#850=FACE_OUTER_BOUND('',#1220,.T.);
#851=FACE_OUTER_BOUND('',#1221,.T.);
#852=FACE_OUTER_BOUND('',#1222,.T.);
#853=FACE_OUTER_BOUND('',#1223,.T.);
#854=FACE_OUTER_BOUND('',#1224,.T.);
#855=FACE_OUTER_BOUND('',#1225,.T.);
#856=FACE_OUTER_BOUND('',#1227,.T.);
#857=FACE_OUTER_BOUND('',#1228,.T.);
#858=FACE_OUTER_BOUND('',#1229,.T.);
#859=FACE_OUTER_BOUND('',#1230,.T.);
#860=FACE_OUTER_BOUND('',#1231,.T.);
#861=FACE_OUTER_BOUND('',#1232,.T.);
#862=FACE_OUTER_BOUND('',#1233,.T.);
#863=FACE_OUTER_BOUND('',#1234,.T.);
#864=FACE_OUTER_BOUND('',#1235,.T.);
#865=FACE_OUTER_BOUND('',#1236,.T.);
#866=FACE_OUTER_BOUND('',#1237,.T.);
#867=FACE_OUTER_BOUND('',#1238,.T.);
#868=FACE_OUTER_BOUND('',#1239,.T.);
#869=FACE_OUTER_BOUND('',#1240,.T.);
#870=FACE_OUTER_BOUND('',#1241,.T.);
#871=FACE_OUTER_BOUND('',#1242,.T.);
#872=FACE_OUTER_BOUND('',#1243,.T.);
#873=FACE_OUTER_BOUND('',#1244,.T.);
#874=FACE_OUTER_BOUND('',#1245,.T.);
#875=FACE_OUTER_BOUND('',#1246,.T.);
#876=FACE_OUTER_BOUND('',#1247,.T.);
#877=FACE_OUTER_BOUND('',#1248,.T.);
#878=FACE_OUTER_BOUND('',#1249,.T.);
#879=FACE_OUTER_BOUND('',#1250,.T.);
#880=FACE_OUTER_BOUND('',#1251,.T.);
#881=FACE_OUTER_BOUND('',#1252,.T.);
#882=FACE_OUTER_BOUND('',#1253,.T.);
#883=FACE_OUTER_BOUND('',#1254,.T.);
#884=FACE_OUTER_BOUND('',#1255,.T.);
#885=FACE_OUTER_BOUND('',#1256,.T.);
#886=FACE_OUTER_BOUND('',#1257,.T.);
#887=FACE_OUTER_BOUND('',#1258,.T.);
#888=FACE_OUTER_BOUND('',#1259,.T.);
#889=FACE_OUTER_BOUND('',#1260,.T.);
#890=FACE_OUTER_BOUND('',#1261,.T.);
#891=FACE_OUTER_BOUND('',#1262,.T.);
#892=FACE_OUTER_BOUND('',#1263,.T.);
#893=FACE_OUTER_BOUND('',#1264,.T.);
#894=FACE_OUTER_BOUND('',#1265,.T.);
#895=FACE_OUTER_BOUND('',#1266,.T.);
#896=FACE_OUTER_BOUND('',#1267,.T.);
#897=FACE_OUTER_BOUND('',#1268,.T.);
#898=FACE_OUTER_BOUND('',#1269,.T.);
#899=FACE_OUTER_BOUND('',#1270,.T.);
#900=FACE_OUTER_BOUND('',#1271,.T.);
#901=FACE_OUTER_BOUND('',#1272,.T.);
#902=FACE_OUTER_BOUND('',#1273,.T.);
#903=FACE_OUTER_BOUND('',#1274,.T.);
#904=FACE_OUTER_BOUND('',#1275,.T.);
#905=FACE_OUTER_BOUND('',#1276,.T.);
#906=FACE_OUTER_BOUND('',#1277,.T.);
#907=FACE_OUTER_BOUND('',#1278,.T.);
#908=FACE_OUTER_BOUND('',#1279,.T.);
#909=FACE_OUTER_BOUND('',#1280,.T.);
#910=FACE_OUTER_BOUND('',#1281,.T.);
#911=FACE_OUTER_BOUND('',#1282,.T.);
#912=FACE_OUTER_BOUND('',#1283,.T.);
#913=FACE_OUTER_BOUND('',#1284,.T.);
#914=FACE_OUTER_BOUND('',#1285,.T.);
#915=FACE_OUTER_BOUND('',#1286,.T.);
#916=FACE_OUTER_BOUND('',#1287,.T.);
#917=FACE_OUTER_BOUND('',#1288,.T.);
#918=FACE_OUTER_BOUND('',#1289,.T.);
#919=FACE_OUTER_BOUND('',#1290,.T.);
#920=FACE_OUTER_BOUND('',#1291,.T.);
#921=FACE_OUTER_BOUND('',#1292,.T.);
#922=FACE_OUTER_BOUND('',#1293,.T.);
#923=FACE_OUTER_BOUND('',#1294,.T.);
#924=FACE_OUTER_BOUND('',#1295,.T.);
#925=FACE_OUTER_BOUND('',#1297,.T.);
#926=FACE_OUTER_BOUND('',#1298,.T.);
#927=FACE_OUTER_BOUND('',#1299,.T.);
#928=FACE_OUTER_BOUND('',#1300,.T.);
#929=FACE_OUTER_BOUND('',#1301,.T.);
#930=FACE_OUTER_BOUND('',#1302,.T.);
#931=FACE_OUTER_BOUND('',#1303,.T.);
#932=FACE_OUTER_BOUND('',#1304,.T.);
#933=FACE_OUTER_BOUND('',#1305,.T.);
#934=FACE_OUTER_BOUND('',#1306,.T.);
#935=FACE_OUTER_BOUND('',#1307,.T.);
#936=FACE_OUTER_BOUND('',#1308,.T.);
#937=FACE_OUTER_BOUND('',#1309,.T.);
#938=FACE_OUTER_BOUND('',#1310,.T.);
#939=FACE_OUTER_BOUND('',#1311,.T.);
#940=FACE_OUTER_BOUND('',#1312,.T.);
#941=FACE_OUTER_BOUND('',#1313,.T.);
#942=FACE_OUTER_BOUND('',#1314,.T.);
#943=FACE_OUTER_BOUND('',#1315,.T.);
#944=FACE_OUTER_BOUND('',#1316,.T.);
#945=FACE_OUTER_BOUND('',#1317,.T.);
#946=FACE_OUTER_BOUND('',#1318,.T.);
#947=FACE_OUTER_BOUND('',#1336,.T.);
#948=FACE_OUTER_BOUND('',#1342,.T.);
#949=FACE_OUTER_BOUND('',#1343,.T.);
#950=FACE_OUTER_BOUND('',#1344,.T.);
#951=FACE_OUTER_BOUND('',#1346,.T.);
#952=FACE_OUTER_BOUND('',#1348,.T.);
#953=FACE_OUTER_BOUND('',#1350,.T.);
#954=FACE_OUTER_BOUND('',#1352,.T.);
#955=FACE_OUTER_BOUND('',#1354,.T.);
#956=FACE_OUTER_BOUND('',#1359,.T.);
#957=FACE_OUTER_BOUND('',#1360,.T.);
#958=FACE_OUTER_BOUND('',#1366,.T.);
#959=FACE_OUTER_BOUND('',#1372,.T.);
#960=FACE_OUTER_BOUND('',#1373,.T.);
#961=FACE_OUTER_BOUND('',#1378,.T.);
#962=FACE_OUTER_BOUND('',#1384,.T.);
#963=FACE_OUTER_BOUND('',#1385,.T.);
#964=FACE_OUTER_BOUND('',#1386,.T.);
#965=FACE_OUTER_BOUND('',#1387,.T.);
#966=FACE_OUTER_BOUND('',#1389,.T.);
#967=FACE_OUTER_BOUND('',#1390,.T.);
#968=FACE_OUTER_BOUND('',#1391,.T.);
#969=FACE_OUTER_BOUND('',#1392,.T.);
#970=FACE_OUTER_BOUND('',#1393,.T.);
#971=FACE_OUTER_BOUND('',#1395,.T.);
#972=FACE_OUTER_BOUND('',#1396,.T.);
#973=FACE_OUTER_BOUND('',#1397,.T.);
#974=FACE_OUTER_BOUND('',#1398,.T.);
#975=FACE_OUTER_BOUND('',#1399,.T.);
#976=FACE_OUTER_BOUND('',#1401,.T.);
#977=FACE_OUTER_BOUND('',#1402,.T.);
#978=FACE_OUTER_BOUND('',#1403,.T.);
#979=FACE_OUTER_BOUND('',#1404,.T.);
#980=FACE_OUTER_BOUND('',#1405,.T.);
#981=FACE_OUTER_BOUND('',#1406,.T.);
#982=FACE_OUTER_BOUND('',#1407,.T.);
#983=FACE_OUTER_BOUND('',#1408,.T.);
#984=FACE_OUTER_BOUND('',#1409,.T.);
#985=FACE_OUTER_BOUND('',#1410,.T.);
#986=FACE_OUTER_BOUND('',#1411,.T.);
#987=FACE_OUTER_BOUND('',#1412,.T.);
#988=FACE_OUTER_BOUND('',#1413,.T.);
#989=FACE_OUTER_BOUND('',#1414,.T.);
#990=FACE_OUTER_BOUND('',#1415,.T.);
#991=FACE_OUTER_BOUND('',#1416,.T.);
#992=FACE_OUTER_BOUND('',#1417,.T.);
#993=FACE_OUTER_BOUND('',#1418,.T.);
#994=FACE_OUTER_BOUND('',#1419,.T.);
#995=FACE_OUTER_BOUND('',#1420,.T.);
#996=FACE_OUTER_BOUND('',#1421,.T.);
#997=FACE_OUTER_BOUND('',#1422,.T.);
#998=FACE_OUTER_BOUND('',#1423,.T.);
#999=FACE_OUTER_BOUND('',#1424,.T.);
#1000=FACE_OUTER_BOUND('',#1425,.T.);
#1001=FACE_OUTER_BOUND('',#1426,.T.);
#1002=FACE_OUTER_BOUND('',#1427,.T.);
#1003=FACE_OUTER_BOUND('',#1428,.T.);
#1004=FACE_OUTER_BOUND('',#1429,.T.);
#1005=FACE_OUTER_BOUND('',#1430,.T.);
#1006=FACE_OUTER_BOUND('',#1431,.T.);
#1007=FACE_OUTER_BOUND('',#1432,.T.);
#1008=FACE_OUTER_BOUND('',#1433,.T.);
#1009=FACE_OUTER_BOUND('',#1434,.T.);
#1010=FACE_OUTER_BOUND('',#1435,.T.);
#1011=FACE_OUTER_BOUND('',#1436,.T.);
#1012=FACE_OUTER_BOUND('',#1437,.T.);
#1013=EDGE_LOOP('',(#4369,#4370,#4371,#4372));
#1014=EDGE_LOOP('',(#4373,#4374,#4375,#4376));
#1015=EDGE_LOOP('',(#4377,#4378,#4379,#4380));
#1016=EDGE_LOOP('',(#4381,#4382,#4383,#4384));
#1017=EDGE_LOOP('',(#4385,#4386,#4387,#4388));
#1018=EDGE_LOOP('',(#4389,#4390,#4391,#4392));
#1019=EDGE_LOOP('',(#4393,#4394,#4395,#4396));
#1020=EDGE_LOOP('',(#4397,#4398,#4399,#4400));
#1021=EDGE_LOOP('',(#4401,#4402,#4403,#4404));
#1022=EDGE_LOOP('',(#4405,#4406,#4407,#4408));
#1023=EDGE_LOOP('',(#4409,#4410,#4411,#4412));
#1024=EDGE_LOOP('',(#4413,#4414,#4415,#4416));
#1025=EDGE_LOOP('',(#4417,#4418,#4419,#4420));
#1026=EDGE_LOOP('',(#4421,#4422,#4423,#4424));
#1027=EDGE_LOOP('',(#4425,#4426,#4427,#4428));
#1028=EDGE_LOOP('',(#4429,#4430,#4431,#4432));
#1029=EDGE_LOOP('',(#4433,#4434,#4435,#4436));
#1030=EDGE_LOOP('',(#4437,#4438,#4439,#4440));
#1031=EDGE_LOOP('',(#4441,#4442,#4443,#4444));
#1032=EDGE_LOOP('',(#4445,#4446,#4447,#4448));
#1033=EDGE_LOOP('',(#4449,#4450,#4451,#4452));
#1034=EDGE_LOOP('',(#4453,#4454,#4455,#4456));
#1035=EDGE_LOOP('',(#4457,#4458,#4459,#4460));
#1036=EDGE_LOOP('',(#4461,#4462,#4463,#4464));
#1037=EDGE_LOOP('',(#4465,#4466,#4467,#4468));
#1038=EDGE_LOOP('',(#4469,#4470,#4471,#4472));
#1039=EDGE_LOOP('',(#4473,#4474,#4475,#4476));
#1040=EDGE_LOOP('',(#4477,#4478,#4479,#4480));
#1041=EDGE_LOOP('',(#4481,#4482,#4483,#4484));
#1042=EDGE_LOOP('',(#4485,#4486,#4487,#4488));
#1043=EDGE_LOOP('',(#4489,#4490,#4491,#4492));
#1044=EDGE_LOOP('',(#4493,#4494,#4495,#4496));
#1045=EDGE_LOOP('',(#4497,#4498,#4499,#4500));
#1046=EDGE_LOOP('',(#4501,#4502,#4503,#4504));
#1047=EDGE_LOOP('',(#4505,#4506,#4507,#4508));
#1048=EDGE_LOOP('',(#4509,#4510,#4511,#4512));
#1049=EDGE_LOOP('',(#4513,#4514,#4515,#4516));
#1050=EDGE_LOOP('',(#4517,#4518,#4519,#4520));
#1051=EDGE_LOOP('',(#4521,#4522,#4523,#4524));
#1052=EDGE_LOOP('',(#4525,#4526,#4527,#4528));
#1053=EDGE_LOOP('',(#4529,#4530,#4531,#4532));
#1054=EDGE_LOOP('',(#4533,#4534,#4535,#4536));
#1055=EDGE_LOOP('',(#4537,#4538,#4539,#4540));
#1056=EDGE_LOOP('',(#4541,#4542,#4543,#4544,#4545,#4546,#4547,#4548,#4549,
#4550,#4551,#4552,#4553,#4554,#4555,#4556,#4557,#4558,#4559,#4560,#4561,
#4562,#4563,#4564,#4565,#4566,#4567,#4568,#4569,#4570,#4571,#4572,#4573,
#4574,#4575,#4576,#4577,#4578));
#1057=EDGE_LOOP('',(#4579,#4580,#4581));
#1058=EDGE_LOOP('',(#4582,#4583,#4584,#4585));
#1059=EDGE_LOOP('',(#4586,#4587,#4588,#4589));
#1060=EDGE_LOOP('',(#4590,#4591,#4592,#4593));
#1061=EDGE_LOOP('',(#4594,#4595,#4596,#4597));
#1062=EDGE_LOOP('',(#4598,#4599,#4600,#4601));
#1063=EDGE_LOOP('',(#4602,#4603,#4604,#4605));
#1064=EDGE_LOOP('',(#4606,#4607,#4608,#4609));
#1065=EDGE_LOOP('',(#4610,#4611,#4612,#4613));
#1066=EDGE_LOOP('',(#4614,#4615,#4616,#4617));
#1067=EDGE_LOOP('',(#4618,#4619,#4620,#4621));
#1068=EDGE_LOOP('',(#4622,#4623,#4624,#4625));
#1069=EDGE_LOOP('',(#4626,#4627,#4628,#4629));
#1070=EDGE_LOOP('',(#4630,#4631,#4632,#4633));
#1071=EDGE_LOOP('',(#4634,#4635,#4636,#4637,#4638,#4639,#4640,#4641,#4642,
#4643,#4644,#4645,#4646));
#1072=EDGE_LOOP('',(#4647,#4648,#4649,#4650));
#1073=EDGE_LOOP('',(#4651,#4652,#4653,#4654));
#1074=EDGE_LOOP('',(#4655,#4656,#4657,#4658));
#1075=EDGE_LOOP('',(#4659,#4660,#4661,#4662));
#1076=EDGE_LOOP('',(#4663,#4664,#4665,#4666));
#1077=EDGE_LOOP('',(#4667,#4668,#4669,#4670));
#1078=EDGE_LOOP('',(#4671,#4672,#4673,#4674));
#1079=EDGE_LOOP('',(#4675,#4676,#4677,#4678));
#1080=EDGE_LOOP('',(#4679,#4680,#4681,#4682));
#1081=EDGE_LOOP('',(#4683,#4684,#4685,#4686));
#1082=EDGE_LOOP('',(#4687,#4688,#4689,#4690));
#1083=EDGE_LOOP('',(#4691,#4692,#4693,#4694));
#1084=EDGE_LOOP('',(#4695,#4696,#4697,#4698));
#1085=EDGE_LOOP('',(#4699,#4700,#4701,#4702));
#1086=EDGE_LOOP('',(#4703,#4704,#4705,#4706,#4707,#4708,#4709,#4710,#4711,
#4712,#4713,#4714,#4715,#4716));
#1087=EDGE_LOOP('',(#4717,#4718,#4719,#4720));
#1088=EDGE_LOOP('',(#4721,#4722,#4723,#4724));
#1089=EDGE_LOOP('',(#4725,#4726,#4727,#4728));
#1090=EDGE_LOOP('',(#4729,#4730,#4731,#4732));
#1091=EDGE_LOOP('',(#4733,#4734,#4735,#4736));
#1092=EDGE_LOOP('',(#4737,#4738,#4739,#4740));
#1093=EDGE_LOOP('',(#4741,#4742,#4743,#4744,#4745,#4746));
#1094=EDGE_LOOP('',(#4747,#4748,#4749,#4750));
#1095=EDGE_LOOP('',(#4751,#4752,#4753,#4754));
#1096=EDGE_LOOP('',(#4755,#4756,#4757,#4758));
#1097=EDGE_LOOP('',(#4759,#4760,#4761));
#1098=EDGE_LOOP('',(#4762,#4763,#4764,#4765));
#1099=EDGE_LOOP('',(#4766,#4767,#4768,#4769));
#1100=EDGE_LOOP('',(#4770,#4771,#4772,#4773));
#1101=EDGE_LOOP('',(#4774,#4775,#4776,#4777));
#1102=EDGE_LOOP('',(#4778,#4779,#4780,#4781));
#1103=EDGE_LOOP('',(#4782,#4783,#4784,#4785));
#1104=EDGE_LOOP('',(#4786,#4787,#4788,#4789));
#1105=EDGE_LOOP('',(#4790,#4791,#4792,#4793));
#1106=EDGE_LOOP('',(#4794,#4795,#4796,#4797));
#1107=EDGE_LOOP('',(#4798,#4799,#4800,#4801));
#1108=EDGE_LOOP('',(#4802,#4803,#4804,#4805));
#1109=EDGE_LOOP('',(#4806,#4807,#4808,#4809));
#1110=EDGE_LOOP('',(#4810,#4811,#4812,#4813,#4814,#4815,#4816,#4817,#4818,
#4819,#4820,#4821));
#1111=EDGE_LOOP('',(#4822,#4823,#4824,#4825));
#1112=EDGE_LOOP('',(#4826,#4827,#4828,#4829));
#1113=EDGE_LOOP('',(#4830,#4831,#4832,#4833));
#1114=EDGE_LOOP('',(#4834,#4835,#4836,#4837));
#1115=EDGE_LOOP('',(#4838,#4839,#4840,#4841));
#1116=EDGE_LOOP('',(#4842,#4843,#4844,#4845));
#1117=EDGE_LOOP('',(#4846,#4847,#4848,#4849));
#1118=EDGE_LOOP('',(#4850,#4851,#4852,#4853));
#1119=EDGE_LOOP('',(#4854,#4855,#4856,#4857,#4858,#4859,#4860,#4861));
#1120=EDGE_LOOP('',(#4862,#4863,#4864,#4865));
#1121=EDGE_LOOP('',(#4866,#4867,#4868,#4869));
#1122=EDGE_LOOP('',(#4870,#4871,#4872,#4873));
#1123=EDGE_LOOP('',(#4874,#4875,#4876,#4877));
#1124=EDGE_LOOP('',(#4878,#4879,#4880,#4881));
#1125=EDGE_LOOP('',(#4882,#4883,#4884,#4885));
#1126=EDGE_LOOP('',(#4886,#4887,#4888,#4889));
#1127=EDGE_LOOP('',(#4890,#4891,#4892,#4893));
#1128=EDGE_LOOP('',(#4894,#4895,#4896,#4897));
#1129=EDGE_LOOP('',(#4898,#4899,#4900,#4901));
#1130=EDGE_LOOP('',(#4902,#4903,#4904,#4905));
#1131=EDGE_LOOP('',(#4906,#4907,#4908,#4909));
#1132=EDGE_LOOP('',(#4910,#4911,#4912,#4913));
#1133=EDGE_LOOP('',(#4914,#4915,#4916,#4917));
#1134=EDGE_LOOP('',(#4918,#4919,#4920,#4921));
#1135=EDGE_LOOP('',(#4922,#4923,#4924,#4925));
#1136=EDGE_LOOP('',(#4926,#4927,#4928,#4929));
#1137=EDGE_LOOP('',(#4930,#4931,#4932,#4933));
#1138=EDGE_LOOP('',(#4934,#4935,#4936,#4937));
#1139=EDGE_LOOP('',(#4938,#4939,#4940,#4941));
#1140=EDGE_LOOP('',(#4942,#4943,#4944,#4945));
#1141=EDGE_LOOP('',(#4946,#4947,#4948,#4949));
#1142=EDGE_LOOP('',(#4950,#4951,#4952,#4953));
#1143=EDGE_LOOP('',(#4954,#4955,#4956,#4957));
#1144=EDGE_LOOP('',(#4958,#4959,#4960,#4961));
#1145=EDGE_LOOP('',(#4962,#4963,#4964,#4965));
#1146=EDGE_LOOP('',(#4966,#4967,#4968,#4969,#4970,#4971,#4972,#4973,#4974,
#4975,#4976,#4977,#4978,#4979,#4980,#4981,#4982,#4983,#4984));
#1147=EDGE_LOOP('',(#4985,#4986,#4987,#4988,#4989,#4990,#4991));
#1148=EDGE_LOOP('',(#4992,#4993,#4994,#4995));
#1149=EDGE_LOOP('',(#4996,#4997,#4998,#4999));
#1150=EDGE_LOOP('',(#5000,#5001,#5002,#5003));
#1151=EDGE_LOOP('',(#5004,#5005,#5006,#5007));
#1152=EDGE_LOOP('',(#5008,#5009,#5010,#5011));
#1153=EDGE_LOOP('',(#5012,#5013,#5014,#5015));
#1154=EDGE_LOOP('',(#5016,#5017,#5018,#5019));
#1155=EDGE_LOOP('',(#5020,#5021,#5022,#5023));
#1156=EDGE_LOOP('',(#5024,#5025,#5026,#5027));
#1157=EDGE_LOOP('',(#5028,#5029,#5030,#5031));
#1158=EDGE_LOOP('',(#5032,#5033,#5034,#5035));
#1159=EDGE_LOOP('',(#5036,#5037,#5038,#5039));
#1160=EDGE_LOOP('',(#5040,#5041,#5042,#5043));
#1161=EDGE_LOOP('',(#5044,#5045,#5046,#5047));
#1162=EDGE_LOOP('',(#5048,#5049,#5050,#5051));
#1163=EDGE_LOOP('',(#5052,#5053,#5054,#5055));
#1164=EDGE_LOOP('',(#5056,#5057,#5058,#5059));
#1165=EDGE_LOOP('',(#5060,#5061,#5062,#5063));
#1166=EDGE_LOOP('',(#5064,#5065,#5066,#5067));
#1167=EDGE_LOOP('',(#5068,#5069,#5070,#5071));
#1168=EDGE_LOOP('',(#5072,#5073,#5074,#5075));
#1169=EDGE_LOOP('',(#5076,#5077,#5078,#5079));
#1170=EDGE_LOOP('',(#5080,#5081,#5082,#5083));
#1171=EDGE_LOOP('',(#5084,#5085,#5086,#5087));
#1172=EDGE_LOOP('',(#5088,#5089,#5090,#5091));
#1173=EDGE_LOOP('',(#5092,#5093,#5094,#5095,#5096,#5097,#5098,#5099,#5100,
#5101,#5102,#5103));
#1174=EDGE_LOOP('',(#5104,#5105,#5106,#5107,#5108,#5109));
#1175=EDGE_LOOP('',(#5110,#5111,#5112,#5113,#5114,#5115,#5116));
#1176=EDGE_LOOP('',(#5117,#5118,#5119,#5120));
#1177=EDGE_LOOP('',(#5121,#5122,#5123,#5124));
#1178=EDGE_LOOP('',(#5125,#5126,#5127,#5128));
#1179=EDGE_LOOP('',(#5129,#5130,#5131,#5132));
#1180=EDGE_LOOP('',(#5133,#5134,#5135,#5136));
#1181=EDGE_LOOP('',(#5137,#5138,#5139,#5140));
#1182=EDGE_LOOP('',(#5141,#5142,#5143,#5144));
#1183=EDGE_LOOP('',(#5145,#5146,#5147,#5148));
#1184=EDGE_LOOP('',(#5149,#5150,#5151,#5152));
#1185=EDGE_LOOP('',(#5153,#5154,#5155,#5156));
#1186=EDGE_LOOP('',(#5157,#5158,#5159,#5160));
#1187=EDGE_LOOP('',(#5161,#5162,#5163,#5164));
#1188=EDGE_LOOP('',(#5165,#5166,#5167,#5168));
#1189=EDGE_LOOP('',(#5169,#5170,#5171,#5172));
#1190=EDGE_LOOP('',(#5173,#5174,#5175,#5176));
#1191=EDGE_LOOP('',(#5177,#5178,#5179,#5180));
#1192=EDGE_LOOP('',(#5181,#5182,#5183,#5184));
#1193=EDGE_LOOP('',(#5185,#5186,#5187,#5188));
#1194=EDGE_LOOP('',(#5189,#5190,#5191,#5192));
#1195=EDGE_LOOP('',(#5193,#5194,#5195,#5196));
#1196=EDGE_LOOP('',(#5197,#5198,#5199,#5200));
#1197=EDGE_LOOP('',(#5201,#5202,#5203,#5204));
#1198=EDGE_LOOP('',(#5205,#5206,#5207,#5208,#5209,#5210,#5211,#5212,#5213,
#5214,#5215,#5216,#5217,#5218));
#1199=EDGE_LOOP('',(#5219,#5220,#5221,#5222,#5223,#5224,#5225,#5226));
#1200=EDGE_LOOP('',(#5227,#5228,#5229,#5230));
#1201=EDGE_LOOP('',(#5231,#5232,#5233,#5234));
#1202=EDGE_LOOP('',(#5235,#5236,#5237,#5238));
#1203=EDGE_LOOP('',(#5239,#5240,#5241,#5242));
#1204=EDGE_LOOP('',(#5243,#5244,#5245,#5246));
#1205=EDGE_LOOP('',(#5247,#5248,#5249,#5250));
#1206=EDGE_LOOP('',(#5251,#5252,#5253,#5254));
#1207=EDGE_LOOP('',(#5255,#5256,#5257,#5258));
#1208=EDGE_LOOP('',(#5259,#5260,#5261,#5262));
#1209=EDGE_LOOP('',(#5263,#5264,#5265,#5266));
#1210=EDGE_LOOP('',(#5267,#5268,#5269,#5270));
#1211=EDGE_LOOP('',(#5271,#5272,#5273,#5274));
#1212=EDGE_LOOP('',(#5275,#5276,#5277,#5278));
#1213=EDGE_LOOP('',(#5279,#5280,#5281,#5282));
#1214=EDGE_LOOP('',(#5283,#5284,#5285,#5286));
#1215=EDGE_LOOP('',(#5287,#5288,#5289,#5290));
#1216=EDGE_LOOP('',(#5291,#5292,#5293,#5294));
#1217=EDGE_LOOP('',(#5295,#5296,#5297,#5298));
#1218=EDGE_LOOP('',(#5299,#5300,#5301,#5302));
#1219=EDGE_LOOP('',(#5303,#5304,#5305,#5306));
#1220=EDGE_LOOP('',(#5307,#5308,#5309,#5310));
#1221=EDGE_LOOP('',(#5311,#5312,#5313,#5314));
#1222=EDGE_LOOP('',(#5315,#5316,#5317,#5318));
#1223=EDGE_LOOP('',(#5319,#5320,#5321,#5322));
#1224=EDGE_LOOP('',(#5323,#5324,#5325,#5326));
#1225=EDGE_LOOP('',(#5327,#5328,#5329,#5330,#5331,#5332,#5333,#5334,#5335,
#5336,#5337,#5338,#5339,#5340));
#1226=EDGE_LOOP('',(#5341,#5342,#5343,#5344,#5345,#5346));
#1227=EDGE_LOOP('',(#5347,#5348,#5349,#5350,#5351,#5352));
#1228=EDGE_LOOP('',(#5353,#5354,#5355,#5356,#5357,#5358,#5359,#5360));
#1229=EDGE_LOOP('',(#5361,#5362,#5363,#5364,#5365,#5366));
#1230=EDGE_LOOP('',(#5367,#5368,#5369,#5370,#5371,#5372,#5373));
#1231=EDGE_LOOP('',(#5374,#5375,#5376,#5377,#5378,#5379,#5380));
#1232=EDGE_LOOP('',(#5381,#5382,#5383));
#1233=EDGE_LOOP('',(#5384,#5385,#5386,#5387));
#1234=EDGE_LOOP('',(#5388,#5389,#5390,#5391));
#1235=EDGE_LOOP('',(#5392,#5393,#5394,#5395));
#1236=EDGE_LOOP('',(#5396,#5397,#5398,#5399));
#1237=EDGE_LOOP('',(#5400,#5401,#5402,#5403));
#1238=EDGE_LOOP('',(#5404,#5405,#5406,#5407));
#1239=EDGE_LOOP('',(#5408,#5409,#5410,#5411));
#1240=EDGE_LOOP('',(#5412,#5413,#5414,#5415));
#1241=EDGE_LOOP('',(#5416,#5417,#5418,#5419));
#1242=EDGE_LOOP('',(#5420,#5421,#5422,#5423));
#1243=EDGE_LOOP('',(#5424,#5425,#5426,#5427));
#1244=EDGE_LOOP('',(#5428,#5429,#5430,#5431));
#1245=EDGE_LOOP('',(#5432,#5433,#5434,#5435));
#1246=EDGE_LOOP('',(#5436,#5437,#5438,#5439));
#1247=EDGE_LOOP('',(#5440,#5441,#5442,#5443));
#1248=EDGE_LOOP('',(#5444,#5445,#5446,#5447));
#1249=EDGE_LOOP('',(#5448,#5449,#5450,#5451));
#1250=EDGE_LOOP('',(#5452,#5453,#5454,#5455));
#1251=EDGE_LOOP('',(#5456,#5457,#5458,#5459));
#1252=EDGE_LOOP('',(#5460,#5461,#5462,#5463));
#1253=EDGE_LOOP('',(#5464,#5465,#5466,#5467));
#1254=EDGE_LOOP('',(#5468,#5469,#5470,#5471,#5472,#5473,#5474,#5475,#5476,
#5477,#5478,#5479,#5480,#5481,#5482,#5483,#5484,#5485,#5486,#5487,#5488,
#5489));
#1255=EDGE_LOOP('',(#5490,#5491,#5492,#5493));
#1256=EDGE_LOOP('',(#5494,#5495,#5496,#5497));
#1257=EDGE_LOOP('',(#5498,#5499,#5500,#5501));
#1258=EDGE_LOOP('',(#5502,#5503,#5504,#5505));
#1259=EDGE_LOOP('',(#5506,#5507,#5508,#5509));
#1260=EDGE_LOOP('',(#5510,#5511,#5512,#5513));
#1261=EDGE_LOOP('',(#5514,#5515,#5516,#5517));
#1262=EDGE_LOOP('',(#5518,#5519,#5520,#5521));
#1263=EDGE_LOOP('',(#5522,#5523,#5524,#5525));
#1264=EDGE_LOOP('',(#5526,#5527,#5528,#5529));
#1265=EDGE_LOOP('',(#5530,#5531,#5532,#5533));
#1266=EDGE_LOOP('',(#5534,#5535,#5536,#5537));
#1267=EDGE_LOOP('',(#5538,#5539,#5540,#5541));
#1268=EDGE_LOOP('',(#5542,#5543,#5544,#5545));
#1269=EDGE_LOOP('',(#5546,#5547,#5548,#5549));
#1270=EDGE_LOOP('',(#5550,#5551,#5552,#5553));
#1271=EDGE_LOOP('',(#5554,#5555,#5556,#5557));
#1272=EDGE_LOOP('',(#5558,#5559,#5560,#5561));
#1273=EDGE_LOOP('',(#5562,#5563,#5564,#5565));
#1274=EDGE_LOOP('',(#5566,#5567,#5568,#5569));
#1275=EDGE_LOOP('',(#5570,#5571,#5572,#5573));
#1276=EDGE_LOOP('',(#5574,#5575,#5576,#5577));
#1277=EDGE_LOOP('',(#5578,#5579,#5580,#5581));
#1278=EDGE_LOOP('',(#5582,#5583,#5584,#5585));
#1279=EDGE_LOOP('',(#5586,#5587,#5588,#5589));
#1280=EDGE_LOOP('',(#5590,#5591,#5592,#5593));
#1281=EDGE_LOOP('',(#5594,#5595,#5596,#5597));
#1282=EDGE_LOOP('',(#5598,#5599,#5600,#5601));
#1283=EDGE_LOOP('',(#5602,#5603,#5604,#5605,#5606,#5607,#5608,#5609,#5610,
#5611,#5612,#5613,#5614,#5615,#5616,#5617,#5618,#5619,#5620,#5621,#5622,
#5623,#5624,#5625,#5626,#5627,#5628,#5629,#5630));
#1284=EDGE_LOOP('',(#5631,#5632,#5633,#5634));
#1285=EDGE_LOOP('',(#5635,#5636,#5637,#5638));
#1286=EDGE_LOOP('',(#5639,#5640,#5641,#5642));
#1287=EDGE_LOOP('',(#5643,#5644,#5645,#5646));
#1288=EDGE_LOOP('',(#5647,#5648,#5649,#5650));
#1289=EDGE_LOOP('',(#5651,#5652,#5653,#5654));
#1290=EDGE_LOOP('',(#5655,#5656,#5657,#5658));
#1291=EDGE_LOOP('',(#5659,#5660,#5661,#5662));
#1292=EDGE_LOOP('',(#5663,#5664,#5665,#5666));
#1293=EDGE_LOOP('',(#5667,#5668,#5669,#5670));
#1294=EDGE_LOOP('',(#5671,#5672,#5673,#5674));
#1295=EDGE_LOOP('',(#5675,#5676,#5677,#5678,#5679,#5680,#5681,#5682,#5683,
#5684,#5685));
#1296=EDGE_LOOP('',(#5686,#5687,#5688));
#1297=EDGE_LOOP('',(#5689,#5690,#5691,#5692));
#1298=EDGE_LOOP('',(#5693,#5694,#5695,#5696,#5697,#5698,#5699,#5700));
#1299=EDGE_LOOP('',(#5701,#5702,#5703,#5704));
#1300=EDGE_LOOP('',(#5705,#5706,#5707,#5708));
#1301=EDGE_LOOP('',(#5709,#5710,#5711,#5712));
#1302=EDGE_LOOP('',(#5713,#5714,#5715,#5716));
#1303=EDGE_LOOP('',(#5717,#5718,#5719,#5720));
#1304=EDGE_LOOP('',(#5721,#5722,#5723,#5724));
#1305=EDGE_LOOP('',(#5725,#5726,#5727));
#1306=EDGE_LOOP('',(#5728,#5729,#5730,#5731));
#1307=EDGE_LOOP('',(#5732,#5733,#5734,#5735));
#1308=EDGE_LOOP('',(#5736,#5737,#5738,#5739));
#1309=EDGE_LOOP('',(#5740,#5741,#5742,#5743));
#1310=EDGE_LOOP('',(#5744,#5745,#5746,#5747));
#1311=EDGE_LOOP('',(#5748,#5749,#5750,#5751));
#1312=EDGE_LOOP('',(#5752,#5753,#5754,#5755));
#1313=EDGE_LOOP('',(#5756,#5757,#5758,#5759));
#1314=EDGE_LOOP('',(#5760,#5761,#5762,#5763));
#1315=EDGE_LOOP('',(#5764,#5765,#5766,#5767));
#1316=EDGE_LOOP('',(#5768,#5769,#5770,#5771,#5772,#5773,#5774,#5775,#5776,
#5777,#5778,#5779,#5780,#5781,#5782,#5783,#5784,#5785,#5786,#5787));
#1317=EDGE_LOOP('',(#5788,#5789,#5790,#5791));
#1318=EDGE_LOOP('',(#5792,#5793,#5794,#5795));
#1319=EDGE_LOOP('',(#5796,#5797,#5798,#5799,#5800,#5801,#5802,#5803,#5804,
#5805,#5806,#5807,#5808,#5809,#5810,#5811,#5812,#5813,#5814,#5815,#5816,
#5817,#5818,#5819,#5820,#5821,#5822,#5823,#5824,#5825,#5826,#5827,#5828,
#5829,#5830,#5831,#5832,#5833,#5834,#5835,#5836,#5837,#5838,#5839,#5840,
#5841,#5842,#5843,#5844,#5845,#5846,#5847,#5848,#5849,#5850,#5851,#5852,
#5853,#5854,#5855,#5856,#5857,#5858,#5859,#5860,#5861,#5862,#5863,#5864,
#5865,#5866,#5867,#5868,#5869));
#1320=EDGE_LOOP('',(#5870));
#1321=EDGE_LOOP('',(#5871));
#1322=EDGE_LOOP('',(#5872));
#1323=EDGE_LOOP('',(#5873));
#1324=EDGE_LOOP('',(#5874,#5875,#5876,#5877,#5878,#5879,#5880,#5881,#5882,
#5883,#5884,#5885,#5886,#5887));
#1325=EDGE_LOOP('',(#5888,#5889,#5890,#5891));
#1326=EDGE_LOOP('',(#5892,#5893,#5894,#5895,#5896,#5897,#5898,#5899,#5900,
#5901,#5902,#5903,#5904,#5905));
#1327=EDGE_LOOP('',(#5906,#5907,#5908,#5909,#5910,#5911,#5912,#5913,#5914,
#5915,#5916,#5917));
#1328=EDGE_LOOP('',(#5918,#5919,#5920,#5921,#5922,#5923,#5924,#5925,#5926,
#5927,#5928,#5929,#5930,#5931,#5932,#5933,#5934,#5935,#5936));
#1329=EDGE_LOOP('',(#5937,#5938,#5939,#5940,#5941,#5942,#5943,#5944));
#1330=EDGE_LOOP('',(#5945,#5946,#5947,#5948,#5949,#5950,#5951,#5952,#5953,
#5954,#5955,#5956));
#1331=EDGE_LOOP('',(#5957,#5958,#5959));
#1332=EDGE_LOOP('',(#5960,#5961,#5962,#5963,#5964,#5965));
#1333=EDGE_LOOP('',(#5966,#5967,#5968,#5969,#5970,#5971,#5972,#5973,#5974,
#5975,#5976,#5977,#5978,#5979));
#1334=EDGE_LOOP('',(#5980,#5981,#5982,#5983,#5984,#5985,#5986,#5987,#5988,
#5989,#5990,#5991,#5992));
#1335=EDGE_LOOP('',(#5993,#5994,#5995,#5996,#5997,#5998,#5999,#6000,#6001,
#6002,#6003,#6004,#6005,#6006,#6007,#6008,#6009,#6010,#6011,#6012,#6013,
#6014,#6015,#6016,#6017,#6018,#6019,#6020,#6021,#6022,#6023,#6024,#6025,
#6026,#6027,#6028,#6029,#6030));
#1336=EDGE_LOOP('',(#6031,#6032,#6033,#6034));
#1337=EDGE_LOOP('',(#6035));
#1338=EDGE_LOOP('',(#6036));
#1339=EDGE_LOOP('',(#6037));
#1340=EDGE_LOOP('',(#6038));
#1341=EDGE_LOOP('',(#6039,#6040,#6041,#6042));
#1342=EDGE_LOOP('',(#6043,#6044,#6045,#6046));
#1343=EDGE_LOOP('',(#6047,#6048,#6049,#6050));
#1344=EDGE_LOOP('',(#6051,#6052,#6053,#6054));
#1345=EDGE_LOOP('',(#6055,#6056,#6057,#6058));
#1346=EDGE_LOOP('',(#6059,#6060,#6061,#6062,#6063,#6064,#6065,#6066));
#1347=EDGE_LOOP('',(#6067,#6068,#6069,#6070));
#1348=EDGE_LOOP('',(#6071,#6072,#6073,#6074));
#1349=EDGE_LOOP('',(#6075,#6076,#6077,#6078));
#1350=EDGE_LOOP('',(#6079,#6080,#6081,#6082));
#1351=EDGE_LOOP('',(#6083,#6084,#6085,#6086));
#1352=EDGE_LOOP('',(#6087,#6088,#6089,#6090));
#1353=EDGE_LOOP('',(#6091));
#1354=EDGE_LOOP('',(#6092,#6093,#6094,#6095,#6096,#6097,#6098,#6099,#6100,
#6101));
#1355=EDGE_LOOP('',(#6102));
#1356=EDGE_LOOP('',(#6103));
#1357=EDGE_LOOP('',(#6104));
#1358=EDGE_LOOP('',(#6105));
#1359=EDGE_LOOP('',(#6106,#6107,#6108,#6109,#6110,#6111,#6112,#6113,#6114,
#6115,#6116,#6117,#6118,#6119,#6120,#6121,#6122,#6123));
#1360=EDGE_LOOP('',(#6124,#6125,#6126,#6127));
#1361=EDGE_LOOP('',(#6128));
#1362=EDGE_LOOP('',(#6129));
#1363=EDGE_LOOP('',(#6130));
#1364=EDGE_LOOP('',(#6131));
#1365=EDGE_LOOP('',(#6132));
#1366=EDGE_LOOP('',(#6133,#6134,#6135,#6136));
#1367=EDGE_LOOP('',(#6137));
#1368=EDGE_LOOP('',(#6138));
#1369=EDGE_LOOP('',(#6139));
#1370=EDGE_LOOP('',(#6140));
#1371=EDGE_LOOP('',(#6141));
#1372=EDGE_LOOP('',(#6142,#6143,#6144,#6145));
#1373=EDGE_LOOP('',(#6146,#6147,#6148,#6149,#6150,#6151,#6152,#6153,#6154,
#6155));
#1374=EDGE_LOOP('',(#6156));
#1375=EDGE_LOOP('',(#6157));
#1376=EDGE_LOOP('',(#6158));
#1377=EDGE_LOOP('',(#6159));
#1378=EDGE_LOOP('',(#6160,#6161,#6162,#6163));
#1379=EDGE_LOOP('',(#6164));
#1380=EDGE_LOOP('',(#6165));
#1381=EDGE_LOOP('',(#6166));
#1382=EDGE_LOOP('',(#6167));
#1383=EDGE_LOOP('',(#6168,#6169,#6170,#6171,#6172,#6173,#6174,#6175,#6176,
#6177));
#1384=EDGE_LOOP('',(#6178,#6179,#6180,#6181,#6182,#6183,#6184));
#1385=EDGE_LOOP('',(#6185,#6186,#6187,#6188));
#1386=EDGE_LOOP('',(#6189,#6190,#6191,#6192));
#1387=EDGE_LOOP('',(#6193,#6194,#6195,#6196));
#1388=EDGE_LOOP('',(#6197));
#1389=EDGE_LOOP('',(#6198));
#1390=EDGE_LOOP('',(#6199,#6200,#6201,#6202));
#1391=EDGE_LOOP('',(#6203,#6204,#6205,#6206));
#1392=EDGE_LOOP('',(#6207,#6208,#6209,#6210));
#1393=EDGE_LOOP('',(#6211,#6212,#6213,#6214));
#1394=EDGE_LOOP('',(#6215));
#1395=EDGE_LOOP('',(#6216));
#1396=EDGE_LOOP('',(#6217,#6218,#6219,#6220));
#1397=EDGE_LOOP('',(#6221,#6222,#6223,#6224));
#1398=EDGE_LOOP('',(#6225,#6226,#6227,#6228));
#1399=EDGE_LOOP('',(#6229,#6230,#6231,#6232));
#1400=EDGE_LOOP('',(#6233));
#1401=EDGE_LOOP('',(#6234));
#1402=EDGE_LOOP('',(#6235,#6236,#6237,#6238,#6239,#6240,#6241));
#1403=EDGE_LOOP('',(#6242,#6243,#6244,#6245,#6246,#6247));
#1404=EDGE_LOOP('',(#6248,#6249,#6250,#6251));
#1405=EDGE_LOOP('',(#6252,#6253,#6254,#6255));
#1406=EDGE_LOOP('',(#6256,#6257,#6258,#6259));
#1407=EDGE_LOOP('',(#6260));
#1408=EDGE_LOOP('',(#6261,#6262,#6263,#6264,#6265,#6266));
#1409=EDGE_LOOP('',(#6267,#6268,#6269,#6270));
#1410=EDGE_LOOP('',(#6271,#6272,#6273,#6274));
#1411=EDGE_LOOP('',(#6275,#6276,#6277,#6278));
#1412=EDGE_LOOP('',(#6279,#6280,#6281,#6282));
#1413=EDGE_LOOP('',(#6283));
#1414=EDGE_LOOP('',(#6284,#6285,#6286,#6287));
#1415=EDGE_LOOP('',(#6288));
#1416=EDGE_LOOP('',(#6289,#6290,#6291,#6292));
#1417=EDGE_LOOP('',(#6293));
#1418=EDGE_LOOP('',(#6294,#6295,#6296,#6297));
#1419=EDGE_LOOP('',(#6298));
#1420=EDGE_LOOP('',(#6299,#6300,#6301,#6302));
#1421=EDGE_LOOP('',(#6303,#6304,#6305,#6306));
#1422=EDGE_LOOP('',(#6307,#6308,#6309,#6310));
#1423=EDGE_LOOP('',(#6311,#6312,#6313,#6314));
#1424=EDGE_LOOP('',(#6315,#6316,#6317,#6318));
#1425=EDGE_LOOP('',(#6319,#6320,#6321,#6322));
#1426=EDGE_LOOP('',(#6323,#6324,#6325,#6326));
#1427=EDGE_LOOP('',(#6327,#6328,#6329,#6330));
#1428=EDGE_LOOP('',(#6331,#6332,#6333,#6334,#6335,#6336,#6337,#6338));
#1429=EDGE_LOOP('',(#6339,#6340,#6341,#6342,#6343,#6344,#6345,#6346));
#1430=EDGE_LOOP('',(#6347,#6348,#6349,#6350));
#1431=EDGE_LOOP('',(#6351,#6352,#6353,#6354));
#1432=EDGE_LOOP('',(#6355,#6356,#6357,#6358));
#1433=EDGE_LOOP('',(#6359,#6360,#6361,#6362));
#1434=EDGE_LOOP('',(#6363,#6364,#6365,#6366));
#1435=EDGE_LOOP('',(#6367,#6368,#6369,#6370));
#1436=EDGE_LOOP('',(#6371,#6372,#6373,#6374));
#1437=EDGE_LOOP('',(#6375,#6376,#6377,#6378));
#1438=LINE('',#8351,#2066);
#1439=LINE('',#8353,#2067);
#1440=LINE('',#8355,#2068);
#1441=LINE('',#8356,#2069);
#1442=LINE('',#8359,#2070);
#1443=LINE('',#8361,#2071);
#1444=LINE('',#8362,#2072);
#1445=LINE('',#8378,#2073);
#1446=LINE('',#8384,#2074);
#1447=LINE('',#8399,#2075);
#1448=LINE('',#8435,#2076);
#1449=LINE('',#8441,#2077);
#1450=LINE('',#8456,#2078);
#1451=LINE('',#8475,#2079);
#1452=LINE('',#8494,#2080);
#1453=LINE('',#8513,#2081);
#1454=LINE('',#8532,#2082);
#1455=LINE('',#8551,#2083);
#1456=LINE('',#8570,#2084);
#1457=LINE('',#8589,#2085);
#1458=LINE('',#8608,#2086);
#1459=LINE('',#8627,#2087);
#1460=LINE('',#8646,#2088);
#1461=LINE('',#8665,#2089);
#1462=LINE('',#8684,#2090);
#1463=LINE('',#8703,#2091);
#1464=LINE('',#8722,#2092);
#1465=LINE('',#8741,#2093);
#1466=LINE('',#8760,#2094);
#1467=LINE('',#8779,#2095);
#1468=LINE('',#8798,#2096);
#1469=LINE('',#8817,#2097);
#1470=LINE('',#8836,#2098);
#1471=LINE('',#8855,#2099);
#1472=LINE('',#8874,#2100);
#1473=LINE('',#8893,#2101);
#1474=LINE('',#8912,#2102);
#1475=LINE('',#8931,#2103);
#1476=LINE('',#8950,#2104);
#1477=LINE('',#8969,#2105);
#1478=LINE('',#8988,#2106);
#1479=LINE('',#9007,#2107);
#1480=LINE('',#9026,#2108);
#1481=LINE('',#9045,#2109);
#1482=LINE('',#9064,#2110);
#1483=LINE('',#9083,#2111);
#1484=LINE('',#9102,#2112);
#1485=LINE('',#9121,#2113);
#1486=LINE('',#9146,#2114);
#1487=LINE('',#9148,#2115);
#1488=LINE('',#9150,#2116);
#1489=LINE('',#9151,#2117);
#1490=LINE('',#9154,#2118);
#1491=LINE('',#9156,#2119);
#1492=LINE('',#9157,#2120);
#1493=LINE('',#9160,#2121);
#1494=LINE('',#9162,#2122);
#1495=LINE('',#9163,#2123);
#1496=LINE('',#9166,#2124);
#1497=LINE('',#9168,#2125);
#1498=LINE('',#9169,#2126);
#1499=LINE('',#9172,#2127);
#1500=LINE('',#9174,#2128);
#1501=LINE('',#9175,#2129);
#1502=LINE('',#9178,#2130);
#1503=LINE('',#9180,#2131);
#1504=LINE('',#9181,#2132);
#1505=LINE('',#9184,#2133);
#1506=LINE('',#9186,#2134);
#1507=LINE('',#9187,#2135);
#1508=LINE('',#9190,#2136);
#1509=LINE('',#9192,#2137);
#1510=LINE('',#9193,#2138);
#1511=LINE('',#9196,#2139);
#1512=LINE('',#9198,#2140);
#1513=LINE('',#9199,#2141);
#1514=LINE('',#9202,#2142);
#1515=LINE('',#9204,#2143);
#1516=LINE('',#9205,#2144);
#1517=LINE('',#9208,#2145);
#1518=LINE('',#9210,#2146);
#1519=LINE('',#9211,#2147);
#1520=LINE('',#9214,#2148);
#1521=LINE('',#9216,#2149);
#1522=LINE('',#9217,#2150);
#1523=LINE('',#9219,#2151);
#1524=LINE('',#9220,#2152);
#1525=LINE('',#9237,#2153);
#1526=LINE('',#9243,#2154);
#1527=LINE('',#9258,#2155);
#1528=LINE('',#9277,#2156);
#1529=LINE('',#9296,#2157);
#1530=LINE('',#9303,#2158);
#1531=LINE('',#9305,#2159);
#1532=LINE('',#9306,#2160);
#1533=LINE('',#9309,#2161);
#1534=LINE('',#9311,#2162);
#1535=LINE('',#9312,#2163);
#1536=LINE('',#9327,#2164);
#1537=LINE('',#9346,#2165);
#1538=LINE('',#9365,#2166);
#1539=LINE('',#9384,#2167);
#1540=LINE('',#9403,#2168);
#1541=LINE('',#9422,#2169);
#1542=LINE('',#9441,#2170);
#1543=LINE('',#9466,#2171);
#1544=LINE('',#9468,#2172);
#1545=LINE('',#9470,#2173);
#1546=LINE('',#9471,#2174);
#1547=LINE('',#9474,#2175);
#1548=LINE('',#9476,#2176);
#1549=LINE('',#9477,#2177);
#1550=LINE('',#9480,#2178);
#1551=LINE('',#9482,#2179);
#1552=LINE('',#9483,#2180);
#1553=LINE('',#9486,#2181);
#1554=LINE('',#9488,#2182);
#1555=LINE('',#9489,#2183);
#1556=LINE('',#9492,#2184);
#1557=LINE('',#9494,#2185);
#1558=LINE('',#9495,#2186);
#1559=LINE('',#9497,#2187);
#1560=LINE('',#9498,#2188);
#1561=LINE('',#9515,#2189);
#1562=LINE('',#9521,#2190);
#1563=LINE('',#9536,#2191);
#1564=LINE('',#9561,#2192);
#1565=LINE('',#9563,#2193);
#1566=LINE('',#9565,#2194);
#1567=LINE('',#9566,#2195);
#1568=LINE('',#9581,#2196);
#1569=LINE('',#9600,#2197);
#1570=LINE('',#9619,#2198);
#1571=LINE('',#9638,#2199);
#1572=LINE('',#9657,#2200);
#1573=LINE('',#9676,#2201);
#1574=LINE('',#9695,#2202);
#1575=LINE('',#9714,#2203);
#1576=LINE('',#9733,#2204);
#1577=LINE('',#9752,#2205);
#1578=LINE('',#9758,#2206);
#1579=LINE('',#9759,#2207);
#1580=LINE('',#9764,#2208);
#1581=LINE('',#9766,#2209);
#1582=LINE('',#9768,#2210);
#1583=LINE('',#9769,#2211);
#1584=LINE('',#9772,#2212);
#1585=LINE('',#9774,#2213);
#1586=LINE('',#9775,#2214);
#1587=LINE('',#9778,#2215);
#1588=LINE('',#9780,#2216);
#1589=LINE('',#9781,#2217);
#1590=LINE('',#9784,#2218);
#1591=LINE('',#9786,#2219);
#1592=LINE('',#9787,#2220);
#1593=LINE('',#9790,#2221);
#1594=LINE('',#9792,#2222);
#1595=LINE('',#9793,#2223);
#1596=LINE('',#9796,#2224);
#1597=LINE('',#9798,#2225);
#1598=LINE('',#9799,#2226);
#1599=LINE('',#9802,#2227);
#1600=LINE('',#9804,#2228);
#1601=LINE('',#9805,#2229);
#1602=LINE('',#9807,#2230);
#1603=LINE('',#9808,#2231);
#1604=LINE('',#9825,#2232);
#1605=LINE('',#9831,#2233);
#1606=LINE('',#9846,#2234);
#1607=LINE('',#9853,#2235);
#1608=LINE('',#9855,#2236);
#1609=LINE('',#9856,#2237);
#1610=LINE('',#9859,#2238);
#1611=LINE('',#9861,#2239);
#1612=LINE('',#9862,#2240);
#1613=LINE('',#9877,#2241);
#1614=LINE('',#9896,#2242);
#1615=LINE('',#9920,#2243);
#1616=LINE('',#9922,#2244);
#1617=LINE('',#9924,#2245);
#1618=LINE('',#9925,#2246);
#1619=LINE('',#9928,#2247);
#1620=LINE('',#9930,#2248);
#1621=LINE('',#9931,#2249);
#1622=LINE('',#9946,#2250);
#1623=LINE('',#9953,#2251);
#1624=LINE('',#9955,#2252);
#1625=LINE('',#9956,#2253);
#1626=LINE('',#9959,#2254);
#1627=LINE('',#9961,#2255);
#1628=LINE('',#9962,#2256);
#1629=LINE('',#9965,#2257);
#1630=LINE('',#9967,#2258);
#1631=LINE('',#9968,#2259);
#1632=LINE('',#9983,#2260);
#1633=LINE('',#10002,#2261);
#1634=LINE('',#10009,#2262);
#1635=LINE('',#10011,#2263);
#1636=LINE('',#10012,#2264);
#1637=LINE('',#10015,#2265);
#1638=LINE('',#10017,#2266);
#1639=LINE('',#10018,#2267);
#1640=LINE('',#10033,#2268);
#1641=LINE('',#10052,#2269);
#1642=LINE('',#10071,#2270);
#1643=LINE('',#10090,#2271);
#1644=LINE('',#10109,#2272);
#1645=LINE('',#10116,#2273);
#1646=LINE('',#10118,#2274);
#1647=LINE('',#10119,#2275);
#1648=LINE('',#10122,#2276);
#1649=LINE('',#10124,#2277);
#1650=LINE('',#10125,#2278);
#1651=LINE('',#10128,#2279);
#1652=LINE('',#10130,#2280);
#1653=LINE('',#10131,#2281);
#1654=LINE('',#10133,#2282);
#1655=LINE('',#10134,#2283);
#1656=LINE('',#10139,#2284);
#1657=LINE('',#10141,#2285);
#1658=LINE('',#10143,#2286);
#1659=LINE('',#10144,#2287);
#1660=LINE('',#10147,#2288);
#1661=LINE('',#10149,#2289);
#1662=LINE('',#10150,#2290);
#1663=LINE('',#10153,#2291);
#1664=LINE('',#10155,#2292);
#1665=LINE('',#10156,#2293);
#1666=LINE('',#10171,#2294);
#1667=LINE('',#10190,#2295);
#1668=LINE('',#10209,#2296);
#1669=LINE('',#10233,#2297);
#1670=LINE('',#10235,#2298);
#1671=LINE('',#10237,#2299);
#1672=LINE('',#10238,#2300);
#1673=LINE('',#10241,#2301);
#1674=LINE('',#10243,#2302);
#1675=LINE('',#10244,#2303);
#1676=LINE('',#10247,#2304);
#1677=LINE('',#10249,#2305);
#1678=LINE('',#10250,#2306);
#1679=LINE('',#10265,#2307);
#1680=LINE('',#10284,#2308);
#1681=LINE('',#10320,#2309);
#1682=LINE('',#10326,#2310);
#1683=LINE('',#10341,#2311);
#1684=LINE('',#10360,#2312);
#1685=LINE('',#10379,#2313);
#1686=LINE('',#10386,#2314);
#1687=LINE('',#10388,#2315);
#1688=LINE('',#10389,#2316);
#1689=LINE('',#10392,#2317);
#1690=LINE('',#10394,#2318);
#1691=LINE('',#10395,#2319);
#1692=LINE('',#10410,#2320);
#1693=LINE('',#10429,#2321);
#1694=LINE('',#10436,#2322);
#1695=LINE('',#10438,#2323);
#1696=LINE('',#10439,#2324);
#1697=LINE('',#10442,#2325);
#1698=LINE('',#10444,#2326);
#1699=LINE('',#10445,#2327);
#1700=LINE('',#10448,#2328);
#1701=LINE('',#10450,#2329);
#1702=LINE('',#10451,#2330);
#1703=LINE('',#10453,#2331);
#1704=LINE('',#10454,#2332);
#1705=LINE('',#10471,#2333);
#1706=LINE('',#10477,#2334);
#1707=LINE('',#10492,#2335);
#1708=LINE('',#10511,#2336);
#1709=LINE('',#10530,#2337);
#1710=LINE('',#10549,#2338);
#1711=LINE('',#10568,#2339);
#1712=LINE('',#10587,#2340);
#1713=LINE('',#10611,#2341);
#1714=LINE('',#10613,#2342);
#1715=LINE('',#10615,#2343);
#1716=LINE('',#10616,#2344);
#1717=LINE('',#10619,#2345);
#1718=LINE('',#10621,#2346);
#1719=LINE('',#10622,#2347);
#1720=LINE('',#10625,#2348);
#1721=LINE('',#10627,#2349);
#1722=LINE('',#10628,#2350);
#1723=LINE('',#10631,#2351);
#1724=LINE('',#10633,#2352);
#1725=LINE('',#10634,#2353);
#1726=LINE('',#10637,#2354);
#1727=LINE('',#10639,#2355);
#1728=LINE('',#10640,#2356);
#1729=LINE('',#10643,#2357);
#1730=LINE('',#10645,#2358);
#1731=LINE('',#10646,#2359);
#1732=LINE('',#10661,#2360);
#1733=LINE('',#10680,#2361);
#1734=LINE('',#10687,#2362);
#1735=LINE('',#10689,#2363);
#1736=LINE('',#10690,#2364);
#1737=LINE('',#10693,#2365);
#1738=LINE('',#10695,#2366);
#1739=LINE('',#10696,#2367);
#1740=LINE('',#10699,#2368);
#1741=LINE('',#10701,#2369);
#1742=LINE('',#10702,#2370);
#1743=LINE('',#10717,#2371);
#1744=LINE('',#10736,#2372);
#1745=LINE('',#10742,#2373);
#1746=LINE('',#10743,#2374);
#1747=LINE('',#10760,#2375);
#1748=LINE('',#10766,#2376);
#1749=LINE('',#10781,#2377);
#1750=LINE('',#10800,#2378);
#1751=LINE('',#10825,#2379);
#1752=LINE('',#10827,#2380);
#1753=LINE('',#10829,#2381);
#1754=LINE('',#10830,#2382);
#1755=LINE('',#10845,#2383);
#1756=LINE('',#10864,#2384);
#1757=LINE('',#10883,#2385);
#1758=LINE('',#10902,#2386);
#1759=LINE('',#10908,#2387);
#1760=LINE('',#10909,#2388);
#1761=LINE('',#10913,#2389);
#1762=LINE('',#10915,#2390);
#1763=LINE('',#10917,#2391);
#1764=LINE('',#10918,#2392);
#1765=LINE('',#10921,#2393);
#1766=LINE('',#10923,#2394);
#1767=LINE('',#10924,#2395);
#1768=LINE('',#10927,#2396);
#1769=LINE('',#10929,#2397);
#1770=LINE('',#10930,#2398);
#1771=LINE('',#10933,#2399);
#1772=LINE('',#10935,#2400);
#1773=LINE('',#10936,#2401);
#1774=LINE('',#10939,#2402);
#1775=LINE('',#10941,#2403);
#1776=LINE('',#10942,#2404);
#1777=LINE('',#10945,#2405);
#1778=LINE('',#10947,#2406);
#1779=LINE('',#10948,#2407);
#1780=LINE('',#10963,#2408);
#1781=LINE('',#10970,#2409);
#1782=LINE('',#10972,#2410);
#1783=LINE('',#10973,#2411);
#1784=LINE('',#10976,#2412);
#1785=LINE('',#10978,#2413);
#1786=LINE('',#10979,#2414);
#1787=LINE('',#10994,#2415);
#1788=LINE('',#11013,#2416);
#1789=LINE('',#11032,#2417);
#1790=LINE('',#11051,#2418);
#1791=LINE('',#11057,#2419);
#1792=LINE('',#11058,#2420);
#1793=LINE('',#11084,#2421);
#1794=LINE('',#11091,#2422);
#1795=LINE('',#11109,#2423);
#1796=LINE('',#11132,#2424);
#1797=LINE('',#11155,#2425);
#1798=LINE('',#11178,#2426);
#1799=LINE('',#11201,#2427);
#1800=LINE('',#11260,#2428);
#1801=LINE('',#11283,#2429);
#1802=LINE('',#11291,#2430);
#1803=LINE('',#11293,#2431);
#1804=LINE('',#11294,#2432);
#1805=LINE('',#11312,#2433);
#1806=LINE('',#11335,#2434);
#1807=LINE('',#11358,#2435);
#1808=LINE('',#11381,#2436);
#1809=LINE('',#11404,#2437);
#1810=LINE('',#11427,#2438);
#1811=LINE('',#11450,#2439);
#1812=LINE('',#11473,#2440);
#1813=LINE('',#11481,#2441);
#1814=LINE('',#11483,#2442);
#1815=LINE('',#11484,#2443);
#1816=LINE('',#11487,#2444);
#1817=LINE('',#11489,#2445);
#1818=LINE('',#11490,#2446);
#1819=LINE('',#11492,#2447);
#1820=LINE('',#11493,#2448);
#1821=LINE('',#11495,#2449);
#1822=LINE('',#11514,#2450);
#1823=LINE('',#11521,#2451);
#1824=LINE('',#11539,#2452);
#1825=LINE('',#11562,#2453);
#1826=LINE('',#11585,#2454);
#1827=LINE('',#11608,#2455);
#1828=LINE('',#11631,#2456);
#1829=LINE('',#11654,#2457);
#1830=LINE('',#11713,#2458);
#1831=LINE('',#11736,#2459);
#1832=LINE('',#11759,#2460);
#1833=LINE('',#11767,#2461);
#1834=LINE('',#11769,#2462);
#1835=LINE('',#11770,#2463);
#1836=LINE('',#11788,#2464);
#1837=LINE('',#11811,#2465);
#1838=LINE('',#11834,#2466);
#1839=LINE('',#11857,#2467);
#1840=LINE('',#11880,#2468);
#1841=LINE('',#11903,#2469);
#1842=LINE('',#11911,#2470);
#1843=LINE('',#11913,#2471);
#1844=LINE('',#11914,#2472);
#1845=LINE('',#11932,#2473);
#1846=LINE('',#11955,#2474);
#1847=LINE('',#11978,#2475);
#1848=LINE('',#12001,#2476);
#1849=LINE('',#12024,#2477);
#1850=LINE('',#12047,#2478);
#1851=LINE('',#12070,#2479);
#1852=LINE('',#12078,#2480);
#1853=LINE('',#12080,#2481);
#1854=LINE('',#12081,#2482);
#1855=LINE('',#12103,#2483);
#1856=LINE('',#12107,#2484);
#1857=LINE('',#12109,#2485);
#1858=LINE('',#12111,#2486);
#1859=LINE('',#12112,#2487);
#1860=LINE('',#12115,#2488);
#1861=LINE('',#12117,#2489);
#1862=LINE('',#12118,#2490);
#1863=LINE('',#12120,#2491);
#1864=LINE('',#12121,#2492);
#1865=LINE('',#12124,#2493);
#1866=LINE('',#12126,#2494);
#1867=LINE('',#12127,#2495);
#1868=LINE('',#12130,#2496);
#1869=LINE('',#12132,#2497);
#1870=LINE('',#12133,#2498);
#1871=LINE('',#12137,#2499);
#1872=LINE('',#12138,#2500);
#1873=LINE('',#12139,#2501);
#1874=LINE('',#12143,#2502);
#1875=LINE('',#12145,#2503);
#1876=LINE('',#12147,#2504);
#1877=LINE('',#12148,#2505);
#1878=LINE('',#12151,#2506);
#1879=LINE('',#12153,#2507);
#1880=LINE('',#12154,#2508);
#1881=LINE('',#12157,#2509);
#1882=LINE('',#12159,#2510);
#1883=LINE('',#12160,#2511);
#1884=LINE('',#12163,#2512);
#1885=LINE('',#12165,#2513);
#1886=LINE('',#12166,#2514);
#1887=LINE('',#12168,#2515);
#1888=LINE('',#12169,#2516);
#1889=LINE('',#12171,#2517);
#1890=LINE('',#12197,#2518);
#1891=LINE('',#12205,#2519);
#1892=LINE('',#12213,#2520);
#1893=LINE('',#12221,#2521);
#1894=LINE('',#12223,#2522);
#1895=LINE('',#12224,#2523);
#1896=LINE('',#12241,#2524);
#1897=LINE('',#12244,#2525);
#1898=LINE('',#12245,#2526);
#1899=LINE('',#12262,#2527);
#1900=LINE('',#12265,#2528);
#1901=LINE('',#12266,#2529);
#1902=LINE('',#12269,#2530);
#1903=LINE('',#12270,#2531);
#1904=LINE('',#12273,#2532);
#1905=LINE('',#12274,#2533);
#1906=LINE('',#12279,#2534);
#1907=LINE('',#12281,#2535);
#1908=LINE('',#12283,#2536);
#1909=LINE('',#12284,#2537);
#1910=LINE('',#12287,#2538);
#1911=LINE('',#12289,#2539);
#1912=LINE('',#12290,#2540);
#1913=LINE('',#12293,#2541);
#1914=LINE('',#12295,#2542);
#1915=LINE('',#12296,#2543);
#1916=LINE('',#12300,#2544);
#1917=LINE('',#12302,#2545);
#1918=LINE('',#12304,#2546);
#1919=LINE('',#12305,#2547);
#1920=LINE('',#12308,#2548);
#1921=LINE('',#12310,#2549);
#1922=LINE('',#12311,#2550);
#1923=LINE('',#12314,#2551);
#1924=LINE('',#12316,#2552);
#1925=LINE('',#12317,#2553);
#1926=LINE('',#12322,#2554);
#1927=LINE('',#12328,#2555);
#1928=LINE('',#12334,#2556);
#1929=LINE('',#12337,#2557);
#1930=LINE('',#12338,#2558);
#1931=LINE('',#12340,#2559);
#1932=LINE('',#12341,#2560);
#1933=LINE('',#12342,#2561);
#1934=LINE('',#12343,#2562);
#1935=LINE('',#12344,#2563);
#1936=LINE('',#12345,#2564);
#1937=LINE('',#12350,#2565);
#1938=LINE('',#12358,#2566);
#1939=LINE('',#12360,#2567);
#1940=LINE('',#12362,#2568);
#1941=LINE('',#12363,#2569);
#1942=LINE('',#12367,#2570);
#1943=LINE('',#12369,#2571);
#1944=LINE('',#12371,#2572);
#1945=LINE('',#12372,#2573);
#1946=LINE('',#12376,#2574);
#1947=LINE('',#12378,#2575);
#1948=LINE('',#12380,#2576);
#1949=LINE('',#12381,#2577);
#1950=LINE('',#12384,#2578);
#1951=LINE('',#12386,#2579);
#1952=LINE('',#12388,#2580);
#1953=LINE('',#12389,#2581);
#1954=LINE('',#12393,#2582);
#1955=LINE('',#12395,#2583);
#1956=LINE('',#12397,#2584);
#1957=LINE('',#12399,#2585);
#1958=LINE('',#12401,#2586);
#1959=LINE('',#12403,#2587);
#1960=LINE('',#12405,#2588);
#1961=LINE('',#12406,#2589);
#1962=LINE('',#12409,#2590);
#1963=LINE('',#12411,#2591);
#1964=LINE('',#12413,#2592);
#1965=LINE('',#12414,#2593);
#1966=LINE('',#12418,#2594);
#1967=LINE('',#12420,#2595);
#1968=LINE('',#12422,#2596);
#1969=LINE('',#12423,#2597);
#1970=LINE('',#12426,#2598);
#1971=LINE('',#12428,#2599);
#1972=LINE('',#12430,#2600);
#1973=LINE('',#12431,#2601);
#1974=LINE('',#12435,#2602);
#1975=LINE('',#12437,#2603);
#1976=LINE('',#12439,#2604);
#1977=LINE('',#12440,#2605);
#1978=LINE('',#12443,#2606);
#1979=LINE('',#12445,#2607);
#1980=LINE('',#12447,#2608);
#1981=LINE('',#12448,#2609);
#1982=LINE('',#12452,#2610);
#1983=LINE('',#12454,#2611);
#1984=LINE('',#12456,#2612);
#1985=LINE('',#12457,#2613);
#1986=LINE('',#12464,#2614);
#1987=LINE('',#12466,#2615);
#1988=LINE('',#12468,#2616);
#1989=LINE('',#12469,#2617);
#1990=LINE('',#12471,#2618);
#1991=LINE('',#12473,#2619);
#1992=LINE('',#12474,#2620);
#1993=LINE('',#12486,#2621);
#1994=LINE('',#12488,#2622);
#1995=LINE('',#12490,#2623);
#1996=LINE('',#12492,#2624);
#1997=LINE('',#12493,#2625);
#1998=LINE('',#12495,#2626);
#1999=LINE('',#12497,#2627);
#2000=LINE('',#12498,#2628);
#2001=LINE('',#12500,#2629);
#2002=LINE('',#12502,#2630);
#2003=LINE('',#12503,#2631);
#2004=LINE('',#12505,#2632);
#2005=LINE('',#12506,#2633);
#2006=LINE('',#12507,#2634);
#2007=LINE('',#12509,#2635);
#2008=LINE('',#12510,#2636);
#2009=LINE('',#12522,#2637);
#2010=LINE('',#12523,#2638);
#2011=LINE('',#12538,#2639);
#2012=LINE('',#12540,#2640);
#2013=LINE('',#12541,#2641);
#2014=LINE('',#12543,#2642);
#2015=LINE('',#12544,#2643);
#2016=LINE('',#12563,#2644);
#2017=LINE('',#12565,#2645);
#2018=LINE('',#12567,#2646);
#2019=LINE('',#12568,#2647);
#2020=LINE('',#12570,#2648);
#2021=LINE('',#12571,#2649);
#2022=LINE('',#12574,#2650);
#2023=LINE('',#12579,#2651);
#2024=LINE('',#12580,#2652);
#2025=LINE('',#12582,#2653);
#2026=LINE('',#12587,#2654);
#2027=LINE('',#12590,#2655);
#2028=LINE('',#12594,#2656);
#2029=LINE('',#12595,#2657);
#2030=LINE('',#12597,#2658);
#2031=LINE('',#12602,#2659);
#2032=LINE('',#12608,#2660);
#2033=LINE('',#12609,#2661);
#2034=LINE('',#12611,#2662);
#2035=LINE('',#12616,#2663);
#2036=LINE('',#12623,#2664);
#2037=LINE('',#12625,#2665);
#2038=LINE('',#12628,#2666);
#2039=LINE('',#12631,#2667);
#2040=LINE('',#12634,#2668);
#2041=LINE('',#12638,#2669);
#2042=LINE('',#12640,#2670);
#2043=LINE('',#12642,#2671);
#2044=LINE('',#12647,#2672);
#2045=LINE('',#12652,#2673);
#2046=LINE('',#12657,#2674);
#2047=LINE('',#12662,#2675);
#2048=LINE('',#12665,#2676);
#2049=LINE('',#12666,#2677);
#2050=LINE('',#12668,#2678);
#2051=LINE('',#12670,#2679);
#2052=LINE('',#12673,#2680);
#2053=LINE('',#12674,#2681);
#2054=LINE('',#12676,#2682);
#2055=LINE('',#12678,#2683);
#2056=LINE('',#12681,#2684);
#2057=LINE('',#12683,#2685);
#2058=LINE('',#12685,#2686);
#2059=LINE('',#12687,#2687);
#2060=LINE('',#12689,#2688);
#2061=LINE('',#12691,#2689);
#2062=LINE('',#12693,#2690);
#2063=LINE('',#12695,#2691);
#2064=LINE('',#12697,#2692);
#2065=LINE('',#12699,#2693);
#2066=VECTOR('',#7212,0.01);
#2067=VECTOR('',#7213,0.01);
#2068=VECTOR('',#7214,0.01);
#2069=VECTOR('',#7215,0.01);
#2070=VECTOR('',#7218,0.01);
#2071=VECTOR('',#7219,0.01);
#2072=VECTOR('',#7220,0.01);
#2073=VECTOR('',#7221,0.01);
#2074=VECTOR('',#7222,0.01);
#2075=VECTOR('',#7223,0.01);
#2076=VECTOR('',#7224,0.01);
#2077=VECTOR('',#7225,0.01);
#2078=VECTOR('',#7226,0.01);
#2079=VECTOR('',#7227,0.01);
#2080=VECTOR('',#7228,0.01);
#2081=VECTOR('',#7229,0.01);
#2082=VECTOR('',#7230,0.01);
#2083=VECTOR('',#7231,0.01);
#2084=VECTOR('',#7232,0.01);
#2085=VECTOR('',#7233,0.01);
#2086=VECTOR('',#7234,0.01);
#2087=VECTOR('',#7235,0.01);
#2088=VECTOR('',#7236,0.01);
#2089=VECTOR('',#7237,0.01);
#2090=VECTOR('',#7238,0.01);
#2091=VECTOR('',#7239,0.01);
#2092=VECTOR('',#7240,0.01);
#2093=VECTOR('',#7241,0.01);
#2094=VECTOR('',#7242,0.01);
#2095=VECTOR('',#7243,0.01);
#2096=VECTOR('',#7244,0.01);
#2097=VECTOR('',#7245,0.01);
#2098=VECTOR('',#7246,0.01);
#2099=VECTOR('',#7247,0.01);
#2100=VECTOR('',#7248,0.01);
#2101=VECTOR('',#7249,0.01);
#2102=VECTOR('',#7250,0.01);
#2103=VECTOR('',#7251,0.01);
#2104=VECTOR('',#7252,0.01);
#2105=VECTOR('',#7253,0.01);
#2106=VECTOR('',#7254,0.01);
#2107=VECTOR('',#7255,0.01);
#2108=VECTOR('',#7256,0.01);
#2109=VECTOR('',#7257,0.01);
#2110=VECTOR('',#7258,0.01);
#2111=VECTOR('',#7259,0.01);
#2112=VECTOR('',#7260,0.01);
#2113=VECTOR('',#7261,0.01);
#2114=VECTOR('',#7266,0.01);
#2115=VECTOR('',#7267,0.01);
#2116=VECTOR('',#7268,0.01);
#2117=VECTOR('',#7269,0.01);
#2118=VECTOR('',#7272,0.01);
#2119=VECTOR('',#7273,0.01);
#2120=VECTOR('',#7274,0.01);
#2121=VECTOR('',#7277,0.01);
#2122=VECTOR('',#7278,0.01);
#2123=VECTOR('',#7279,0.01);
#2124=VECTOR('',#7282,0.01);
#2125=VECTOR('',#7283,0.01);
#2126=VECTOR('',#7284,0.01);
#2127=VECTOR('',#7287,0.01);
#2128=VECTOR('',#7288,0.01);
#2129=VECTOR('',#7289,0.01);
#2130=VECTOR('',#7292,0.01);
#2131=VECTOR('',#7293,0.01);
#2132=VECTOR('',#7294,0.01);
#2133=VECTOR('',#7297,0.01);
#2134=VECTOR('',#7298,0.01);
#2135=VECTOR('',#7299,0.01);
#2136=VECTOR('',#7302,0.01);
#2137=VECTOR('',#7303,0.01);
#2138=VECTOR('',#7304,0.01);
#2139=VECTOR('',#7307,0.01);
#2140=VECTOR('',#7308,0.01);
#2141=VECTOR('',#7309,0.01);
#2142=VECTOR('',#7312,0.01);
#2143=VECTOR('',#7313,0.01);
#2144=VECTOR('',#7314,0.01);
#2145=VECTOR('',#7317,0.01);
#2146=VECTOR('',#7318,0.01);
#2147=VECTOR('',#7319,0.01);
#2148=VECTOR('',#7322,0.01);
#2149=VECTOR('',#7323,0.01);
#2150=VECTOR('',#7324,0.01);
#2151=VECTOR('',#7327,0.01);
#2152=VECTOR('',#7328,0.01);
#2153=VECTOR('',#7331,0.01);
#2154=VECTOR('',#7332,0.01);
#2155=VECTOR('',#7333,0.01);
#2156=VECTOR('',#7334,0.01);
#2157=VECTOR('',#7335,0.01);
#2158=VECTOR('',#7338,0.01);
#2159=VECTOR('',#7339,0.01);
#2160=VECTOR('',#7340,0.01);
#2161=VECTOR('',#7343,0.01);
#2162=VECTOR('',#7344,0.01);
#2163=VECTOR('',#7345,0.01);
#2164=VECTOR('',#7346,0.01);
#2165=VECTOR('',#7347,0.01);
#2166=VECTOR('',#7348,0.01);
#2167=VECTOR('',#7349,0.01);
#2168=VECTOR('',#7350,0.01);
#2169=VECTOR('',#7351,0.01);
#2170=VECTOR('',#7352,0.01);
#2171=VECTOR('',#7357,0.01);
#2172=VECTOR('',#7358,0.01);
#2173=VECTOR('',#7359,0.01);
#2174=VECTOR('',#7360,0.01);
#2175=VECTOR('',#7363,0.01);
#2176=VECTOR('',#7364,0.01);
#2177=VECTOR('',#7365,0.01);
#2178=VECTOR('',#7368,0.01);
#2179=VECTOR('',#7369,0.01);
#2180=VECTOR('',#7370,0.01);
#2181=VECTOR('',#7373,0.01);
#2182=VECTOR('',#7374,0.01);
#2183=VECTOR('',#7375,0.01);
#2184=VECTOR('',#7378,0.01);
#2185=VECTOR('',#7379,0.01);
#2186=VECTOR('',#7380,0.01);
#2187=VECTOR('',#7383,0.01);
#2188=VECTOR('',#7384,0.01);
#2189=VECTOR('',#7387,0.01);
#2190=VECTOR('',#7388,0.01);
#2191=VECTOR('',#7389,0.01);
#2192=VECTOR('',#7394,0.01);
#2193=VECTOR('',#7395,0.01);
#2194=VECTOR('',#7396,0.01);
#2195=VECTOR('',#7397,0.01);
#2196=VECTOR('',#7398,0.01);
#2197=VECTOR('',#7399,0.01);
#2198=VECTOR('',#7400,0.01);
#2199=VECTOR('',#7401,0.01);
#2200=VECTOR('',#7402,0.01);
#2201=VECTOR('',#7403,0.01);
#2202=VECTOR('',#7404,0.01);
#2203=VECTOR('',#7405,0.01);
#2204=VECTOR('',#7406,0.01);
#2205=VECTOR('',#7407,0.01);
#2206=VECTOR('',#7410,0.01);
#2207=VECTOR('',#7411,0.01);
#2208=VECTOR('',#7416,0.01);
#2209=VECTOR('',#7417,0.01);
#2210=VECTOR('',#7418,0.01);
#2211=VECTOR('',#7419,0.01);
#2212=VECTOR('',#7422,0.01);
#2213=VECTOR('',#7423,0.01);
#2214=VECTOR('',#7424,0.01);
#2215=VECTOR('',#7427,0.01);
#2216=VECTOR('',#7428,0.01);
#2217=VECTOR('',#7429,0.01);
#2218=VECTOR('',#7432,0.01);
#2219=VECTOR('',#7433,0.01);
#2220=VECTOR('',#7434,0.01);
#2221=VECTOR('',#7437,0.01);
#2222=VECTOR('',#7438,0.01);
#2223=VECTOR('',#7439,0.01);
#2224=VECTOR('',#7442,0.01);
#2225=VECTOR('',#7443,0.01);
#2226=VECTOR('',#7444,0.01);
#2227=VECTOR('',#7447,0.01);
#2228=VECTOR('',#7448,0.01);
#2229=VECTOR('',#7449,0.01);
#2230=VECTOR('',#7452,0.01);
#2231=VECTOR('',#7453,0.01);
#2232=VECTOR('',#7456,0.01);
#2233=VECTOR('',#7457,0.01);
#2234=VECTOR('',#7458,0.01);
#2235=VECTOR('',#7461,0.01);
#2236=VECTOR('',#7462,0.01);
#2237=VECTOR('',#7463,0.01);
#2238=VECTOR('',#7466,0.01);
#2239=VECTOR('',#7467,0.01);
#2240=VECTOR('',#7468,0.01);
#2241=VECTOR('',#7469,0.01);
#2242=VECTOR('',#7470,0.01);
#2243=VECTOR('',#7473,0.01);
#2244=VECTOR('',#7474,0.01);
#2245=VECTOR('',#7475,0.01);
#2246=VECTOR('',#7476,0.01);
#2247=VECTOR('',#7479,0.01);
#2248=VECTOR('',#7480,0.01);
#2249=VECTOR('',#7481,0.01);
#2250=VECTOR('',#7482,0.01);
#2251=VECTOR('',#7485,0.01);
#2252=VECTOR('',#7486,0.01);
#2253=VECTOR('',#7487,0.01);
#2254=VECTOR('',#7490,0.01);
#2255=VECTOR('',#7491,0.01);
#2256=VECTOR('',#7492,0.01);
#2257=VECTOR('',#7495,0.01);
#2258=VECTOR('',#7496,0.01);
#2259=VECTOR('',#7497,0.01);
#2260=VECTOR('',#7498,0.01);
#2261=VECTOR('',#7499,0.01);
#2262=VECTOR('',#7502,0.01);
#2263=VECTOR('',#7503,0.01);
#2264=VECTOR('',#7504,0.01);
#2265=VECTOR('',#7507,0.01);
#2266=VECTOR('',#7508,0.01);
#2267=VECTOR('',#7509,0.01);
#2268=VECTOR('',#7510,0.01);
#2269=VECTOR('',#7511,0.01);
#2270=VECTOR('',#7512,0.01);
#2271=VECTOR('',#7513,0.01);
#2272=VECTOR('',#7514,0.01);
#2273=VECTOR('',#7517,0.01);
#2274=VECTOR('',#7518,0.01);
#2275=VECTOR('',#7519,0.01);
#2276=VECTOR('',#7522,0.01);
#2277=VECTOR('',#7523,0.01);
#2278=VECTOR('',#7524,0.01);
#2279=VECTOR('',#7527,0.01);
#2280=VECTOR('',#7528,0.01);
#2281=VECTOR('',#7529,0.01);
#2282=VECTOR('',#7532,0.01);
#2283=VECTOR('',#7533,0.01);
#2284=VECTOR('',#7538,0.01);
#2285=VECTOR('',#7539,0.01);
#2286=VECTOR('',#7540,0.01);
#2287=VECTOR('',#7541,0.01);
#2288=VECTOR('',#7544,0.01);
#2289=VECTOR('',#7545,0.01);
#2290=VECTOR('',#7546,0.01);
#2291=VECTOR('',#7549,0.01);
#2292=VECTOR('',#7550,0.01);
#2293=VECTOR('',#7551,0.01);
#2294=VECTOR('',#7552,0.01);
#2295=VECTOR('',#7553,0.01);
#2296=VECTOR('',#7554,0.01);
#2297=VECTOR('',#7557,0.01);
#2298=VECTOR('',#7558,0.01);
#2299=VECTOR('',#7559,0.01);
#2300=VECTOR('',#7560,0.01);
#2301=VECTOR('',#7563,0.01);
#2302=VECTOR('',#7564,0.01);
#2303=VECTOR('',#7565,0.01);
#2304=VECTOR('',#7568,0.01);
#2305=VECTOR('',#7569,0.01);
#2306=VECTOR('',#7570,0.01);
#2307=VECTOR('',#7571,0.01);
#2308=VECTOR('',#7572,0.01);
#2309=VECTOR('',#7573,0.01);
#2310=VECTOR('',#7574,0.01);
#2311=VECTOR('',#7575,0.01);
#2312=VECTOR('',#7576,0.01);
#2313=VECTOR('',#7577,0.01);
#2314=VECTOR('',#7580,0.01);
#2315=VECTOR('',#7581,0.01);
#2316=VECTOR('',#7582,0.01);
#2317=VECTOR('',#7585,0.01);
#2318=VECTOR('',#7586,0.01);
#2319=VECTOR('',#7587,0.01);
#2320=VECTOR('',#7588,0.01);
#2321=VECTOR('',#7589,0.01);
#2322=VECTOR('',#7592,0.01);
#2323=VECTOR('',#7593,0.01);
#2324=VECTOR('',#7594,0.01);
#2325=VECTOR('',#7597,0.01);
#2326=VECTOR('',#7598,0.01);
#2327=VECTOR('',#7599,0.01);
#2328=VECTOR('',#7602,0.01);
#2329=VECTOR('',#7603,0.01);
#2330=VECTOR('',#7604,0.01);
#2331=VECTOR('',#7607,0.01);
#2332=VECTOR('',#7608,0.01);
#2333=VECTOR('',#7611,0.01);
#2334=VECTOR('',#7612,0.01);
#2335=VECTOR('',#7613,0.01);
#2336=VECTOR('',#7614,0.01);
#2337=VECTOR('',#7615,0.01);
#2338=VECTOR('',#7616,0.01);
#2339=VECTOR('',#7617,0.01);
#2340=VECTOR('',#7618,0.01);
#2341=VECTOR('',#7621,0.01);
#2342=VECTOR('',#7622,0.01);
#2343=VECTOR('',#7623,0.01);
#2344=VECTOR('',#7624,0.01);
#2345=VECTOR('',#7627,0.01);
#2346=VECTOR('',#7628,0.01);
#2347=VECTOR('',#7629,0.01);
#2348=VECTOR('',#7632,0.01);
#2349=VECTOR('',#7633,0.01);
#2350=VECTOR('',#7634,0.01);
#2351=VECTOR('',#7637,0.01);
#2352=VECTOR('',#7638,0.01);
#2353=VECTOR('',#7639,0.01);
#2354=VECTOR('',#7642,0.01);
#2355=VECTOR('',#7643,0.01);
#2356=VECTOR('',#7644,0.01);
#2357=VECTOR('',#7647,0.01);
#2358=VECTOR('',#7648,0.01);
#2359=VECTOR('',#7649,0.01);
#2360=VECTOR('',#7650,0.01);
#2361=VECTOR('',#7651,0.01);
#2362=VECTOR('',#7654,0.01);
#2363=VECTOR('',#7655,0.01);
#2364=VECTOR('',#7656,0.01);
#2365=VECTOR('',#7659,0.01);
#2366=VECTOR('',#7660,0.01);
#2367=VECTOR('',#7661,0.01);
#2368=VECTOR('',#7664,0.01);
#2369=VECTOR('',#7665,0.01);
#2370=VECTOR('',#7666,0.01);
#2371=VECTOR('',#7667,0.01);
#2372=VECTOR('',#7668,0.01);
#2373=VECTOR('',#7671,0.01);
#2374=VECTOR('',#7672,0.01);
#2375=VECTOR('',#7675,0.01);
#2376=VECTOR('',#7676,0.01);
#2377=VECTOR('',#7677,0.01);
#2378=VECTOR('',#7678,0.01);
#2379=VECTOR('',#7683,0.01);
#2380=VECTOR('',#7684,0.01);
#2381=VECTOR('',#7685,0.01);
#2382=VECTOR('',#7686,0.01);
#2383=VECTOR('',#7687,0.01);
#2384=VECTOR('',#7688,0.01);
#2385=VECTOR('',#7689,0.01);
#2386=VECTOR('',#7690,0.01);
#2387=VECTOR('',#7693,0.01);
#2388=VECTOR('',#7694,0.01);
#2389=VECTOR('',#7697,0.01);
#2390=VECTOR('',#7698,0.01);
#2391=VECTOR('',#7699,0.01);
#2392=VECTOR('',#7700,0.01);
#2393=VECTOR('',#7703,0.01);
#2394=VECTOR('',#7704,0.01);
#2395=VECTOR('',#7705,0.01);
#2396=VECTOR('',#7708,0.01);
#2397=VECTOR('',#7709,0.01);
#2398=VECTOR('',#7710,0.01);
#2399=VECTOR('',#7713,0.01);
#2400=VECTOR('',#7714,0.01);
#2401=VECTOR('',#7715,0.01);
#2402=VECTOR('',#7718,0.01);
#2403=VECTOR('',#7719,0.01);
#2404=VECTOR('',#7720,0.01);
#2405=VECTOR('',#7723,0.01);
#2406=VECTOR('',#7724,0.01);
#2407=VECTOR('',#7725,0.01);
#2408=VECTOR('',#7726,0.01);
#2409=VECTOR('',#7729,0.01);
#2410=VECTOR('',#7730,0.01);
#2411=VECTOR('',#7731,0.01);
#2412=VECTOR('',#7734,0.01);
#2413=VECTOR('',#7735,0.01);
#2414=VECTOR('',#7736,0.01);
#2415=VECTOR('',#7737,0.01);
#2416=VECTOR('',#7738,0.01);
#2417=VECTOR('',#7739,0.01);
#2418=VECTOR('',#7740,0.01);
#2419=VECTOR('',#7743,0.01);
#2420=VECTOR('',#7744,0.01);
#2421=VECTOR('',#7759,0.01);
#2422=VECTOR('',#7760,0.01);
#2423=VECTOR('',#7761,0.01);
#2424=VECTOR('',#7762,0.01);
#2425=VECTOR('',#7763,0.01);
#2426=VECTOR('',#7764,0.01);
#2427=VECTOR('',#7765,0.01);
#2428=VECTOR('',#7766,0.01);
#2429=VECTOR('',#7767,0.01);
#2430=VECTOR('',#7770,0.01);
#2431=VECTOR('',#7771,0.01);
#2432=VECTOR('',#7772,0.01);
#2433=VECTOR('',#7773,0.01);
#2434=VECTOR('',#7774,0.01);
#2435=VECTOR('',#7775,0.01);
#2436=VECTOR('',#7776,0.01);
#2437=VECTOR('',#7777,0.01);
#2438=VECTOR('',#7778,0.01);
#2439=VECTOR('',#7779,0.01);
#2440=VECTOR('',#7780,0.01);
#2441=VECTOR('',#7783,0.01);
#2442=VECTOR('',#7784,0.01);
#2443=VECTOR('',#7785,0.01);
#2444=VECTOR('',#7788,0.01);
#2445=VECTOR('',#7789,0.01);
#2446=VECTOR('',#7790,0.01);
#2447=VECTOR('',#7793,0.01);
#2448=VECTOR('',#7794,0.01);
#2449=VECTOR('',#7797,0.01);
#2450=VECTOR('',#7798,0.01);
#2451=VECTOR('',#7799,0.01);
#2452=VECTOR('',#7800,0.01);
#2453=VECTOR('',#7801,0.01);
#2454=VECTOR('',#7802,0.01);
#2455=VECTOR('',#7803,0.01);
#2456=VECTOR('',#7804,0.01);
#2457=VECTOR('',#7805,0.01);
#2458=VECTOR('',#7806,0.01);
#2459=VECTOR('',#7807,0.01);
#2460=VECTOR('',#7808,0.01);
#2461=VECTOR('',#7811,0.01);
#2462=VECTOR('',#7812,0.01);
#2463=VECTOR('',#7813,0.01);
#2464=VECTOR('',#7814,0.01);
#2465=VECTOR('',#7815,0.01);
#2466=VECTOR('',#7816,0.01);
#2467=VECTOR('',#7817,0.01);
#2468=VECTOR('',#7818,0.01);
#2469=VECTOR('',#7819,0.01);
#2470=VECTOR('',#7822,0.01);
#2471=VECTOR('',#7823,0.01);
#2472=VECTOR('',#7824,0.01);
#2473=VECTOR('',#7825,0.01);
#2474=VECTOR('',#7826,0.01);
#2475=VECTOR('',#7827,0.01);
#2476=VECTOR('',#7828,0.01);
#2477=VECTOR('',#7829,0.01);
#2478=VECTOR('',#7830,0.01);
#2479=VECTOR('',#7831,0.01);
#2480=VECTOR('',#7834,0.01);
#2481=VECTOR('',#7835,0.01);
#2482=VECTOR('',#7836,0.01);
#2483=VECTOR('',#7839,0.01);
#2484=VECTOR('',#7842,0.01);
#2485=VECTOR('',#7843,0.01);
#2486=VECTOR('',#7844,0.01);
#2487=VECTOR('',#7845,0.01);
#2488=VECTOR('',#7848,0.01);
#2489=VECTOR('',#7849,0.01);
#2490=VECTOR('',#7850,0.01);
#2491=VECTOR('',#7853,0.01);
#2492=VECTOR('',#7854,0.01);
#2493=VECTOR('',#7857,0.01);
#2494=VECTOR('',#7858,0.01);
#2495=VECTOR('',#7859,0.01);
#2496=VECTOR('',#7862,0.01);
#2497=VECTOR('',#7863,0.01);
#2498=VECTOR('',#7864,0.01);
#2499=VECTOR('',#7867,0.01);
#2500=VECTOR('',#7868,0.01);
#2501=VECTOR('',#7869,0.01);
#2502=VECTOR('',#7872,0.01);
#2503=VECTOR('',#7873,0.01);
#2504=VECTOR('',#7874,0.01);
#2505=VECTOR('',#7875,0.01);
#2506=VECTOR('',#7878,0.01);
#2507=VECTOR('',#7879,0.01);
#2508=VECTOR('',#7880,0.01);
#2509=VECTOR('',#7883,0.01);
#2510=VECTOR('',#7884,0.01);
#2511=VECTOR('',#7885,0.01);
#2512=VECTOR('',#7888,0.01);
#2513=VECTOR('',#7889,0.01);
#2514=VECTOR('',#7890,0.01);
#2515=VECTOR('',#7893,0.01);
#2516=VECTOR('',#7894,0.01);
#2517=VECTOR('',#7897,0.01);
#2518=VECTOR('',#7898,0.01);
#2519=VECTOR('',#7901,0.01);
#2520=VECTOR('',#7902,0.01);
#2521=VECTOR('',#7903,0.01);
#2522=VECTOR('',#7904,0.01);
#2523=VECTOR('',#7905,0.01);
#2524=VECTOR('',#7906,0.01);
#2525=VECTOR('',#7909,0.01);
#2526=VECTOR('',#7910,0.01);
#2527=VECTOR('',#7911,0.01);
#2528=VECTOR('',#7914,0.01);
#2529=VECTOR('',#7915,0.01);
#2530=VECTOR('',#7918,0.01);
#2531=VECTOR('',#7919,0.01);
#2532=VECTOR('',#7922,0.01);
#2533=VECTOR('',#7923,0.01);
#2534=VECTOR('',#7928,1.);
#2535=VECTOR('',#7929,1.);
#2536=VECTOR('',#7930,1.);
#2537=VECTOR('',#7931,1.);
#2538=VECTOR('',#7934,1.);
#2539=VECTOR('',#7935,1.);
#2540=VECTOR('',#7936,1.);
#2541=VECTOR('',#7939,1.);
#2542=VECTOR('',#7940,1.);
#2543=VECTOR('',#7941,1.);
#2544=VECTOR('',#7944,1.);
#2545=VECTOR('',#7945,1.);
#2546=VECTOR('',#7946,1.);
#2547=VECTOR('',#7947,1.);
#2548=VECTOR('',#7950,1.);
#2549=VECTOR('',#7951,1.);
#2550=VECTOR('',#7952,1.);
#2551=VECTOR('',#7955,1.);
#2552=VECTOR('',#7956,1.);
#2553=VECTOR('',#7957,1.);
#2554=VECTOR('',#7962,0.0016);
#2555=VECTOR('',#7969,0.0016);
#2556=VECTOR('',#7976,0.0016);
#2557=VECTOR('',#7981,1.);
#2558=VECTOR('',#7982,1.);
#2559=VECTOR('',#7985,1.);
#2560=VECTOR('',#7986,1.);
#2561=VECTOR('',#7987,1.);
#2562=VECTOR('',#7988,1.);
#2563=VECTOR('',#7989,1.);
#2564=VECTOR('',#7990,1.);
#2565=VECTOR('',#7995,0.0016);
#2566=VECTOR('',#8006,1.);
#2567=VECTOR('',#8007,1.);
#2568=VECTOR('',#8008,1.);
#2569=VECTOR('',#8009,1.);
#2570=VECTOR('',#8012,1.);
#2571=VECTOR('',#8013,1.);
#2572=VECTOR('',#8014,1.);
#2573=VECTOR('',#8015,1.);
#2574=VECTOR('',#8018,1.);
#2575=VECTOR('',#8019,1.);
#2576=VECTOR('',#8020,1.);
#2577=VECTOR('',#8021,1.);
#2578=VECTOR('',#8022,1.);
#2579=VECTOR('',#8023,1.);
#2580=VECTOR('',#8024,1.);
#2581=VECTOR('',#8025,1.);
#2582=VECTOR('',#8028,1.);
#2583=VECTOR('',#8029,1.);
#2584=VECTOR('',#8030,1.);
#2585=VECTOR('',#8031,1.);
#2586=VECTOR('',#8032,1.);
#2587=VECTOR('',#8033,1.);
#2588=VECTOR('',#8034,1.);
#2589=VECTOR('',#8035,1.);
#2590=VECTOR('',#8036,1.);
#2591=VECTOR('',#8037,1.);
#2592=VECTOR('',#8038,1.);
#2593=VECTOR('',#8039,1.);
#2594=VECTOR('',#8042,1.);
#2595=VECTOR('',#8043,1.);
#2596=VECTOR('',#8044,1.);
#2597=VECTOR('',#8045,1.);
#2598=VECTOR('',#8046,1.);
#2599=VECTOR('',#8047,1.);
#2600=VECTOR('',#8048,1.);
#2601=VECTOR('',#8049,1.);
#2602=VECTOR('',#8052,1.);
#2603=VECTOR('',#8053,1.);
#2604=VECTOR('',#8054,1.);
#2605=VECTOR('',#8055,1.);
#2606=VECTOR('',#8056,1.);
#2607=VECTOR('',#8057,1.);
#2608=VECTOR('',#8058,1.);
#2609=VECTOR('',#8059,1.);
#2610=VECTOR('',#8062,1.);
#2611=VECTOR('',#8063,1.);
#2612=VECTOR('',#8064,1.);
#2613=VECTOR('',#8065,1.);
#2614=VECTOR('',#8072,1.);
#2615=VECTOR('',#8073,1.);
#2616=VECTOR('',#8074,1.);
#2617=VECTOR('',#8075,1.);
#2618=VECTOR('',#8076,1.);
#2619=VECTOR('',#8077,1.);
#2620=VECTOR('',#8078,1.);
#2621=VECTOR('',#8089,1.);
#2622=VECTOR('',#8090,1.);
#2623=VECTOR('',#8091,1.);
#2624=VECTOR('',#8092,1.);
#2625=VECTOR('',#8093,1.);
#2626=VECTOR('',#8094,1.);
#2627=VECTOR('',#8095,1.);
#2628=VECTOR('',#8096,1.);
#2629=VECTOR('',#8097,1.);
#2630=VECTOR('',#8098,1.);
#2631=VECTOR('',#8099,1.);
#2632=VECTOR('',#8100,1.);
#2633=VECTOR('',#8101,1.);
#2634=VECTOR('',#8102,1.);
#2635=VECTOR('',#8105,1.);
#2636=VECTOR('',#8106,1.);
#2637=VECTOR('',#8119,1.);
#2638=VECTOR('',#8120,1.);
#2639=VECTOR('',#8137,1.);
#2640=VECTOR('',#8138,1.);
#2641=VECTOR('',#8139,1.);
#2642=VECTOR('',#8140,1.);
#2643=VECTOR('',#8141,1.);
#2644=VECTOR('',#8160,1.);
#2645=VECTOR('',#8161,1.);
#2646=VECTOR('',#8162,1.);
#2647=VECTOR('',#8163,1.);
#2648=VECTOR('',#8164,0.01);
#2649=VECTOR('',#8165,0.01);
#2650=VECTOR('',#8168,1.);
#2651=VECTOR('',#8173,1.);
#2652=VECTOR('',#8174,1.);
#2653=VECTOR('',#8177,1.);
#2654=VECTOR('',#8182,0.0023);
#2655=VECTOR('',#8187,1.);
#2656=VECTOR('',#8192,1.);
#2657=VECTOR('',#8193,1.);
#2658=VECTOR('',#8196,1.);
#2659=VECTOR('',#8201,0.0023);
#2660=VECTOR('',#8210,1.);
#2661=VECTOR('',#8211,1.);
#2662=VECTOR('',#8214,1.);
#2663=VECTOR('',#8219,0.0023);
#2664=VECTOR('',#8230,1.);
#2665=VECTOR('',#8231,1.);
#2666=VECTOR('',#8236,1.);
#2667=VECTOR('',#8241,1.);
#2668=VECTOR('',#8244,0.0023);
#2669=VECTOR('',#8251,1.);
#2670=VECTOR('',#8254,1.);
#2671=VECTOR('',#8257,1.);
#2672=VECTOR('',#8264,0.002);
#2673=VECTOR('',#8271,0.002);
#2674=VECTOR('',#8278,0.002);
#2675=VECTOR('',#8285,0.002);
#2676=VECTOR('',#8290,1.);
#2677=VECTOR('',#8291,1.);
#2678=VECTOR('',#8294,1.);
#2679=VECTOR('',#8297,1.);
#2680=VECTOR('',#8302,1.);
#2681=VECTOR('',#8303,1.);
#2682=VECTOR('',#8306,1.);
#2683=VECTOR('',#8309,1.);
#2684=VECTOR('',#8314,0.0037225206546924);
#2685=VECTOR('',#8317,0.0037225206546924);
#2686=VECTOR('',#8320,0.00476008271930416);
#2687=VECTOR('',#8323,0.00351569201870474);
#2688=VECTOR('',#8326,0.00150473983555579);
#2689=VECTOR('',#8329,0.00372823932613927);
#2690=VECTOR('',#8332,0.00476008271930416);
#2691=VECTOR('',#8335,0.00351569201870474);
#2692=VECTOR('',#8338,0.00150473983555579);
#2693=VECTOR('',#8341,0.00372823932613927);
#2694=VERTEX_POINT('',#8349);
#2695=VERTEX_POINT('',#8350);
#2696=VERTEX_POINT('',#8352);
#2697=VERTEX_POINT('',#8354);
#2698=VERTEX_POINT('',#8358);
#2699=VERTEX_POINT('',#8360);
#2700=VERTEX_POINT('',#8371);
#2701=VERTEX_POINT('',#8372);
#2702=VERTEX_POINT('',#8377);
#2703=VERTEX_POINT('',#8379);
#2704=VERTEX_POINT('',#8393);
#2705=VERTEX_POINT('',#8398);
#2706=VERTEX_POINT('',#8428);
#2707=VERTEX_POINT('',#8429);
#2708=VERTEX_POINT('',#8434);
#2709=VERTEX_POINT('',#8436);
#2710=VERTEX_POINT('',#8450);
#2711=VERTEX_POINT('',#8455);
#2712=VERTEX_POINT('',#8469);
#2713=VERTEX_POINT('',#8474);
#2714=VERTEX_POINT('',#8488);
#2715=VERTEX_POINT('',#8493);
#2716=VERTEX_POINT('',#8507);
#2717=VERTEX_POINT('',#8512);
#2718=VERTEX_POINT('',#8526);
#2719=VERTEX_POINT('',#8531);
#2720=VERTEX_POINT('',#8545);
#2721=VERTEX_POINT('',#8550);
#2722=VERTEX_POINT('',#8564);
#2723=VERTEX_POINT('',#8569);
#2724=VERTEX_POINT('',#8583);
#2725=VERTEX_POINT('',#8588);
#2726=VERTEX_POINT('',#8602);
#2727=VERTEX_POINT('',#8607);
#2728=VERTEX_POINT('',#8621);
#2729=VERTEX_POINT('',#8626);
#2730=VERTEX_POINT('',#8640);
#2731=VERTEX_POINT('',#8645);
#2732=VERTEX_POINT('',#8659);
#2733=VERTEX_POINT('',#8664);
#2734=VERTEX_POINT('',#8678);
#2735=VERTEX_POINT('',#8683);
#2736=VERTEX_POINT('',#8697);
#2737=VERTEX_POINT('',#8702);
#2738=VERTEX_POINT('',#8716);
#2739=VERTEX_POINT('',#8721);
#2740=VERTEX_POINT('',#8735);
#2741=VERTEX_POINT('',#8740);
#2742=VERTEX_POINT('',#8754);
#2743=VERTEX_POINT('',#8759);
#2744=VERTEX_POINT('',#8773);
#2745=VERTEX_POINT('',#8778);
#2746=VERTEX_POINT('',#8792);
#2747=VERTEX_POINT('',#8797);
#2748=VERTEX_POINT('',#8811);
#2749=VERTEX_POINT('',#8816);
#2750=VERTEX_POINT('',#8830);
#2751=VERTEX_POINT('',#8835);
#2752=VERTEX_POINT('',#8849);
#2753=VERTEX_POINT('',#8854);
#2754=VERTEX_POINT('',#8868);
#2755=VERTEX_POINT('',#8873);
#2756=VERTEX_POINT('',#8887);
#2757=VERTEX_POINT('',#8892);
#2758=VERTEX_POINT('',#8906);
#2759=VERTEX_POINT('',#8911);
#2760=VERTEX_POINT('',#8925);
#2761=VERTEX_POINT('',#8930);
#2762=VERTEX_POINT('',#8944);
#2763=VERTEX_POINT('',#8949);
#2764=VERTEX_POINT('',#8963);
#2765=VERTEX_POINT('',#8968);
#2766=VERTEX_POINT('',#8982);
#2767=VERTEX_POINT('',#8987);
#2768=VERTEX_POINT('',#9001);
#2769=VERTEX_POINT('',#9006);
#2770=VERTEX_POINT('',#9020);
#2771=VERTEX_POINT('',#9025);
#2772=VERTEX_POINT('',#9039);
#2773=VERTEX_POINT('',#9044);
#2774=VERTEX_POINT('',#9058);
#2775=VERTEX_POINT('',#9063);
#2776=VERTEX_POINT('',#9077);
#2777=VERTEX_POINT('',#9082);
#2778=VERTEX_POINT('',#9096);
#2779=VERTEX_POINT('',#9101);
#2780=VERTEX_POINT('',#9115);
#2781=VERTEX_POINT('',#9120);
#2782=VERTEX_POINT('',#9144);
#2783=VERTEX_POINT('',#9145);
#2784=VERTEX_POINT('',#9147);
#2785=VERTEX_POINT('',#9149);
#2786=VERTEX_POINT('',#9153);
#2787=VERTEX_POINT('',#9155);
#2788=VERTEX_POINT('',#9159);
#2789=VERTEX_POINT('',#9161);
#2790=VERTEX_POINT('',#9165);
#2791=VERTEX_POINT('',#9167);
#2792=VERTEX_POINT('',#9171);
#2793=VERTEX_POINT('',#9173);
#2794=VERTEX_POINT('',#9177);
#2795=VERTEX_POINT('',#9179);
#2796=VERTEX_POINT('',#9183);
#2797=VERTEX_POINT('',#9185);
#2798=VERTEX_POINT('',#9189);
#2799=VERTEX_POINT('',#9191);
#2800=VERTEX_POINT('',#9195);
#2801=VERTEX_POINT('',#9197);
#2802=VERTEX_POINT('',#9201);
#2803=VERTEX_POINT('',#9203);
#2804=VERTEX_POINT('',#9207);
#2805=VERTEX_POINT('',#9209);
#2806=VERTEX_POINT('',#9213);
#2807=VERTEX_POINT('',#9215);
#2808=VERTEX_POINT('',#9230);
#2809=VERTEX_POINT('',#9231);
#2810=VERTEX_POINT('',#9236);
#2811=VERTEX_POINT('',#9238);
#2812=VERTEX_POINT('',#9252);
#2813=VERTEX_POINT('',#9257);
#2814=VERTEX_POINT('',#9271);
#2815=VERTEX_POINT('',#9276);
#2816=VERTEX_POINT('',#9290);
#2817=VERTEX_POINT('',#9295);
#2818=VERTEX_POINT('',#9302);
#2819=VERTEX_POINT('',#9304);
#2820=VERTEX_POINT('',#9308);
#2821=VERTEX_POINT('',#9310);
#2822=VERTEX_POINT('',#9321);
#2823=VERTEX_POINT('',#9326);
#2824=VERTEX_POINT('',#9340);
#2825=VERTEX_POINT('',#9345);
#2826=VERTEX_POINT('',#9359);
#2827=VERTEX_POINT('',#9364);
#2828=VERTEX_POINT('',#9378);
#2829=VERTEX_POINT('',#9383);
#2830=VERTEX_POINT('',#9397);
#2831=VERTEX_POINT('',#9402);
#2832=VERTEX_POINT('',#9416);
#2833=VERTEX_POINT('',#9421);
#2834=VERTEX_POINT('',#9435);
#2835=VERTEX_POINT('',#9440);
#2836=VERTEX_POINT('',#9464);
#2837=VERTEX_POINT('',#9465);
#2838=VERTEX_POINT('',#9467);
#2839=VERTEX_POINT('',#9469);
#2840=VERTEX_POINT('',#9473);
#2841=VERTEX_POINT('',#9475);
#2842=VERTEX_POINT('',#9479);
#2843=VERTEX_POINT('',#9481);
#2844=VERTEX_POINT('',#9485);
#2845=VERTEX_POINT('',#9487);
#2846=VERTEX_POINT('',#9491);
#2847=VERTEX_POINT('',#9493);
#2848=VERTEX_POINT('',#9508);
#2849=VERTEX_POINT('',#9509);
#2850=VERTEX_POINT('',#9514);
#2851=VERTEX_POINT('',#9516);
#2852=VERTEX_POINT('',#9530);
#2853=VERTEX_POINT('',#9535);
#2854=VERTEX_POINT('',#9559);
#2855=VERTEX_POINT('',#9560);
#2856=VERTEX_POINT('',#9562);
#2857=VERTEX_POINT('',#9564);
#2858=VERTEX_POINT('',#9575);
#2859=VERTEX_POINT('',#9580);
#2860=VERTEX_POINT('',#9594);
#2861=VERTEX_POINT('',#9599);
#2862=VERTEX_POINT('',#9613);
#2863=VERTEX_POINT('',#9618);
#2864=VERTEX_POINT('',#9632);
#2865=VERTEX_POINT('',#9637);
#2866=VERTEX_POINT('',#9651);
#2867=VERTEX_POINT('',#9656);
#2868=VERTEX_POINT('',#9670);
#2869=VERTEX_POINT('',#9675);
#2870=VERTEX_POINT('',#9689);
#2871=VERTEX_POINT('',#9694);
#2872=VERTEX_POINT('',#9708);
#2873=VERTEX_POINT('',#9713);
#2874=VERTEX_POINT('',#9727);
#2875=VERTEX_POINT('',#9732);
#2876=VERTEX_POINT('',#9746);
#2877=VERTEX_POINT('',#9751);
#2878=VERTEX_POINT('',#9762);
#2879=VERTEX_POINT('',#9763);
#2880=VERTEX_POINT('',#9765);
#2881=VERTEX_POINT('',#9767);
#2882=VERTEX_POINT('',#9771);
#2883=VERTEX_POINT('',#9773);
#2884=VERTEX_POINT('',#9777);
#2885=VERTEX_POINT('',#9779);
#2886=VERTEX_POINT('',#9783);
#2887=VERTEX_POINT('',#9785);
#2888=VERTEX_POINT('',#9789);
#2889=VERTEX_POINT('',#9791);
#2890=VERTEX_POINT('',#9795);
#2891=VERTEX_POINT('',#9797);
#2892=VERTEX_POINT('',#9801);
#2893=VERTEX_POINT('',#9803);
#2894=VERTEX_POINT('',#9818);
#2895=VERTEX_POINT('',#9819);
#2896=VERTEX_POINT('',#9824);
#2897=VERTEX_POINT('',#9826);
#2898=VERTEX_POINT('',#9840);
#2899=VERTEX_POINT('',#9845);
#2900=VERTEX_POINT('',#9852);
#2901=VERTEX_POINT('',#9854);
#2902=VERTEX_POINT('',#9858);
#2903=VERTEX_POINT('',#9860);
#2904=VERTEX_POINT('',#9871);
#2905=VERTEX_POINT('',#9876);
#2906=VERTEX_POINT('',#9890);
#2907=VERTEX_POINT('',#9895);
#2908=VERTEX_POINT('',#9918);
#2909=VERTEX_POINT('',#9919);
#2910=VERTEX_POINT('',#9921);
#2911=VERTEX_POINT('',#9923);
#2912=VERTEX_POINT('',#9927);
#2913=VERTEX_POINT('',#9929);
#2914=VERTEX_POINT('',#9940);
#2915=VERTEX_POINT('',#9945);
#2916=VERTEX_POINT('',#9952);
#2917=VERTEX_POINT('',#9954);
#2918=VERTEX_POINT('',#9958);
#2919=VERTEX_POINT('',#9960);
#2920=VERTEX_POINT('',#9964);
#2921=VERTEX_POINT('',#9966);
#2922=VERTEX_POINT('',#9977);
#2923=VERTEX_POINT('',#9982);
#2924=VERTEX_POINT('',#9996);
#2925=VERTEX_POINT('',#10001);
#2926=VERTEX_POINT('',#10008);
#2927=VERTEX_POINT('',#10010);
#2928=VERTEX_POINT('',#10014);
#2929=VERTEX_POINT('',#10016);
#2930=VERTEX_POINT('',#10027);
#2931=VERTEX_POINT('',#10032);
#2932=VERTEX_POINT('',#10046);
#2933=VERTEX_POINT('',#10051);
#2934=VERTEX_POINT('',#10065);
#2935=VERTEX_POINT('',#10070);
#2936=VERTEX_POINT('',#10084);
#2937=VERTEX_POINT('',#10089);
#2938=VERTEX_POINT('',#10103);
#2939=VERTEX_POINT('',#10108);
#2940=VERTEX_POINT('',#10115);
#2941=VERTEX_POINT('',#10117);
#2942=VERTEX_POINT('',#10121);
#2943=VERTEX_POINT('',#10123);
#2944=VERTEX_POINT('',#10127);
#2945=VERTEX_POINT('',#10129);
#2946=VERTEX_POINT('',#10137);
#2947=VERTEX_POINT('',#10138);
#2948=VERTEX_POINT('',#10140);
#2949=VERTEX_POINT('',#10142);
#2950=VERTEX_POINT('',#10146);
#2951=VERTEX_POINT('',#10148);
#2952=VERTEX_POINT('',#10152);
#2953=VERTEX_POINT('',#10154);
#2954=VERTEX_POINT('',#10165);
#2955=VERTEX_POINT('',#10170);
#2956=VERTEX_POINT('',#10184);
#2957=VERTEX_POINT('',#10189);
#2958=VERTEX_POINT('',#10203);
#2959=VERTEX_POINT('',#10208);
#2960=VERTEX_POINT('',#10231);
#2961=VERTEX_POINT('',#10232);
#2962=VERTEX_POINT('',#10234);
#2963=VERTEX_POINT('',#10236);
#2964=VERTEX_POINT('',#10240);
#2965=VERTEX_POINT('',#10242);
#2966=VERTEX_POINT('',#10246);
#2967=VERTEX_POINT('',#10248);
#2968=VERTEX_POINT('',#10259);
#2969=VERTEX_POINT('',#10264);
#2970=VERTEX_POINT('',#10278);
#2971=VERTEX_POINT('',#10283);
#2972=VERTEX_POINT('',#10313);
#2973=VERTEX_POINT('',#10314);
#2974=VERTEX_POINT('',#10319);
#2975=VERTEX_POINT('',#10321);
#2976=VERTEX_POINT('',#10335);
#2977=VERTEX_POINT('',#10340);
#2978=VERTEX_POINT('',#10354);
#2979=VERTEX_POINT('',#10359);
#2980=VERTEX_POINT('',#10373);
#2981=VERTEX_POINT('',#10378);
#2982=VERTEX_POINT('',#10385);
#2983=VERTEX_POINT('',#10387);
#2984=VERTEX_POINT('',#10391);
#2985=VERTEX_POINT('',#10393);
#2986=VERTEX_POINT('',#10404);
#2987=VERTEX_POINT('',#10409);
#2988=VERTEX_POINT('',#10423);
#2989=VERTEX_POINT('',#10428);
#2990=VERTEX_POINT('',#10435);
#2991=VERTEX_POINT('',#10437);
#2992=VERTEX_POINT('',#10441);
#2993=VERTEX_POINT('',#10443);
#2994=VERTEX_POINT('',#10447);
#2995=VERTEX_POINT('',#10449);
#2996=VERTEX_POINT('',#10464);
#2997=VERTEX_POINT('',#10465);
#2998=VERTEX_POINT('',#10470);
#2999=VERTEX_POINT('',#10472);
#3000=VERTEX_POINT('',#10486);
#3001=VERTEX_POINT('',#10491);
#3002=VERTEX_POINT('',#10505);
#3003=VERTEX_POINT('',#10510);
#3004=VERTEX_POINT('',#10524);
#3005=VERTEX_POINT('',#10529);
#3006=VERTEX_POINT('',#10543);
#3007=VERTEX_POINT('',#10548);
#3008=VERTEX_POINT('',#10562);
#3009=VERTEX_POINT('',#10567);
#3010=VERTEX_POINT('',#10581);
#3011=VERTEX_POINT('',#10586);
#3012=VERTEX_POINT('',#10609);
#3013=VERTEX_POINT('',#10610);
#3014=VERTEX_POINT('',#10612);
#3015=VERTEX_POINT('',#10614);
#3016=VERTEX_POINT('',#10618);
#3017=VERTEX_POINT('',#10620);
#3018=VERTEX_POINT('',#10624);
#3019=VERTEX_POINT('',#10626);
#3020=VERTEX_POINT('',#10630);
#3021=VERTEX_POINT('',#10632);
#3022=VERTEX_POINT('',#10636);
#3023=VERTEX_POINT('',#10638);
#3024=VERTEX_POINT('',#10642);
#3025=VERTEX_POINT('',#10644);
#3026=VERTEX_POINT('',#10655);
#3027=VERTEX_POINT('',#10660);
#3028=VERTEX_POINT('',#10674);
#3029=VERTEX_POINT('',#10679);
#3030=VERTEX_POINT('',#10686);
#3031=VERTEX_POINT('',#10688);
#3032=VERTEX_POINT('',#10692);
#3033=VERTEX_POINT('',#10694);
#3034=VERTEX_POINT('',#10698);
#3035=VERTEX_POINT('',#10700);
#3036=VERTEX_POINT('',#10711);
#3037=VERTEX_POINT('',#10716);
#3038=VERTEX_POINT('',#10730);
#3039=VERTEX_POINT('',#10735);
#3040=VERTEX_POINT('',#10753);
#3041=VERTEX_POINT('',#10754);
#3042=VERTEX_POINT('',#10759);
#3043=VERTEX_POINT('',#10761);
#3044=VERTEX_POINT('',#10775);
#3045=VERTEX_POINT('',#10780);
#3046=VERTEX_POINT('',#10794);
#3047=VERTEX_POINT('',#10799);
#3048=VERTEX_POINT('',#10823);
#3049=VERTEX_POINT('',#10824);
#3050=VERTEX_POINT('',#10826);
#3051=VERTEX_POINT('',#10828);
#3052=VERTEX_POINT('',#10839);
#3053=VERTEX_POINT('',#10844);
#3054=VERTEX_POINT('',#10858);
#3055=VERTEX_POINT('',#10863);
#3056=VERTEX_POINT('',#10877);
#3057=VERTEX_POINT('',#10882);
#3058=VERTEX_POINT('',#10896);
#3059=VERTEX_POINT('',#10901);
#3060=VERTEX_POINT('',#10911);
#3061=VERTEX_POINT('',#10912);
#3062=VERTEX_POINT('',#10914);
#3063=VERTEX_POINT('',#10916);
#3064=VERTEX_POINT('',#10920);
#3065=VERTEX_POINT('',#10922);
#3066=VERTEX_POINT('',#10926);
#3067=VERTEX_POINT('',#10928);
#3068=VERTEX_POINT('',#10932);
#3069=VERTEX_POINT('',#10934);
#3070=VERTEX_POINT('',#10938);
#3071=VERTEX_POINT('',#10940);
#3072=VERTEX_POINT('',#10944);
#3073=VERTEX_POINT('',#10946);
#3074=VERTEX_POINT('',#10957);
#3075=VERTEX_POINT('',#10962);
#3076=VERTEX_POINT('',#10969);
#3077=VERTEX_POINT('',#10971);
#3078=VERTEX_POINT('',#10975);
#3079=VERTEX_POINT('',#10977);
#3080=VERTEX_POINT('',#10988);
#3081=VERTEX_POINT('',#10993);
#3082=VERTEX_POINT('',#11007);
#3083=VERTEX_POINT('',#11012);
#3084=VERTEX_POINT('',#11026);
#3085=VERTEX_POINT('',#11031);
#3086=VERTEX_POINT('',#11045);
#3087=VERTEX_POINT('',#11050);
#3088=VERTEX_POINT('',#11076);
#3089=VERTEX_POINT('',#11077);
#3090=VERTEX_POINT('',#11083);
#3091=VERTEX_POINT('',#11085);
#3092=VERTEX_POINT('',#11102);
#3093=VERTEX_POINT('',#11108);
#3094=VERTEX_POINT('',#11125);
#3095=VERTEX_POINT('',#11131);
#3096=VERTEX_POINT('',#11148);
#3097=VERTEX_POINT('',#11154);
#3098=VERTEX_POINT('',#11171);
#3099=VERTEX_POINT('',#11177);
#3100=VERTEX_POINT('',#11194);
#3101=VERTEX_POINT('',#11200);
#3102=VERTEX_POINT('',#11217);
#3103=VERTEX_POINT('',#11218);
#3104=VERTEX_POINT('',#11245);
#3105=VERTEX_POINT('',#11246);
#3106=VERTEX_POINT('',#11253);
#3107=VERTEX_POINT('',#11259);
#3108=VERTEX_POINT('',#11276);
#3109=VERTEX_POINT('',#11282);
#3110=VERTEX_POINT('',#11290);
#3111=VERTEX_POINT('',#11292);
#3112=VERTEX_POINT('',#11305);
#3113=VERTEX_POINT('',#11311);
#3114=VERTEX_POINT('',#11328);
#3115=VERTEX_POINT('',#11334);
#3116=VERTEX_POINT('',#11351);
#3117=VERTEX_POINT('',#11357);
#3118=VERTEX_POINT('',#11374);
#3119=VERTEX_POINT('',#11380);
#3120=VERTEX_POINT('',#11397);
#3121=VERTEX_POINT('',#11403);
#3122=VERTEX_POINT('',#11420);
#3123=VERTEX_POINT('',#11426);
#3124=VERTEX_POINT('',#11443);
#3125=VERTEX_POINT('',#11449);
#3126=VERTEX_POINT('',#11466);
#3127=VERTEX_POINT('',#11472);
#3128=VERTEX_POINT('',#11480);
#3129=VERTEX_POINT('',#11482);
#3130=VERTEX_POINT('',#11486);
#3131=VERTEX_POINT('',#11488);
#3132=VERTEX_POINT('',#11506);
#3133=VERTEX_POINT('',#11507);
#3134=VERTEX_POINT('',#11513);
#3135=VERTEX_POINT('',#11515);
#3136=VERTEX_POINT('',#11532);
#3137=VERTEX_POINT('',#11538);
#3138=VERTEX_POINT('',#11555);
#3139=VERTEX_POINT('',#11561);
#3140=VERTEX_POINT('',#11578);
#3141=VERTEX_POINT('',#11584);
#3142=VERTEX_POINT('',#11601);
#3143=VERTEX_POINT('',#11607);
#3144=VERTEX_POINT('',#11624);
#3145=VERTEX_POINT('',#11630);
#3146=VERTEX_POINT('',#11647);
#3147=VERTEX_POINT('',#11653);
#3148=VERTEX_POINT('',#11670);
#3149=VERTEX_POINT('',#11671);
#3150=VERTEX_POINT('',#11698);
#3151=VERTEX_POINT('',#11699);
#3152=VERTEX_POINT('',#11706);
#3153=VERTEX_POINT('',#11712);
#3154=VERTEX_POINT('',#11729);
#3155=VERTEX_POINT('',#11735);
#3156=VERTEX_POINT('',#11752);
#3157=VERTEX_POINT('',#11758);
#3158=VERTEX_POINT('',#11766);
#3159=VERTEX_POINT('',#11768);
#3160=VERTEX_POINT('',#11781);
#3161=VERTEX_POINT('',#11787);
#3162=VERTEX_POINT('',#11804);
#3163=VERTEX_POINT('',#11810);
#3164=VERTEX_POINT('',#11827);
#3165=VERTEX_POINT('',#11833);
#3166=VERTEX_POINT('',#11850);
#3167=VERTEX_POINT('',#11856);
#3168=VERTEX_POINT('',#11873);
#3169=VERTEX_POINT('',#11879);
#3170=VERTEX_POINT('',#11896);
#3171=VERTEX_POINT('',#11902);
#3172=VERTEX_POINT('',#11910);
#3173=VERTEX_POINT('',#11912);
#3174=VERTEX_POINT('',#11925);
#3175=VERTEX_POINT('',#11931);
#3176=VERTEX_POINT('',#11948);
#3177=VERTEX_POINT('',#11954);
#3178=VERTEX_POINT('',#11971);
#3179=VERTEX_POINT('',#11977);
#3180=VERTEX_POINT('',#11994);
#3181=VERTEX_POINT('',#12000);
#3182=VERTEX_POINT('',#12017);
#3183=VERTEX_POINT('',#12023);
#3184=VERTEX_POINT('',#12040);
#3185=VERTEX_POINT('',#12046);
#3186=VERTEX_POINT('',#12063);
#3187=VERTEX_POINT('',#12069);
#3188=VERTEX_POINT('',#12077);
#3189=VERTEX_POINT('',#12079);
#3190=VERTEX_POINT('',#12105);
#3191=VERTEX_POINT('',#12106);
#3192=VERTEX_POINT('',#12108);
#3193=VERTEX_POINT('',#12110);
#3194=VERTEX_POINT('',#12114);
#3195=VERTEX_POINT('',#12116);
#3196=VERTEX_POINT('',#12123);
#3197=VERTEX_POINT('',#12125);
#3198=VERTEX_POINT('',#12129);
#3199=VERTEX_POINT('',#12131);
#3200=VERTEX_POINT('',#12135);
#3201=VERTEX_POINT('',#12136);
#3202=VERTEX_POINT('',#12141);
#3203=VERTEX_POINT('',#12142);
#3204=VERTEX_POINT('',#12144);
#3205=VERTEX_POINT('',#12146);
#3206=VERTEX_POINT('',#12150);
#3207=VERTEX_POINT('',#12152);
#3208=VERTEX_POINT('',#12156);
#3209=VERTEX_POINT('',#12158);
#3210=VERTEX_POINT('',#12162);
#3211=VERTEX_POINT('',#12164);
#3212=VERTEX_POINT('',#12182);
#3213=VERTEX_POINT('',#12183);
#3214=VERTEX_POINT('',#12190);
#3215=VERTEX_POINT('',#12196);
#3216=VERTEX_POINT('',#12204);
#3217=VERTEX_POINT('',#12206);
#3218=VERTEX_POINT('',#12212);
#3219=VERTEX_POINT('',#12214);
#3220=VERTEX_POINT('',#12220);
#3221=VERTEX_POINT('',#12222);
#3222=VERTEX_POINT('',#12235);
#3223=VERTEX_POINT('',#12243);
#3224=VERTEX_POINT('',#12256);
#3225=VERTEX_POINT('',#12264);
#3226=VERTEX_POINT('',#12268);
#3227=VERTEX_POINT('',#12272);
#3228=VERTEX_POINT('',#12277);
#3229=VERTEX_POINT('',#12278);
#3230=VERTEX_POINT('',#12280);
#3231=VERTEX_POINT('',#12282);
#3232=VERTEX_POINT('',#12286);
#3233=VERTEX_POINT('',#12288);
#3234=VERTEX_POINT('',#12292);
#3235=VERTEX_POINT('',#12294);
#3236=VERTEX_POINT('',#12298);
#3237=VERTEX_POINT('',#12299);
#3238=VERTEX_POINT('',#12301);
#3239=VERTEX_POINT('',#12303);
#3240=VERTEX_POINT('',#12307);
#3241=VERTEX_POINT('',#12309);
#3242=VERTEX_POINT('',#12313);
#3243=VERTEX_POINT('',#12315);
#3244=VERTEX_POINT('',#12319);
#3245=VERTEX_POINT('',#12321);
#3246=VERTEX_POINT('',#12325);
#3247=VERTEX_POINT('',#12327);
#3248=VERTEX_POINT('',#12331);
#3249=VERTEX_POINT('',#12333);
#3250=VERTEX_POINT('',#12347);
#3251=VERTEX_POINT('',#12349);
#3252=VERTEX_POINT('',#12356);
#3253=VERTEX_POINT('',#12357);
#3254=VERTEX_POINT('',#12359);
#3255=VERTEX_POINT('',#12361);
#3256=VERTEX_POINT('',#12365);
#3257=VERTEX_POINT('',#12366);
#3258=VERTEX_POINT('',#12368);
#3259=VERTEX_POINT('',#12370);
#3260=VERTEX_POINT('',#12374);
#3261=VERTEX_POINT('',#12375);
#3262=VERTEX_POINT('',#12377);
#3263=VERTEX_POINT('',#12379);
#3264=VERTEX_POINT('',#12382);
#3265=VERTEX_POINT('',#12383);
#3266=VERTEX_POINT('',#12385);
#3267=VERTEX_POINT('',#12387);
#3268=VERTEX_POINT('',#12391);
#3269=VERTEX_POINT('',#12392);
#3270=VERTEX_POINT('',#12394);
#3271=VERTEX_POINT('',#12396);
#3272=VERTEX_POINT('',#12398);
#3273=VERTEX_POINT('',#12400);
#3274=VERTEX_POINT('',#12402);
#3275=VERTEX_POINT('',#12404);
#3276=VERTEX_POINT('',#12407);
#3277=VERTEX_POINT('',#12408);
#3278=VERTEX_POINT('',#12410);
#3279=VERTEX_POINT('',#12412);
#3280=VERTEX_POINT('',#12416);
#3281=VERTEX_POINT('',#12417);
#3282=VERTEX_POINT('',#12419);
#3283=VERTEX_POINT('',#12421);
#3284=VERTEX_POINT('',#12424);
#3285=VERTEX_POINT('',#12425);
#3286=VERTEX_POINT('',#12427);
#3287=VERTEX_POINT('',#12429);
#3288=VERTEX_POINT('',#12433);
#3289=VERTEX_POINT('',#12434);
#3290=VERTEX_POINT('',#12436);
#3291=VERTEX_POINT('',#12438);
#3292=VERTEX_POINT('',#12441);
#3293=VERTEX_POINT('',#12442);
#3294=VERTEX_POINT('',#12444);
#3295=VERTEX_POINT('',#12446);
#3296=VERTEX_POINT('',#12450);
#3297=VERTEX_POINT('',#12451);
#3298=VERTEX_POINT('',#12453);
#3299=VERTEX_POINT('',#12455);
#3300=VERTEX_POINT('',#12458);
#3301=VERTEX_POINT('',#12461);
#3302=VERTEX_POINT('',#12463);
#3303=VERTEX_POINT('',#12465);
#3304=VERTEX_POINT('',#12467);
#3305=VERTEX_POINT('',#12470);
#3306=VERTEX_POINT('',#12472);
#3307=VERTEX_POINT('',#12475);
#3308=VERTEX_POINT('',#12477);
#3309=VERTEX_POINT('',#12479);
#3310=VERTEX_POINT('',#12481);
#3311=VERTEX_POINT('',#12484);
#3312=VERTEX_POINT('',#12485);
#3313=VERTEX_POINT('',#12487);
#3314=VERTEX_POINT('',#12489);
#3315=VERTEX_POINT('',#12491);
#3316=VERTEX_POINT('',#12494);
#3317=VERTEX_POINT('',#12496);
#3318=VERTEX_POINT('',#12499);
#3319=VERTEX_POINT('',#12501);
#3320=VERTEX_POINT('',#12504);
#3321=VERTEX_POINT('',#12511);
#3322=VERTEX_POINT('',#12513);
#3323=VERTEX_POINT('',#12515);
#3324=VERTEX_POINT('',#12517);
#3325=VERTEX_POINT('',#12519);
#3326=VERTEX_POINT('',#12524);
#3327=VERTEX_POINT('',#12526);
#3328=VERTEX_POINT('',#12528);
#3329=VERTEX_POINT('',#12530);
#3330=VERTEX_POINT('',#12532);
#3331=VERTEX_POINT('',#12536);
#3332=VERTEX_POINT('',#12539);
#3333=VERTEX_POINT('',#12542);
#3334=VERTEX_POINT('',#12545);
#3335=VERTEX_POINT('',#12547);
#3336=VERTEX_POINT('',#12549);
#3337=VERTEX_POINT('',#12551);
#3338=VERTEX_POINT('',#12554);
#3339=VERTEX_POINT('',#12556);
#3340=VERTEX_POINT('',#12558);
#3341=VERTEX_POINT('',#12560);
#3342=VERTEX_POINT('',#12562);
#3343=VERTEX_POINT('',#12564);
#3344=VERTEX_POINT('',#12566);
#3345=VERTEX_POINT('',#12569);
#3346=VERTEX_POINT('',#12573);
#3347=VERTEX_POINT('',#12575);
#3348=VERTEX_POINT('',#12578);
#3349=VERTEX_POINT('',#12584);
#3350=VERTEX_POINT('',#12586);
#3351=VERTEX_POINT('',#12593);
#3352=VERTEX_POINT('',#12599);
#3353=VERTEX_POINT('',#12601);
#3354=VERTEX_POINT('',#12607);
#3355=VERTEX_POINT('',#12613);
#3356=VERTEX_POINT('',#12615);
#3357=VERTEX_POINT('',#12621);
#3358=VERTEX_POINT('',#12624);
#3359=VERTEX_POINT('',#12633);
#3360=VERTEX_POINT('',#12645);
#3361=VERTEX_POINT('',#12650);
#3362=VERTEX_POINT('',#12655);
#3363=VERTEX_POINT('',#12660);
#3364=EDGE_CURVE('',#2694,#2695,#1438,.T.);
#3365=EDGE_CURVE('',#2695,#2696,#1439,.T.);
#3366=EDGE_CURVE('',#2696,#2697,#1440,.T.);
#3367=EDGE_CURVE('',#2694,#2697,#1441,.T.);
#3368=EDGE_CURVE('',#2695,#2698,#1442,.T.);
#3369=EDGE_CURVE('',#2698,#2699,#1443,.T.);
#3370=EDGE_CURVE('',#2699,#2696,#1444,.T.);
#3371=EDGE_CURVE('',#2700,#2701,#297,.T.);
#3372=EDGE_CURVE('',#2700,#2702,#1445,.T.);
#3373=EDGE_CURVE('',#2702,#2703,#298,.T.);
#3374=EDGE_CURVE('',#2701,#2703,#1446,.T.);
#3375=EDGE_CURVE('',#2704,#2700,#299,.T.);
#3376=EDGE_CURVE('',#2704,#2705,#1447,.T.);
#3377=EDGE_CURVE('',#2705,#2702,#300,.T.);
#3378=EDGE_CURVE('',#2701,#2704,#301,.T.);
#3379=EDGE_CURVE('',#2703,#2705,#302,.T.);
#3380=EDGE_CURVE('',#2706,#2707,#303,.T.);
#3381=EDGE_CURVE('',#2706,#2708,#1448,.T.);
#3382=EDGE_CURVE('',#2708,#2709,#304,.T.);
#3383=EDGE_CURVE('',#2707,#2709,#1449,.T.);
#3384=EDGE_CURVE('',#2710,#2706,#305,.T.);
#3385=EDGE_CURVE('',#2710,#2711,#1450,.T.);
#3386=EDGE_CURVE('',#2711,#2708,#306,.T.);
#3387=EDGE_CURVE('',#2712,#2710,#307,.T.);
#3388=EDGE_CURVE('',#2712,#2713,#1451,.T.);
#3389=EDGE_CURVE('',#2713,#2711,#308,.T.);
#3390=EDGE_CURVE('',#2714,#2712,#309,.T.);
#3391=EDGE_CURVE('',#2714,#2715,#1452,.T.);
#3392=EDGE_CURVE('',#2715,#2713,#310,.T.);
#3393=EDGE_CURVE('',#2716,#2714,#311,.T.);
#3394=EDGE_CURVE('',#2716,#2717,#1453,.T.);
#3395=EDGE_CURVE('',#2717,#2715,#312,.T.);
#3396=EDGE_CURVE('',#2718,#2716,#313,.T.);
#3397=EDGE_CURVE('',#2718,#2719,#1454,.T.);
#3398=EDGE_CURVE('',#2719,#2717,#314,.T.);
#3399=EDGE_CURVE('',#2720,#2718,#315,.T.);
#3400=EDGE_CURVE('',#2720,#2721,#1455,.T.);
#3401=EDGE_CURVE('',#2721,#2719,#316,.T.);
#3402=EDGE_CURVE('',#2722,#2720,#317,.T.);
#3403=EDGE_CURVE('',#2722,#2723,#1456,.T.);
#3404=EDGE_CURVE('',#2723,#2721,#318,.T.);
#3405=EDGE_CURVE('',#2724,#2722,#319,.T.);
#3406=EDGE_CURVE('',#2724,#2725,#1457,.T.);
#3407=EDGE_CURVE('',#2725,#2723,#320,.T.);
#3408=EDGE_CURVE('',#2726,#2724,#321,.T.);
#3409=EDGE_CURVE('',#2726,#2727,#1458,.T.);
#3410=EDGE_CURVE('',#2727,#2725,#322,.T.);
#3411=EDGE_CURVE('',#2728,#2726,#323,.T.);
#3412=EDGE_CURVE('',#2728,#2729,#1459,.T.);
#3413=EDGE_CURVE('',#2729,#2727,#324,.T.);
#3414=EDGE_CURVE('',#2730,#2728,#325,.T.);
#3415=EDGE_CURVE('',#2730,#2731,#1460,.T.);
#3416=EDGE_CURVE('',#2731,#2729,#326,.T.);
#3417=EDGE_CURVE('',#2732,#2730,#327,.T.);
#3418=EDGE_CURVE('',#2732,#2733,#1461,.T.);
#3419=EDGE_CURVE('',#2733,#2731,#328,.T.);
#3420=EDGE_CURVE('',#2734,#2732,#329,.T.);
#3421=EDGE_CURVE('',#2734,#2735,#1462,.T.);
#3422=EDGE_CURVE('',#2735,#2733,#330,.T.);
#3423=EDGE_CURVE('',#2736,#2734,#331,.T.);
#3424=EDGE_CURVE('',#2736,#2737,#1463,.T.);
#3425=EDGE_CURVE('',#2737,#2735,#332,.T.);
#3426=EDGE_CURVE('',#2738,#2736,#333,.T.);
#3427=EDGE_CURVE('',#2738,#2739,#1464,.T.);
#3428=EDGE_CURVE('',#2739,#2737,#334,.T.);
#3429=EDGE_CURVE('',#2740,#2738,#335,.T.);
#3430=EDGE_CURVE('',#2740,#2741,#1465,.T.);
#3431=EDGE_CURVE('',#2741,#2739,#336,.T.);
#3432=EDGE_CURVE('',#2742,#2740,#337,.T.);
#3433=EDGE_CURVE('',#2742,#2743,#1466,.T.);
#3434=EDGE_CURVE('',#2743,#2741,#338,.T.);
#3435=EDGE_CURVE('',#2744,#2742,#339,.T.);
#3436=EDGE_CURVE('',#2744,#2745,#1467,.T.);
#3437=EDGE_CURVE('',#2745,#2743,#340,.T.);
#3438=EDGE_CURVE('',#2746,#2744,#341,.T.);
#3439=EDGE_CURVE('',#2746,#2747,#1468,.T.);
#3440=EDGE_CURVE('',#2747,#2745,#342,.T.);
#3441=EDGE_CURVE('',#2748,#2746,#343,.T.);
#3442=EDGE_CURVE('',#2748,#2749,#1469,.T.);
#3443=EDGE_CURVE('',#2749,#2747,#344,.T.);
#3444=EDGE_CURVE('',#2750,#2748,#345,.T.);
#3445=EDGE_CURVE('',#2750,#2751,#1470,.T.);
#3446=EDGE_CURVE('',#2751,#2749,#346,.T.);
#3447=EDGE_CURVE('',#2752,#2750,#347,.T.);
#3448=EDGE_CURVE('',#2752,#2753,#1471,.T.);
#3449=EDGE_CURVE('',#2753,#2751,#348,.T.);
#3450=EDGE_CURVE('',#2754,#2752,#349,.T.);
#3451=EDGE_CURVE('',#2754,#2755,#1472,.T.);
#3452=EDGE_CURVE('',#2755,#2753,#350,.T.);
#3453=EDGE_CURVE('',#2756,#2754,#351,.T.);
#3454=EDGE_CURVE('',#2756,#2757,#1473,.T.);
#3455=EDGE_CURVE('',#2757,#2755,#352,.T.);
#3456=EDGE_CURVE('',#2758,#2756,#353,.T.);
#3457=EDGE_CURVE('',#2758,#2759,#1474,.T.);
#3458=EDGE_CURVE('',#2759,#2757,#354,.T.);
#3459=EDGE_CURVE('',#2760,#2758,#355,.T.);
#3460=EDGE_CURVE('',#2760,#2761,#1475,.T.);
#3461=EDGE_CURVE('',#2761,#2759,#356,.T.);
#3462=EDGE_CURVE('',#2762,#2760,#357,.T.);
#3463=EDGE_CURVE('',#2762,#2763,#1476,.T.);
#3464=EDGE_CURVE('',#2763,#2761,#358,.T.);
#3465=EDGE_CURVE('',#2764,#2762,#359,.T.);
#3466=EDGE_CURVE('',#2764,#2765,#1477,.T.);
#3467=EDGE_CURVE('',#2765,#2763,#360,.T.);
#3468=EDGE_CURVE('',#2766,#2764,#361,.T.);
#3469=EDGE_CURVE('',#2766,#2767,#1478,.T.);
#3470=EDGE_CURVE('',#2767,#2765,#362,.T.);
#3471=EDGE_CURVE('',#2768,#2766,#363,.T.);
#3472=EDGE_CURVE('',#2768,#2769,#1479,.T.);
#3473=EDGE_CURVE('',#2769,#2767,#364,.T.);
#3474=EDGE_CURVE('',#2770,#2768,#365,.T.);
#3475=EDGE_CURVE('',#2770,#2771,#1480,.T.);
#3476=EDGE_CURVE('',#2771,#2769,#366,.T.);
#3477=EDGE_CURVE('',#2772,#2770,#367,.T.);
#3478=EDGE_CURVE('',#2772,#2773,#1481,.T.);
#3479=EDGE_CURVE('',#2773,#2771,#368,.T.);
#3480=EDGE_CURVE('',#2774,#2772,#369,.T.);
#3481=EDGE_CURVE('',#2774,#2775,#1482,.T.);
#3482=EDGE_CURVE('',#2775,#2773,#370,.T.);
#3483=EDGE_CURVE('',#2776,#2774,#371,.T.);
#3484=EDGE_CURVE('',#2776,#2777,#1483,.T.);
#3485=EDGE_CURVE('',#2777,#2775,#372,.T.);
#3486=EDGE_CURVE('',#2778,#2776,#373,.T.);
#3487=EDGE_CURVE('',#2778,#2779,#1484,.T.);
#3488=EDGE_CURVE('',#2779,#2777,#374,.T.);
#3489=EDGE_CURVE('',#2780,#2778,#375,.T.);
#3490=EDGE_CURVE('',#2780,#2781,#1485,.T.);
#3491=EDGE_CURVE('',#2781,#2779,#376,.T.);
#3492=EDGE_CURVE('',#2707,#2780,#377,.T.);
#3493=EDGE_CURVE('',#2709,#2781,#378,.T.);
#3494=EDGE_CURVE('',#2782,#2783,#1486,.T.);
#3495=EDGE_CURVE('',#2782,#2784,#1487,.T.);
#3496=EDGE_CURVE('',#2784,#2785,#1488,.T.);
#3497=EDGE_CURVE('',#2783,#2785,#1489,.T.);
#3498=EDGE_CURVE('',#2786,#2782,#1490,.T.);
#3499=EDGE_CURVE('',#2786,#2787,#1491,.T.);
#3500=EDGE_CURVE('',#2787,#2784,#1492,.T.);
#3501=EDGE_CURVE('',#2788,#2786,#1493,.T.);
#3502=EDGE_CURVE('',#2788,#2789,#1494,.T.);
#3503=EDGE_CURVE('',#2789,#2787,#1495,.T.);
#3504=EDGE_CURVE('',#2790,#2788,#1496,.T.);
#3505=EDGE_CURVE('',#2790,#2791,#1497,.T.);
#3506=EDGE_CURVE('',#2791,#2789,#1498,.T.);
#3507=EDGE_CURVE('',#2792,#2790,#1499,.T.);
#3508=EDGE_CURVE('',#2792,#2793,#1500,.T.);
#3509=EDGE_CURVE('',#2793,#2791,#1501,.T.);
#3510=EDGE_CURVE('',#2794,#2792,#1502,.T.);
#3511=EDGE_CURVE('',#2794,#2795,#1503,.T.);
#3512=EDGE_CURVE('',#2795,#2793,#1504,.T.);
#3513=EDGE_CURVE('',#2796,#2794,#1505,.T.);
#3514=EDGE_CURVE('',#2796,#2797,#1506,.T.);
#3515=EDGE_CURVE('',#2797,#2795,#1507,.T.);
#3516=EDGE_CURVE('',#2798,#2796,#1508,.T.);
#3517=EDGE_CURVE('',#2798,#2799,#1509,.T.);
#3518=EDGE_CURVE('',#2799,#2797,#1510,.T.);
#3519=EDGE_CURVE('',#2800,#2798,#1511,.T.);
#3520=EDGE_CURVE('',#2800,#2801,#1512,.T.);
#3521=EDGE_CURVE('',#2801,#2799,#1513,.T.);
#3522=EDGE_CURVE('',#2802,#2800,#1514,.T.);
#3523=EDGE_CURVE('',#2802,#2803,#1515,.T.);
#3524=EDGE_CURVE('',#2803,#2801,#1516,.T.);
#3525=EDGE_CURVE('',#2804,#2802,#1517,.T.);
#3526=EDGE_CURVE('',#2804,#2805,#1518,.T.);
#3527=EDGE_CURVE('',#2805,#2803,#1519,.T.);
#3528=EDGE_CURVE('',#2806,#2804,#1520,.T.);
#3529=EDGE_CURVE('',#2806,#2807,#1521,.T.);
#3530=EDGE_CURVE('',#2807,#2805,#1522,.T.);
#3531=EDGE_CURVE('',#2783,#2806,#1523,.T.);
#3532=EDGE_CURVE('',#2785,#2807,#1524,.T.);
#3533=EDGE_CURVE('',#2808,#2809,#379,.T.);
#3534=EDGE_CURVE('',#2808,#2810,#1525,.T.);
#3535=EDGE_CURVE('',#2810,#2811,#380,.T.);
#3536=EDGE_CURVE('',#2809,#2811,#1526,.T.);
#3537=EDGE_CURVE('',#2812,#2808,#381,.T.);
#3538=EDGE_CURVE('',#2812,#2813,#1527,.T.);
#3539=EDGE_CURVE('',#2813,#2810,#382,.T.);
#3540=EDGE_CURVE('',#2814,#2812,#383,.T.);
#3541=EDGE_CURVE('',#2814,#2815,#1528,.T.);
#3542=EDGE_CURVE('',#2815,#2813,#384,.T.);
#3543=EDGE_CURVE('',#2816,#2814,#385,.T.);
#3544=EDGE_CURVE('',#2816,#2817,#1529,.T.);
#3545=EDGE_CURVE('',#2817,#2815,#386,.T.);
#3546=EDGE_CURVE('',#2818,#2816,#1530,.T.);
#3547=EDGE_CURVE('',#2818,#2819,#1531,.T.);
#3548=EDGE_CURVE('',#2819,#2817,#1532,.T.);
#3549=EDGE_CURVE('',#2820,#2818,#1533,.T.);
#3550=EDGE_CURVE('',#2820,#2821,#1534,.T.);
#3551=EDGE_CURVE('',#2821,#2819,#1535,.T.);
#3552=EDGE_CURVE('',#2822,#2820,#387,.T.);
#3553=EDGE_CURVE('',#2822,#2823,#1536,.T.);
#3554=EDGE_CURVE('',#2823,#2821,#388,.T.);
#3555=EDGE_CURVE('',#2824,#2822,#389,.T.);
#3556=EDGE_CURVE('',#2824,#2825,#1537,.T.);
#3557=EDGE_CURVE('',#2825,#2823,#390,.T.);
#3558=EDGE_CURVE('',#2826,#2824,#391,.T.);
#3559=EDGE_CURVE('',#2826,#2827,#1538,.T.);
#3560=EDGE_CURVE('',#2827,#2825,#392,.T.);
#3561=EDGE_CURVE('',#2828,#2826,#393,.T.);
#3562=EDGE_CURVE('',#2828,#2829,#1539,.T.);
#3563=EDGE_CURVE('',#2829,#2827,#394,.T.);
#3564=EDGE_CURVE('',#2830,#2828,#395,.T.);
#3565=EDGE_CURVE('',#2830,#2831,#1540,.T.);
#3566=EDGE_CURVE('',#2831,#2829,#396,.T.);
#3567=EDGE_CURVE('',#2832,#2830,#397,.T.);
#3568=EDGE_CURVE('',#2832,#2833,#1541,.T.);
#3569=EDGE_CURVE('',#2833,#2831,#398,.T.);
#3570=EDGE_CURVE('',#2834,#2832,#399,.T.);
#3571=EDGE_CURVE('',#2834,#2835,#1542,.T.);
#3572=EDGE_CURVE('',#2835,#2833,#400,.T.);
#3573=EDGE_CURVE('',#2809,#2834,#401,.T.);
#3574=EDGE_CURVE('',#2811,#2835,#402,.T.);
#3575=EDGE_CURVE('',#2836,#2837,#1543,.T.);
#3576=EDGE_CURVE('',#2836,#2838,#1544,.T.);
#3577=EDGE_CURVE('',#2838,#2839,#1545,.T.);
#3578=EDGE_CURVE('',#2837,#2839,#1546,.T.);
#3579=EDGE_CURVE('',#2840,#2836,#1547,.T.);
#3580=EDGE_CURVE('',#2840,#2841,#1548,.T.);
#3581=EDGE_CURVE('',#2841,#2838,#1549,.T.);
#3582=EDGE_CURVE('',#2842,#2840,#1550,.T.);
#3583=EDGE_CURVE('',#2842,#2843,#1551,.T.);
#3584=EDGE_CURVE('',#2843,#2841,#1552,.T.);
#3585=EDGE_CURVE('',#2844,#2842,#1553,.T.);
#3586=EDGE_CURVE('',#2844,#2845,#1554,.T.);
#3587=EDGE_CURVE('',#2845,#2843,#1555,.T.);
#3588=EDGE_CURVE('',#2846,#2844,#1556,.T.);
#3589=EDGE_CURVE('',#2846,#2847,#1557,.T.);
#3590=EDGE_CURVE('',#2847,#2845,#1558,.T.);
#3591=EDGE_CURVE('',#2837,#2846,#1559,.T.);
#3592=EDGE_CURVE('',#2839,#2847,#1560,.T.);
#3593=EDGE_CURVE('',#2848,#2849,#403,.T.);
#3594=EDGE_CURVE('',#2848,#2850,#1561,.T.);
#3595=EDGE_CURVE('',#2850,#2851,#404,.T.);
#3596=EDGE_CURVE('',#2849,#2851,#1562,.T.);
#3597=EDGE_CURVE('',#2852,#2848,#405,.T.);
#3598=EDGE_CURVE('',#2852,#2853,#1563,.T.);
#3599=EDGE_CURVE('',#2853,#2850,#406,.T.);
#3600=EDGE_CURVE('',#2849,#2852,#407,.T.);
#3601=EDGE_CURVE('',#2851,#2853,#408,.T.);
#3602=EDGE_CURVE('',#2854,#2855,#1564,.T.);
#3603=EDGE_CURVE('',#2854,#2856,#1565,.T.);
#3604=EDGE_CURVE('',#2856,#2857,#1566,.T.);
#3605=EDGE_CURVE('',#2855,#2857,#1567,.T.);
#3606=EDGE_CURVE('',#2858,#2854,#409,.T.);
#3607=EDGE_CURVE('',#2858,#2859,#1568,.T.);
#3608=EDGE_CURVE('',#2859,#2856,#410,.T.);
#3609=EDGE_CURVE('',#2860,#2858,#411,.T.);
#3610=EDGE_CURVE('',#2860,#2861,#1569,.T.);
#3611=EDGE_CURVE('',#2861,#2859,#412,.T.);
#3612=EDGE_CURVE('',#2862,#2860,#413,.T.);
#3613=EDGE_CURVE('',#2862,#2863,#1570,.T.);
#3614=EDGE_CURVE('',#2863,#2861,#414,.T.);
#3615=EDGE_CURVE('',#2864,#2862,#415,.T.);
#3616=EDGE_CURVE('',#2864,#2865,#1571,.T.);
#3617=EDGE_CURVE('',#2865,#2863,#416,.T.);
#3618=EDGE_CURVE('',#2866,#2864,#417,.T.);
#3619=EDGE_CURVE('',#2866,#2867,#1572,.T.);
#3620=EDGE_CURVE('',#2867,#2865,#418,.T.);
#3621=EDGE_CURVE('',#2868,#2866,#419,.T.);
#3622=EDGE_CURVE('',#2868,#2869,#1573,.T.);
#3623=EDGE_CURVE('',#2869,#2867,#420,.T.);
#3624=EDGE_CURVE('',#2870,#2868,#421,.T.);
#3625=EDGE_CURVE('',#2870,#2871,#1574,.T.);
#3626=EDGE_CURVE('',#2871,#2869,#422,.T.);
#3627=EDGE_CURVE('',#2872,#2870,#423,.T.);
#3628=EDGE_CURVE('',#2872,#2873,#1575,.T.);
#3629=EDGE_CURVE('',#2873,#2871,#424,.T.);
#3630=EDGE_CURVE('',#2874,#2872,#425,.T.);
#3631=EDGE_CURVE('',#2874,#2875,#1576,.T.);
#3632=EDGE_CURVE('',#2875,#2873,#426,.T.);
#3633=EDGE_CURVE('',#2876,#2874,#427,.T.);
#3634=EDGE_CURVE('',#2876,#2877,#1577,.T.);
#3635=EDGE_CURVE('',#2877,#2875,#428,.T.);
#3636=EDGE_CURVE('',#2855,#2876,#1578,.T.);
#3637=EDGE_CURVE('',#2857,#2877,#1579,.T.);
#3638=EDGE_CURVE('',#2878,#2879,#1580,.T.);
#3639=EDGE_CURVE('',#2878,#2880,#1581,.T.);
#3640=EDGE_CURVE('',#2880,#2881,#1582,.T.);
#3641=EDGE_CURVE('',#2879,#2881,#1583,.T.);
#3642=EDGE_CURVE('',#2882,#2878,#1584,.T.);
#3643=EDGE_CURVE('',#2882,#2883,#1585,.T.);
#3644=EDGE_CURVE('',#2883,#2880,#1586,.T.);
#3645=EDGE_CURVE('',#2884,#2882,#1587,.T.);
#3646=EDGE_CURVE('',#2884,#2885,#1588,.T.);
#3647=EDGE_CURVE('',#2885,#2883,#1589,.T.);
#3648=EDGE_CURVE('',#2886,#2884,#1590,.T.);
#3649=EDGE_CURVE('',#2886,#2887,#1591,.T.);
#3650=EDGE_CURVE('',#2887,#2885,#1592,.T.);
#3651=EDGE_CURVE('',#2888,#2886,#1593,.T.);
#3652=EDGE_CURVE('',#2888,#2889,#1594,.T.);
#3653=EDGE_CURVE('',#2889,#2887,#1595,.T.);
#3654=EDGE_CURVE('',#2890,#2888,#1596,.T.);
#3655=EDGE_CURVE('',#2890,#2891,#1597,.T.);
#3656=EDGE_CURVE('',#2891,#2889,#1598,.T.);
#3657=EDGE_CURVE('',#2892,#2890,#1599,.T.);
#3658=EDGE_CURVE('',#2892,#2893,#1600,.T.);
#3659=EDGE_CURVE('',#2893,#2891,#1601,.T.);
#3660=EDGE_CURVE('',#2879,#2892,#1602,.T.);
#3661=EDGE_CURVE('',#2881,#2893,#1603,.T.);
#3662=EDGE_CURVE('',#2894,#2895,#429,.T.);
#3663=EDGE_CURVE('',#2894,#2896,#1604,.T.);
#3664=EDGE_CURVE('',#2896,#2897,#430,.T.);
#3665=EDGE_CURVE('',#2895,#2897,#1605,.T.);
#3666=EDGE_CURVE('',#2898,#2894,#431,.T.);
#3667=EDGE_CURVE('',#2898,#2899,#1606,.T.);
#3668=EDGE_CURVE('',#2899,#2896,#432,.T.);
#3669=EDGE_CURVE('',#2900,#2898,#1607,.T.);
#3670=EDGE_CURVE('',#2900,#2901,#1608,.T.);
#3671=EDGE_CURVE('',#2901,#2899,#1609,.T.);
#3672=EDGE_CURVE('',#2902,#2900,#1610,.T.);
#3673=EDGE_CURVE('',#2902,#2903,#1611,.T.);
#3674=EDGE_CURVE('',#2903,#2901,#1612,.T.);
#3675=EDGE_CURVE('',#2904,#2902,#433,.T.);
#3676=EDGE_CURVE('',#2904,#2905,#1613,.T.);
#3677=EDGE_CURVE('',#2905,#2903,#434,.T.);
#3678=EDGE_CURVE('',#2906,#2904,#435,.T.);
#3679=EDGE_CURVE('',#2906,#2907,#1614,.T.);
#3680=EDGE_CURVE('',#2907,#2905,#436,.T.);
#3681=EDGE_CURVE('',#2895,#2906,#437,.T.);
#3682=EDGE_CURVE('',#2897,#2907,#438,.T.);
#3683=EDGE_CURVE('',#2908,#2909,#1615,.T.);
#3684=EDGE_CURVE('',#2908,#2910,#1616,.T.);
#3685=EDGE_CURVE('',#2910,#2911,#1617,.T.);
#3686=EDGE_CURVE('',#2909,#2911,#1618,.T.);
#3687=EDGE_CURVE('',#2912,#2908,#1619,.T.);
#3688=EDGE_CURVE('',#2912,#2913,#1620,.T.);
#3689=EDGE_CURVE('',#2913,#2910,#1621,.T.);
#3690=EDGE_CURVE('',#2914,#2912,#439,.T.);
#3691=EDGE_CURVE('',#2914,#2915,#1622,.T.);
#3692=EDGE_CURVE('',#2915,#2913,#440,.T.);
#3693=EDGE_CURVE('',#2916,#2914,#1623,.T.);
#3694=EDGE_CURVE('',#2916,#2917,#1624,.T.);
#3695=EDGE_CURVE('',#2917,#2915,#1625,.T.);
#3696=EDGE_CURVE('',#2918,#2916,#1626,.T.);
#3697=EDGE_CURVE('',#2918,#2919,#1627,.T.);
#3698=EDGE_CURVE('',#2919,#2917,#1628,.T.);
#3699=EDGE_CURVE('',#2920,#2918,#1629,.T.);
#3700=EDGE_CURVE('',#2920,#2921,#1630,.T.);
#3701=EDGE_CURVE('',#2921,#2919,#1631,.T.);
#3702=EDGE_CURVE('',#2922,#2920,#441,.T.);
#3703=EDGE_CURVE('',#2922,#2923,#1632,.T.);
#3704=EDGE_CURVE('',#2923,#2921,#442,.T.);
#3705=EDGE_CURVE('',#2924,#2922,#443,.T.);
#3706=EDGE_CURVE('',#2924,#2925,#1633,.T.);
#3707=EDGE_CURVE('',#2925,#2923,#444,.T.);
#3708=EDGE_CURVE('',#2926,#2924,#1634,.T.);
#3709=EDGE_CURVE('',#2926,#2927,#1635,.T.);
#3710=EDGE_CURVE('',#2927,#2925,#1636,.T.);
#3711=EDGE_CURVE('',#2928,#2926,#1637,.T.);
#3712=EDGE_CURVE('',#2928,#2929,#1638,.T.);
#3713=EDGE_CURVE('',#2929,#2927,#1639,.T.);
#3714=EDGE_CURVE('',#2930,#2928,#445,.T.);
#3715=EDGE_CURVE('',#2930,#2931,#1640,.T.);
#3716=EDGE_CURVE('',#2931,#2929,#446,.T.);
#3717=EDGE_CURVE('',#2932,#2930,#447,.T.);
#3718=EDGE_CURVE('',#2932,#2933,#1641,.T.);
#3719=EDGE_CURVE('',#2933,#2931,#448,.T.);
#3720=EDGE_CURVE('',#2934,#2932,#449,.T.);
#3721=EDGE_CURVE('',#2934,#2935,#1642,.T.);
#3722=EDGE_CURVE('',#2935,#2933,#450,.T.);
#3723=EDGE_CURVE('',#2936,#2934,#451,.T.);
#3724=EDGE_CURVE('',#2936,#2937,#1643,.T.);
#3725=EDGE_CURVE('',#2937,#2935,#452,.T.);
#3726=EDGE_CURVE('',#2938,#2936,#453,.T.);
#3727=EDGE_CURVE('',#2938,#2939,#1644,.T.);
#3728=EDGE_CURVE('',#2939,#2937,#454,.T.);
#3729=EDGE_CURVE('',#2940,#2938,#1645,.T.);
#3730=EDGE_CURVE('',#2940,#2941,#1646,.T.);
#3731=EDGE_CURVE('',#2941,#2939,#1647,.T.);
#3732=EDGE_CURVE('',#2942,#2940,#1648,.T.);
#3733=EDGE_CURVE('',#2942,#2943,#1649,.T.);
#3734=EDGE_CURVE('',#2943,#2941,#1650,.T.);
#3735=EDGE_CURVE('',#2944,#2942,#1651,.T.);
#3736=EDGE_CURVE('',#2944,#2945,#1652,.T.);
#3737=EDGE_CURVE('',#2945,#2943,#1653,.T.);
#3738=EDGE_CURVE('',#2909,#2944,#1654,.T.);
#3739=EDGE_CURVE('',#2911,#2945,#1655,.T.);
#3740=EDGE_CURVE('',#2946,#2947,#1656,.T.);
#3741=EDGE_CURVE('',#2946,#2948,#1657,.T.);
#3742=EDGE_CURVE('',#2948,#2949,#1658,.T.);
#3743=EDGE_CURVE('',#2947,#2949,#1659,.T.);
#3744=EDGE_CURVE('',#2950,#2946,#1660,.T.);
#3745=EDGE_CURVE('',#2950,#2951,#1661,.T.);
#3746=EDGE_CURVE('',#2951,#2948,#1662,.T.);
#3747=EDGE_CURVE('',#2952,#2950,#1663,.T.);
#3748=EDGE_CURVE('',#2952,#2953,#1664,.T.);
#3749=EDGE_CURVE('',#2953,#2951,#1665,.T.);
#3750=EDGE_CURVE('',#2954,#2952,#455,.T.);
#3751=EDGE_CURVE('',#2954,#2955,#1666,.T.);
#3752=EDGE_CURVE('',#2955,#2953,#456,.T.);
#3753=EDGE_CURVE('',#2956,#2954,#457,.T.);
#3754=EDGE_CURVE('',#2956,#2957,#1667,.T.);
#3755=EDGE_CURVE('',#2957,#2955,#458,.T.);
#3756=EDGE_CURVE('',#2958,#2956,#459,.T.);
#3757=EDGE_CURVE('',#2958,#2959,#1668,.T.);
#3758=EDGE_CURVE('',#2959,#2957,#460,.T.);
#3759=EDGE_CURVE('',#2947,#2958,#461,.T.);
#3760=EDGE_CURVE('',#2949,#2959,#462,.T.);
#3761=EDGE_CURVE('',#2960,#2961,#1669,.T.);
#3762=EDGE_CURVE('',#2960,#2962,#1670,.T.);
#3763=EDGE_CURVE('',#2962,#2963,#1671,.T.);
#3764=EDGE_CURVE('',#2961,#2963,#1672,.T.);
#3765=EDGE_CURVE('',#2964,#2960,#1673,.T.);
#3766=EDGE_CURVE('',#2964,#2965,#1674,.T.);
#3767=EDGE_CURVE('',#2965,#2962,#1675,.T.);
#3768=EDGE_CURVE('',#2966,#2964,#1676,.T.);
#3769=EDGE_CURVE('',#2966,#2967,#1677,.T.);
#3770=EDGE_CURVE('',#2967,#2965,#1678,.T.);
#3771=EDGE_CURVE('',#2968,#2966,#463,.T.);
#3772=EDGE_CURVE('',#2968,#2969,#1679,.T.);
#3773=EDGE_CURVE('',#2969,#2967,#464,.T.);
#3774=EDGE_CURVE('',#2970,#2968,#465,.T.);
#3775=EDGE_CURVE('',#2970,#2971,#1680,.T.);
#3776=EDGE_CURVE('',#2971,#2969,#466,.T.);
#3777=EDGE_CURVE('',#2961,#2970,#467,.T.);
#3778=EDGE_CURVE('',#2963,#2971,#468,.T.);
#3779=EDGE_CURVE('',#2972,#2973,#469,.T.);
#3780=EDGE_CURVE('',#2972,#2974,#1681,.T.);
#3781=EDGE_CURVE('',#2974,#2975,#470,.T.);
#3782=EDGE_CURVE('',#2973,#2975,#1682,.T.);
#3783=EDGE_CURVE('',#2976,#2972,#471,.T.);
#3784=EDGE_CURVE('',#2976,#2977,#1683,.T.);
#3785=EDGE_CURVE('',#2977,#2974,#472,.T.);
#3786=EDGE_CURVE('',#2978,#2976,#473,.T.);
#3787=EDGE_CURVE('',#2978,#2979,#1684,.T.);
#3788=EDGE_CURVE('',#2979,#2977,#474,.T.);
#3789=EDGE_CURVE('',#2980,#2978,#475,.T.);
#3790=EDGE_CURVE('',#2980,#2981,#1685,.T.);
#3791=EDGE_CURVE('',#2981,#2979,#476,.T.);
#3792=EDGE_CURVE('',#2982,#2980,#1686,.T.);
#3793=EDGE_CURVE('',#2982,#2983,#1687,.T.);
#3794=EDGE_CURVE('',#2983,#2981,#1688,.T.);
#3795=EDGE_CURVE('',#2984,#2982,#1689,.T.);
#3796=EDGE_CURVE('',#2984,#2985,#1690,.T.);
#3797=EDGE_CURVE('',#2985,#2983,#1691,.T.);
#3798=EDGE_CURVE('',#2986,#2984,#477,.T.);
#3799=EDGE_CURVE('',#2986,#2987,#1692,.T.);
#3800=EDGE_CURVE('',#2987,#2985,#478,.T.);
#3801=EDGE_CURVE('',#2988,#2986,#479,.T.);
#3802=EDGE_CURVE('',#2988,#2989,#1693,.T.);
#3803=EDGE_CURVE('',#2989,#2987,#480,.T.);
#3804=EDGE_CURVE('',#2990,#2988,#1694,.T.);
#3805=EDGE_CURVE('',#2990,#2991,#1695,.T.);
#3806=EDGE_CURVE('',#2991,#2989,#1696,.T.);
#3807=EDGE_CURVE('',#2992,#2990,#1697,.T.);
#3808=EDGE_CURVE('',#2992,#2993,#1698,.T.);
#3809=EDGE_CURVE('',#2993,#2991,#1699,.T.);
#3810=EDGE_CURVE('',#2994,#2992,#1700,.T.);
#3811=EDGE_CURVE('',#2994,#2995,#1701,.T.);
#3812=EDGE_CURVE('',#2995,#2993,#1702,.T.);
#3813=EDGE_CURVE('',#2973,#2994,#1703,.T.);
#3814=EDGE_CURVE('',#2975,#2995,#1704,.T.);
#3815=EDGE_CURVE('',#2996,#2997,#481,.T.);
#3816=EDGE_CURVE('',#2996,#2998,#1705,.T.);
#3817=EDGE_CURVE('',#2998,#2999,#482,.T.);
#3818=EDGE_CURVE('',#2997,#2999,#1706,.T.);
#3819=EDGE_CURVE('',#3000,#2996,#483,.T.);
#3820=EDGE_CURVE('',#3000,#3001,#1707,.T.);
#3821=EDGE_CURVE('',#3001,#2998,#484,.T.);
#3822=EDGE_CURVE('',#3002,#3000,#485,.T.);
#3823=EDGE_CURVE('',#3002,#3003,#1708,.T.);
#3824=EDGE_CURVE('',#3003,#3001,#486,.T.);
#3825=EDGE_CURVE('',#3004,#3002,#487,.T.);
#3826=EDGE_CURVE('',#3004,#3005,#1709,.T.);
#3827=EDGE_CURVE('',#3005,#3003,#488,.T.);
#3828=EDGE_CURVE('',#3006,#3004,#489,.T.);
#3829=EDGE_CURVE('',#3006,#3007,#1710,.T.);
#3830=EDGE_CURVE('',#3007,#3005,#490,.T.);
#3831=EDGE_CURVE('',#3008,#3006,#491,.T.);
#3832=EDGE_CURVE('',#3008,#3009,#1711,.T.);
#3833=EDGE_CURVE('',#3009,#3007,#492,.T.);
#3834=EDGE_CURVE('',#3010,#3008,#493,.T.);
#3835=EDGE_CURVE('',#3010,#3011,#1712,.T.);
#3836=EDGE_CURVE('',#3011,#3009,#494,.T.);
#3837=EDGE_CURVE('',#2997,#3010,#495,.T.);
#3838=EDGE_CURVE('',#2999,#3011,#496,.T.);
#3839=EDGE_CURVE('',#3012,#3013,#1713,.T.);
#3840=EDGE_CURVE('',#3012,#3014,#1714,.T.);
#3841=EDGE_CURVE('',#3014,#3015,#1715,.T.);
#3842=EDGE_CURVE('',#3013,#3015,#1716,.T.);
#3843=EDGE_CURVE('',#3016,#3012,#1717,.T.);
#3844=EDGE_CURVE('',#3016,#3017,#1718,.T.);
#3845=EDGE_CURVE('',#3017,#3014,#1719,.T.);
#3846=EDGE_CURVE('',#3018,#3016,#1720,.T.);
#3847=EDGE_CURVE('',#3018,#3019,#1721,.T.);
#3848=EDGE_CURVE('',#3019,#3017,#1722,.T.);
#3849=EDGE_CURVE('',#3020,#3018,#1723,.T.);
#3850=EDGE_CURVE('',#3020,#3021,#1724,.T.);
#3851=EDGE_CURVE('',#3021,#3019,#1725,.T.);
#3852=EDGE_CURVE('',#3022,#3020,#1726,.T.);
#3853=EDGE_CURVE('',#3022,#3023,#1727,.T.);
#3854=EDGE_CURVE('',#3023,#3021,#1728,.T.);
#3855=EDGE_CURVE('',#3024,#3022,#1729,.T.);
#3856=EDGE_CURVE('',#3024,#3025,#1730,.T.);
#3857=EDGE_CURVE('',#3025,#3023,#1731,.T.);
#3858=EDGE_CURVE('',#3026,#3024,#497,.T.);
#3859=EDGE_CURVE('',#3026,#3027,#1732,.T.);
#3860=EDGE_CURVE('',#3027,#3025,#498,.T.);
#3861=EDGE_CURVE('',#3028,#3026,#499,.T.);
#3862=EDGE_CURVE('',#3028,#3029,#1733,.T.);
#3863=EDGE_CURVE('',#3029,#3027,#500,.T.);
#3864=EDGE_CURVE('',#3030,#3028,#1734,.T.);
#3865=EDGE_CURVE('',#3030,#3031,#1735,.T.);
#3866=EDGE_CURVE('',#3031,#3029,#1736,.T.);
#3867=EDGE_CURVE('',#3032,#3030,#1737,.T.);
#3868=EDGE_CURVE('',#3032,#3033,#1738,.T.);
#3869=EDGE_CURVE('',#3033,#3031,#1739,.T.);
#3870=EDGE_CURVE('',#3034,#3032,#1740,.T.);
#3871=EDGE_CURVE('',#3034,#3035,#1741,.T.);
#3872=EDGE_CURVE('',#3035,#3033,#1742,.T.);
#3873=EDGE_CURVE('',#3036,#3034,#501,.T.);
#3874=EDGE_CURVE('',#3036,#3037,#1743,.T.);
#3875=EDGE_CURVE('',#3037,#3035,#502,.T.);
#3876=EDGE_CURVE('',#3038,#3036,#503,.T.);
#3877=EDGE_CURVE('',#3038,#3039,#1744,.T.);
#3878=EDGE_CURVE('',#3039,#3037,#504,.T.);
#3879=EDGE_CURVE('',#3013,#3038,#1745,.T.);
#3880=EDGE_CURVE('',#3015,#3039,#1746,.T.);
#3881=EDGE_CURVE('',#3040,#3041,#505,.T.);
#3882=EDGE_CURVE('',#3040,#3042,#1747,.T.);
#3883=EDGE_CURVE('',#3042,#3043,#506,.T.);
#3884=EDGE_CURVE('',#3041,#3043,#1748,.T.);
#3885=EDGE_CURVE('',#3044,#3040,#507,.T.);
#3886=EDGE_CURVE('',#3044,#3045,#1749,.T.);
#3887=EDGE_CURVE('',#3045,#3042,#508,.T.);
#3888=EDGE_CURVE('',#3046,#3044,#509,.T.);
#3889=EDGE_CURVE('',#3046,#3047,#1750,.T.);
#3890=EDGE_CURVE('',#3047,#3045,#510,.T.);
#3891=EDGE_CURVE('',#3041,#3046,#511,.T.);
#3892=EDGE_CURVE('',#3043,#3047,#512,.T.);
#3893=EDGE_CURVE('',#3048,#3049,#1751,.T.);
#3894=EDGE_CURVE('',#3048,#3050,#1752,.T.);
#3895=EDGE_CURVE('',#3050,#3051,#1753,.T.);
#3896=EDGE_CURVE('',#3049,#3051,#1754,.T.);
#3897=EDGE_CURVE('',#3052,#3048,#513,.T.);
#3898=EDGE_CURVE('',#3052,#3053,#1755,.T.);
#3899=EDGE_CURVE('',#3053,#3050,#514,.T.);
#3900=EDGE_CURVE('',#3054,#3052,#515,.T.);
#3901=EDGE_CURVE('',#3054,#3055,#1756,.T.);
#3902=EDGE_CURVE('',#3055,#3053,#516,.T.);
#3903=EDGE_CURVE('',#3056,#3054,#517,.T.);
#3904=EDGE_CURVE('',#3056,#3057,#1757,.T.);
#3905=EDGE_CURVE('',#3057,#3055,#518,.T.);
#3906=EDGE_CURVE('',#3058,#3056,#519,.T.);
#3907=EDGE_CURVE('',#3058,#3059,#1758,.T.);
#3908=EDGE_CURVE('',#3059,#3057,#520,.T.);
#3909=EDGE_CURVE('',#3049,#3058,#1759,.T.);
#3910=EDGE_CURVE('',#3051,#3059,#1760,.T.);
#3911=EDGE_CURVE('',#3060,#3061,#1761,.T.);
#3912=EDGE_CURVE('',#3060,#3062,#1762,.T.);
#3913=EDGE_CURVE('',#3062,#3063,#1763,.T.);
#3914=EDGE_CURVE('',#3061,#3063,#1764,.T.);
#3915=EDGE_CURVE('',#3064,#3060,#1765,.T.);
#3916=EDGE_CURVE('',#3064,#3065,#1766,.T.);
#3917=EDGE_CURVE('',#3065,#3062,#1767,.T.);
#3918=EDGE_CURVE('',#3066,#3064,#1768,.T.);
#3919=EDGE_CURVE('',#3066,#3067,#1769,.T.);
#3920=EDGE_CURVE('',#3067,#3065,#1770,.T.);
#3921=EDGE_CURVE('',#3068,#3066,#1771,.T.);
#3922=EDGE_CURVE('',#3068,#3069,#1772,.T.);
#3923=EDGE_CURVE('',#3069,#3067,#1773,.T.);
#3924=EDGE_CURVE('',#3070,#3068,#1774,.T.);
#3925=EDGE_CURVE('',#3070,#3071,#1775,.T.);
#3926=EDGE_CURVE('',#3071,#3069,#1776,.T.);
#3927=EDGE_CURVE('',#3072,#3070,#1777,.T.);
#3928=EDGE_CURVE('',#3072,#3073,#1778,.T.);
#3929=EDGE_CURVE('',#3073,#3071,#1779,.T.);
#3930=EDGE_CURVE('',#3074,#3072,#521,.T.);
#3931=EDGE_CURVE('',#3074,#3075,#1780,.T.);
#3932=EDGE_CURVE('',#3075,#3073,#522,.T.);
#3933=EDGE_CURVE('',#3076,#3074,#1781,.T.);
#3934=EDGE_CURVE('',#3076,#3077,#1782,.T.);
#3935=EDGE_CURVE('',#3077,#3075,#1783,.T.);
#3936=EDGE_CURVE('',#3078,#3076,#1784,.T.);
#3937=EDGE_CURVE('',#3078,#3079,#1785,.T.);
#3938=EDGE_CURVE('',#3079,#3077,#1786,.T.);
#3939=EDGE_CURVE('',#3080,#3078,#523,.T.);
#3940=EDGE_CURVE('',#3080,#3081,#1787,.T.);
#3941=EDGE_CURVE('',#3081,#3079,#524,.T.);
#3942=EDGE_CURVE('',#3082,#3080,#525,.T.);
#3943=EDGE_CURVE('',#3082,#3083,#1788,.T.);
#3944=EDGE_CURVE('',#3083,#3081,#526,.T.);
#3945=EDGE_CURVE('',#3084,#3082,#527,.T.);
#3946=EDGE_CURVE('',#3084,#3085,#1789,.T.);
#3947=EDGE_CURVE('',#3085,#3083,#528,.T.);
#3948=EDGE_CURVE('',#3086,#3084,#529,.T.);
#3949=EDGE_CURVE('',#3086,#3087,#1790,.T.);
#3950=EDGE_CURVE('',#3087,#3085,#530,.T.);
#3951=EDGE_CURVE('',#3061,#3086,#1791,.T.);
#3952=EDGE_CURVE('',#3063,#3087,#1792,.T.);
#3953=EDGE_CURVE('',#3088,#3089,#97,.T.);
#3954=EDGE_CURVE('',#3088,#3090,#1793,.T.);
#3955=EDGE_CURVE('',#3090,#3091,#98,.T.);
#3956=EDGE_CURVE('',#3089,#3091,#1794,.T.);
#3957=EDGE_CURVE('',#3092,#3088,#99,.T.);
#3958=EDGE_CURVE('',#3092,#3093,#1795,.T.);
#3959=EDGE_CURVE('',#3093,#3090,#100,.T.);
#3960=EDGE_CURVE('',#3094,#3092,#101,.T.);
#3961=EDGE_CURVE('',#3094,#3095,#1796,.T.);
#3962=EDGE_CURVE('',#3095,#3093,#102,.T.);
#3963=EDGE_CURVE('',#3096,#3094,#103,.T.);
#3964=EDGE_CURVE('',#3096,#3097,#1797,.T.);
#3965=EDGE_CURVE('',#3097,#3095,#104,.T.);
#3966=EDGE_CURVE('',#3098,#3096,#105,.T.);
#3967=EDGE_CURVE('',#3098,#3099,#1798,.T.);
#3968=EDGE_CURVE('',#3099,#3097,#106,.T.);
#3969=EDGE_CURVE('',#3100,#3098,#107,.T.);
#3970=EDGE_CURVE('',#3100,#3101,#1799,.T.);
#3971=EDGE_CURVE('',#3101,#3099,#108,.T.);
#3972=EDGE_CURVE('',#3102,#3103,#109,.T.);
#3973=EDGE_CURVE('',#3102,#3101,#110,.T.);
#3974=EDGE_CURVE('',#3103,#3100,#111,.T.);
#3975=EDGE_CURVE('',#3104,#3105,#112,.T.);
#3976=EDGE_CURVE('',#3106,#3104,#113,.T.);
#3977=EDGE_CURVE('',#3106,#3107,#1800,.T.);
#3978=EDGE_CURVE('',#3107,#3105,#114,.T.);
#3979=EDGE_CURVE('',#3108,#3106,#115,.T.);
#3980=EDGE_CURVE('',#3108,#3109,#1801,.T.);
#3981=EDGE_CURVE('',#3109,#3107,#116,.T.);
#3982=EDGE_CURVE('',#3110,#3108,#1802,.T.);
#3983=EDGE_CURVE('',#3110,#3111,#1803,.T.);
#3984=EDGE_CURVE('',#3111,#3109,#1804,.T.);
#3985=EDGE_CURVE('',#3112,#3110,#117,.T.);
#3986=EDGE_CURVE('',#3112,#3113,#1805,.T.);
#3987=EDGE_CURVE('',#3113,#3111,#118,.T.);
#3988=EDGE_CURVE('',#3114,#3112,#119,.T.);
#3989=EDGE_CURVE('',#3114,#3115,#1806,.T.);
#3990=EDGE_CURVE('',#3115,#3113,#120,.T.);
#3991=EDGE_CURVE('',#3116,#3114,#121,.T.);
#3992=EDGE_CURVE('',#3116,#3117,#1807,.T.);
#3993=EDGE_CURVE('',#3117,#3115,#122,.T.);
#3994=EDGE_CURVE('',#3118,#3116,#123,.T.);
#3995=EDGE_CURVE('',#3118,#3119,#1808,.T.);
#3996=EDGE_CURVE('',#3119,#3117,#124,.T.);
#3997=EDGE_CURVE('',#3120,#3118,#125,.T.);
#3998=EDGE_CURVE('',#3120,#3121,#1809,.T.);
#3999=EDGE_CURVE('',#3121,#3119,#126,.T.);
#4000=EDGE_CURVE('',#3122,#3120,#127,.T.);
#4001=EDGE_CURVE('',#3122,#3123,#1810,.T.);
#4002=EDGE_CURVE('',#3123,#3121,#128,.T.);
#4003=EDGE_CURVE('',#3124,#3122,#129,.T.);
#4004=EDGE_CURVE('',#3124,#3125,#1811,.T.);
#4005=EDGE_CURVE('',#3125,#3123,#130,.T.);
#4006=EDGE_CURVE('',#3126,#3124,#131,.T.);
#4007=EDGE_CURVE('',#3126,#3127,#1812,.T.);
#4008=EDGE_CURVE('',#3127,#3125,#132,.T.);
#4009=EDGE_CURVE('',#3128,#3126,#1813,.T.);
#4010=EDGE_CURVE('',#3128,#3129,#1814,.T.);
#4011=EDGE_CURVE('',#3129,#3127,#1815,.T.);
#4012=EDGE_CURVE('',#3130,#3128,#1816,.T.);
#4013=EDGE_CURVE('',#3130,#3131,#1817,.T.);
#4014=EDGE_CURVE('',#3131,#3129,#1818,.T.);
#4015=EDGE_CURVE('',#3089,#3130,#1819,.T.);
#4016=EDGE_CURVE('',#3091,#3131,#1820,.T.);
#4017=EDGE_CURVE('',#3105,#3102,#1821,.T.);
#4018=EDGE_CURVE('',#3132,#3133,#133,.T.);
#4019=EDGE_CURVE('',#3132,#3134,#1822,.T.);
#4020=EDGE_CURVE('',#3134,#3135,#134,.T.);
#4021=EDGE_CURVE('',#3133,#3135,#1823,.T.);
#4022=EDGE_CURVE('',#3136,#3132,#135,.T.);
#4023=EDGE_CURVE('',#3136,#3137,#1824,.T.);
#4024=EDGE_CURVE('',#3137,#3134,#136,.T.);
#4025=EDGE_CURVE('',#3138,#3136,#137,.T.);
#4026=EDGE_CURVE('',#3138,#3139,#1825,.T.);
#4027=EDGE_CURVE('',#3139,#3137,#138,.T.);
#4028=EDGE_CURVE('',#3140,#3138,#139,.T.);
#4029=EDGE_CURVE('',#3140,#3141,#1826,.T.);
#4030=EDGE_CURVE('',#3141,#3139,#140,.T.);
#4031=EDGE_CURVE('',#3142,#3140,#141,.T.);
#4032=EDGE_CURVE('',#3142,#3143,#1827,.T.);
#4033=EDGE_CURVE('',#3143,#3141,#142,.T.);
#4034=EDGE_CURVE('',#3144,#3142,#143,.T.);
#4035=EDGE_CURVE('',#3144,#3145,#1828,.T.);
#4036=EDGE_CURVE('',#3145,#3143,#144,.T.);
#4037=EDGE_CURVE('',#3146,#3144,#145,.T.);
#4038=EDGE_CURVE('',#3146,#3147,#1829,.T.);
#4039=EDGE_CURVE('',#3147,#3145,#146,.T.);
#4040=EDGE_CURVE('',#3148,#3149,#147,.T.);
#4041=EDGE_CURVE('',#3148,#3147,#148,.T.);
#4042=EDGE_CURVE('',#3149,#3146,#149,.T.);
#4043=EDGE_CURVE('',#3150,#3151,#150,.T.);
#4044=EDGE_CURVE('',#3152,#3150,#151,.T.);
#4045=EDGE_CURVE('',#3152,#3153,#1830,.T.);
#4046=EDGE_CURVE('',#3153,#3151,#152,.T.);
#4047=EDGE_CURVE('',#3154,#3152,#153,.T.);
#4048=EDGE_CURVE('',#3154,#3155,#1831,.T.);
#4049=EDGE_CURVE('',#3155,#3153,#154,.T.);
#4050=EDGE_CURVE('',#3156,#3154,#155,.T.);
#4051=EDGE_CURVE('',#3156,#3157,#1832,.T.);
#4052=EDGE_CURVE('',#3157,#3155,#156,.T.);
#4053=EDGE_CURVE('',#3158,#3156,#1833,.T.);
#4054=EDGE_CURVE('',#3158,#3159,#1834,.T.);
#4055=EDGE_CURVE('',#3159,#3157,#1835,.T.);
#4056=EDGE_CURVE('',#3160,#3158,#157,.T.);
#4057=EDGE_CURVE('',#3160,#3161,#1836,.T.);
#4058=EDGE_CURVE('',#3161,#3159,#158,.T.);
#4059=EDGE_CURVE('',#3162,#3160,#159,.T.);
#4060=EDGE_CURVE('',#3162,#3163,#1837,.T.);
#4061=EDGE_CURVE('',#3163,#3161,#160,.T.);
#4062=EDGE_CURVE('',#3164,#3162,#161,.T.);
#4063=EDGE_CURVE('',#3164,#3165,#1838,.T.);
#4064=EDGE_CURVE('',#3165,#3163,#162,.T.);
#4065=EDGE_CURVE('',#3166,#3164,#163,.T.);
#4066=EDGE_CURVE('',#3166,#3167,#1839,.T.);
#4067=EDGE_CURVE('',#3167,#3165,#164,.T.);
#4068=EDGE_CURVE('',#3168,#3166,#165,.T.);
#4069=EDGE_CURVE('',#3168,#3169,#1840,.T.);
#4070=EDGE_CURVE('',#3169,#3167,#166,.T.);
#4071=EDGE_CURVE('',#3170,#3168,#167,.T.);
#4072=EDGE_CURVE('',#3170,#3171,#1841,.T.);
#4073=EDGE_CURVE('',#3171,#3169,#168,.T.);
#4074=EDGE_CURVE('',#3172,#3170,#1842,.T.);
#4075=EDGE_CURVE('',#3172,#3173,#1843,.T.);
#4076=EDGE_CURVE('',#3173,#3171,#1844,.T.);
#4077=EDGE_CURVE('',#3174,#3172,#169,.T.);
#4078=EDGE_CURVE('',#3174,#3175,#1845,.T.);
#4079=EDGE_CURVE('',#3175,#3173,#170,.T.);
#4080=EDGE_CURVE('',#3176,#3174,#171,.T.);
#4081=EDGE_CURVE('',#3176,#3177,#1846,.T.);
#4082=EDGE_CURVE('',#3177,#3175,#172,.T.);
#4083=EDGE_CURVE('',#3178,#3176,#173,.T.);
#4084=EDGE_CURVE('',#3178,#3179,#1847,.T.);
#4085=EDGE_CURVE('',#3179,#3177,#174,.T.);
#4086=EDGE_CURVE('',#3180,#3178,#175,.T.);
#4087=EDGE_CURVE('',#3180,#3181,#1848,.T.);
#4088=EDGE_CURVE('',#3181,#3179,#176,.T.);
#4089=EDGE_CURVE('',#3182,#3180,#177,.T.);
#4090=EDGE_CURVE('',#3182,#3183,#1849,.T.);
#4091=EDGE_CURVE('',#3183,#3181,#178,.T.);
#4092=EDGE_CURVE('',#3184,#3182,#179,.T.);
#4093=EDGE_CURVE('',#3184,#3185,#1850,.T.);
#4094=EDGE_CURVE('',#3185,#3183,#180,.T.);
#4095=EDGE_CURVE('',#3186,#3184,#181,.T.);
#4096=EDGE_CURVE('',#3186,#3187,#1851,.T.);
#4097=EDGE_CURVE('',#3187,#3185,#182,.T.);
#4098=EDGE_CURVE('',#3188,#3186,#1852,.T.);
#4099=EDGE_CURVE('',#3188,#3189,#1853,.T.);
#4100=EDGE_CURVE('',#3189,#3187,#1854,.T.);
#4101=EDGE_CURVE('',#3133,#3188,#183,.T.);
#4102=EDGE_CURVE('',#3135,#3189,#184,.T.);
#4103=EDGE_CURVE('',#3151,#3148,#1855,.T.);
#4104=EDGE_CURVE('',#3190,#3191,#1856,.T.);
#4105=EDGE_CURVE('',#3190,#3192,#1857,.T.);
#4106=EDGE_CURVE('',#3192,#3193,#1858,.T.);
#4107=EDGE_CURVE('',#3191,#3193,#1859,.T.);
#4108=EDGE_CURVE('',#3194,#3190,#1860,.T.);
#4109=EDGE_CURVE('',#3194,#3195,#1861,.T.);
#4110=EDGE_CURVE('',#3195,#3192,#1862,.T.);
#4111=EDGE_CURVE('',#3191,#3194,#1863,.T.);
#4112=EDGE_CURVE('',#3193,#3195,#1864,.T.);
#4113=EDGE_CURVE('',#2694,#3196,#1865,.T.);
#4114=EDGE_CURVE('',#2697,#3197,#1866,.T.);
#4115=EDGE_CURVE('',#3196,#3197,#1867,.T.);
#4116=EDGE_CURVE('',#3198,#2698,#1868,.T.);
#4117=EDGE_CURVE('',#3198,#3199,#1869,.T.);
#4118=EDGE_CURVE('',#3199,#2699,#1870,.T.);
#4119=EDGE_CURVE('',#3200,#3201,#1871,.T.);
#4120=EDGE_CURVE('',#3200,#3199,#1872,.T.);
#4121=EDGE_CURVE('',#3201,#3198,#1873,.T.);
#4122=EDGE_CURVE('',#3202,#3203,#1874,.T.);
#4123=EDGE_CURVE('',#3204,#3202,#1875,.T.);
#4124=EDGE_CURVE('',#3204,#3205,#1876,.T.);
#4125=EDGE_CURVE('',#3205,#3203,#1877,.T.);
#4126=EDGE_CURVE('',#3206,#3204,#1878,.T.);
#4127=EDGE_CURVE('',#3206,#3207,#1879,.T.);
#4128=EDGE_CURVE('',#3207,#3205,#1880,.T.);
#4129=EDGE_CURVE('',#3208,#3206,#1881,.T.);
#4130=EDGE_CURVE('',#3208,#3209,#1882,.T.);
#4131=EDGE_CURVE('',#3209,#3207,#1883,.T.);
#4132=EDGE_CURVE('',#3210,#3208,#1884,.T.);
#4133=EDGE_CURVE('',#3210,#3211,#1885,.T.);
#4134=EDGE_CURVE('',#3211,#3209,#1886,.T.);
#4135=EDGE_CURVE('',#3196,#3210,#1887,.T.);
#4136=EDGE_CURVE('',#3197,#3211,#1888,.T.);
#4137=EDGE_CURVE('',#3203,#3200,#1889,.T.);
#4138=EDGE_CURVE('',#3212,#3213,#185,.T.);
#4139=EDGE_CURVE('',#3214,#3212,#186,.T.);
#4140=EDGE_CURVE('',#3214,#3215,#1890,.T.);
#4141=EDGE_CURVE('',#3215,#3213,#187,.T.);
#4142=EDGE_CURVE('',#3213,#3216,#1891,.T.);
#4143=EDGE_CURVE('',#3217,#3215,#188,.T.);
#4144=EDGE_CURVE('',#3218,#3217,#1892,.T.);
#4145=EDGE_CURVE('',#3219,#3218,#189,.T.);
#4146=EDGE_CURVE('',#3220,#3219,#1893,.T.);
#4147=EDGE_CURVE('',#3221,#3220,#1894,.T.);
#4148=EDGE_CURVE('',#3216,#3221,#1895,.T.);
#4149=EDGE_CURVE('',#3222,#3214,#190,.T.);
#4150=EDGE_CURVE('',#3222,#3217,#1896,.T.);
#4151=EDGE_CURVE('',#3223,#3222,#1897,.T.);
#4152=EDGE_CURVE('',#3223,#3218,#1898,.T.);
#4153=EDGE_CURVE('',#3224,#3223,#191,.T.);
#4154=EDGE_CURVE('',#3224,#3219,#1899,.T.);
#4155=EDGE_CURVE('',#3225,#3224,#1900,.T.);
#4156=EDGE_CURVE('',#3225,#3220,#1901,.T.);
#4157=EDGE_CURVE('',#3226,#3225,#1902,.T.);
#4158=EDGE_CURVE('',#3226,#3221,#1903,.T.);
#4159=EDGE_CURVE('',#3216,#3227,#1904,.T.);
#4160=EDGE_CURVE('',#3227,#3226,#1905,.T.);
#4161=EDGE_CURVE('',#3228,#3229,#1906,.T.);
#4162=EDGE_CURVE('',#3230,#3228,#1907,.T.);
#4163=EDGE_CURVE('',#3230,#3231,#1908,.T.);
#4164=EDGE_CURVE('',#3231,#3229,#1909,.T.);
#4165=EDGE_CURVE('',#3228,#3232,#1910,.T.);
#4166=EDGE_CURVE('',#3233,#3232,#1911,.T.);
#4167=EDGE_CURVE('',#3230,#3233,#1912,.T.);
#4168=EDGE_CURVE('',#3232,#3234,#1913,.T.);
#4169=EDGE_CURVE('',#3235,#3234,#1914,.T.);
#4170=EDGE_CURVE('',#3233,#3235,#1915,.T.);
#4171=EDGE_CURVE('',#3236,#3237,#1916,.T.);
#4172=EDGE_CURVE('',#3238,#3236,#1917,.T.);
#4173=EDGE_CURVE('',#3238,#3239,#1918,.T.);
#4174=EDGE_CURVE('',#3239,#3237,#1919,.T.);
#4175=EDGE_CURVE('',#3236,#3240,#1920,.T.);
#4176=EDGE_CURVE('',#3241,#3240,#1921,.T.);
#4177=EDGE_CURVE('',#3238,#3241,#1922,.T.);
#4178=EDGE_CURVE('',#3240,#3242,#1923,.T.);
#4179=EDGE_CURVE('',#3243,#3242,#1924,.T.);
#4180=EDGE_CURVE('',#3241,#3243,#1925,.T.);
#4181=EDGE_CURVE('',#3244,#3244,#27,.T.);
#4182=EDGE_CURVE('',#3244,#3245,#1926,.T.);
#4183=EDGE_CURVE('',#3245,#3245,#28,.T.);
#4184=EDGE_CURVE('',#3246,#3246,#29,.T.);
#4185=EDGE_CURVE('',#3246,#3247,#1927,.T.);
#4186=EDGE_CURVE('',#3247,#3247,#30,.T.);
#4187=EDGE_CURVE('',#3248,#3248,#31,.T.);
#4188=EDGE_CURVE('',#3248,#3249,#1928,.T.);
#4189=EDGE_CURVE('',#3249,#3249,#32,.T.);
#4190=EDGE_CURVE('',#3229,#3234,#1929,.T.);
#4191=EDGE_CURVE('',#3231,#3235,#1930,.T.);
#4192=EDGE_CURVE('',#3103,#3150,#1931,.T.);
#4193=EDGE_CURVE('',#3149,#3202,#1932,.T.);
#4194=EDGE_CURVE('',#3201,#3243,#1933,.T.);
#4195=EDGE_CURVE('',#3237,#3242,#1934,.T.);
#4196=EDGE_CURVE('',#3239,#3212,#1935,.T.);
#4197=EDGE_CURVE('',#3227,#3104,#1936,.T.);
#4198=EDGE_CURVE('',#3250,#3250,#33,.T.);
#4199=EDGE_CURVE('',#3250,#3251,#1937,.T.);
#4200=EDGE_CURVE('',#3251,#3251,#34,.T.);
#4201=EDGE_CURVE('',#3252,#3253,#1938,.T.);
#4202=EDGE_CURVE('',#3254,#3252,#1939,.T.);
#4203=EDGE_CURVE('',#3254,#3255,#1940,.T.);
#4204=EDGE_CURVE('',#3255,#3253,#1941,.T.);
#4205=EDGE_CURVE('',#3256,#3257,#1942,.T.);
#4206=EDGE_CURVE('',#3256,#3258,#1943,.T.);
#4207=EDGE_CURVE('',#3258,#3259,#1944,.T.);
#4208=EDGE_CURVE('',#3259,#3257,#1945,.T.);
#4209=EDGE_CURVE('',#3260,#3261,#1946,.T.);
#4210=EDGE_CURVE('',#3261,#3262,#1947,.T.);
#4211=EDGE_CURVE('',#3263,#3262,#1948,.T.);
#4212=EDGE_CURVE('',#3260,#3263,#1949,.T.);
#4213=EDGE_CURVE('',#3264,#3265,#1950,.T.);
#4214=EDGE_CURVE('',#3265,#3266,#1951,.T.);
#4215=EDGE_CURVE('',#3267,#3266,#1952,.T.);
#4216=EDGE_CURVE('',#3264,#3267,#1953,.T.);
#4217=EDGE_CURVE('',#3268,#3269,#1954,.T.);
#4218=EDGE_CURVE('',#3268,#3270,#1955,.T.);
#4219=EDGE_CURVE('',#3271,#3270,#1956,.T.);
#4220=EDGE_CURVE('',#3272,#3271,#1957,.T.);
#4221=EDGE_CURVE('',#3273,#3272,#1958,.T.);
#4222=EDGE_CURVE('',#3274,#3273,#1959,.T.);
#4223=EDGE_CURVE('',#3274,#3275,#1960,.T.);
#4224=EDGE_CURVE('',#3275,#3269,#1961,.T.);
#4225=EDGE_CURVE('',#3276,#3277,#1962,.T.);
#4226=EDGE_CURVE('',#3277,#3278,#1963,.T.);
#4227=EDGE_CURVE('',#3279,#3278,#1964,.T.);
#4228=EDGE_CURVE('',#3276,#3279,#1965,.T.);
#4229=EDGE_CURVE('',#3280,#3281,#1966,.T.);
#4230=EDGE_CURVE('',#3281,#3282,#1967,.T.);
#4231=EDGE_CURVE('',#3283,#3282,#1968,.T.);
#4232=EDGE_CURVE('',#3280,#3283,#1969,.T.);
#4233=EDGE_CURVE('',#3284,#3285,#1970,.T.);
#4234=EDGE_CURVE('',#3285,#3286,#1971,.T.);
#4235=EDGE_CURVE('',#3286,#3287,#1972,.T.);
#4236=EDGE_CURVE('',#3287,#3284,#1973,.T.);
#4237=EDGE_CURVE('',#3288,#3289,#1974,.T.);
#4238=EDGE_CURVE('',#3290,#3289,#1975,.T.);
#4239=EDGE_CURVE('',#3291,#3290,#1976,.T.);
#4240=EDGE_CURVE('',#3291,#3288,#1977,.T.);
#4241=EDGE_CURVE('',#3292,#3293,#1978,.T.);
#4242=EDGE_CURVE('',#3293,#3294,#1979,.T.);
#4243=EDGE_CURVE('',#3294,#3295,#1980,.T.);
#4244=EDGE_CURVE('',#3295,#3292,#1981,.T.);
#4245=EDGE_CURVE('',#3296,#3297,#1982,.T.);
#4246=EDGE_CURVE('',#3296,#3298,#1983,.T.);
#4247=EDGE_CURVE('',#3298,#3299,#1984,.T.);
#4248=EDGE_CURVE('',#3299,#3297,#1985,.T.);
#4249=EDGE_CURVE('',#3300,#3300,#35,.T.);
#4250=EDGE_CURVE('',#3301,#3252,#36,.T.);
#4251=EDGE_CURVE('',#3301,#3302,#1986,.T.);
#4252=EDGE_CURVE('',#3303,#3302,#1987,.T.);
#4253=EDGE_CURVE('',#3304,#3303,#1988,.T.);
#4254=EDGE_CURVE('',#3269,#3304,#1989,.T.);
#4255=EDGE_CURVE('',#3275,#3305,#1990,.T.);
#4256=EDGE_CURVE('',#3305,#3306,#1991,.T.);
#4257=EDGE_CURVE('',#3254,#3306,#1992,.T.);
#4258=EDGE_CURVE('',#3307,#3307,#37,.T.);
#4259=EDGE_CURVE('',#3308,#3308,#38,.T.);
#4260=EDGE_CURVE('',#3309,#3309,#39,.T.);
#4261=EDGE_CURVE('',#3310,#3310,#40,.T.);
#4262=EDGE_CURVE('',#3311,#3312,#1993,.T.);
#4263=EDGE_CURVE('',#3311,#3313,#1994,.T.);
#4264=EDGE_CURVE('',#3313,#3314,#1995,.T.);
#4265=EDGE_CURVE('',#3315,#3314,#1996,.T.);
#4266=EDGE_CURVE('',#3283,#3315,#1997,.T.);
#4267=EDGE_CURVE('',#3282,#3316,#1998,.T.);
#4268=EDGE_CURVE('',#3317,#3316,#1999,.T.);
#4269=EDGE_CURVE('',#3317,#3257,#2000,.T.);
#4270=EDGE_CURVE('',#3259,#3318,#2001,.T.);
#4271=EDGE_CURVE('',#3318,#3319,#2002,.T.);
#4272=EDGE_CURVE('',#3271,#3319,#2003,.T.);
#4273=EDGE_CURVE('',#3270,#3320,#2004,.T.);
#4274=EDGE_CURVE('',#3303,#3320,#2005,.T.);
#4275=EDGE_CURVE('',#3302,#3312,#2006,.T.);
#4276=EDGE_CURVE('',#3290,#3261,#2007,.T.);
#4277=EDGE_CURVE('',#3291,#3260,#2008,.T.);
#4278=EDGE_CURVE('',#3321,#3321,#41,.T.);
#4279=EDGE_CURVE('',#3322,#3322,#42,.T.);
#4280=EDGE_CURVE('',#3323,#3323,#43,.T.);
#4281=EDGE_CURVE('',#3324,#3324,#44,.T.);
#4282=EDGE_CURVE('',#3325,#3325,#45,.T.);
#4283=EDGE_CURVE('',#3289,#3262,#2009,.T.);
#4284=EDGE_CURVE('',#3288,#3263,#2010,.T.);
#4285=EDGE_CURVE('',#3326,#3326,#46,.T.);
#4286=EDGE_CURVE('',#3327,#3327,#47,.T.);
#4287=EDGE_CURVE('',#3328,#3328,#48,.T.);
#4288=EDGE_CURVE('',#3329,#3329,#49,.T.);
#4289=EDGE_CURVE('',#3330,#3330,#50,.T.);
#4290=EDGE_CURVE('',#3331,#3258,#51,.T.);
#4291=EDGE_CURVE('',#3299,#3331,#2011,.T.);
#4292=EDGE_CURVE('',#3332,#3298,#2012,.T.);
#4293=EDGE_CURVE('',#3332,#3274,#2013,.T.);
#4294=EDGE_CURVE('',#3333,#3273,#2014,.T.);
#4295=EDGE_CURVE('',#3333,#3318,#2015,.T.);
#4296=EDGE_CURVE('',#3334,#3334,#52,.T.);
#4297=EDGE_CURVE('',#3335,#3335,#53,.T.);
#4298=EDGE_CURVE('',#3336,#3336,#54,.T.);
#4299=EDGE_CURVE('',#3337,#3337,#55,.T.);
#4300=EDGE_CURVE('',#3338,#3338,#56,.T.);
#4301=EDGE_CURVE('',#3339,#3339,#57,.T.);
#4302=EDGE_CURVE('',#3340,#3340,#58,.T.);
#4303=EDGE_CURVE('',#3341,#3341,#59,.T.);
#4304=EDGE_CURVE('',#3280,#3342,#2016,.T.);
#4305=EDGE_CURVE('',#3342,#3343,#2017,.T.);
#4306=EDGE_CURVE('',#3344,#3343,#2018,.T.);
#4307=EDGE_CURVE('',#3305,#3344,#2019,.T.);
#4308=EDGE_CURVE('',#3345,#3332,#2020,.T.);
#4309=EDGE_CURVE('',#3281,#3345,#2021,.T.);
#4310=EDGE_CURVE('',#3346,#3312,#2022,.T.);
#4311=EDGE_CURVE('',#3346,#3347,#60,.T.);
#4312=EDGE_CURVE('',#3347,#3253,#61,.T.);
#4313=EDGE_CURVE('',#3348,#3255,#2023,.T.);
#4314=EDGE_CURVE('',#3348,#3311,#2024,.T.);
#4315=EDGE_CURVE('',#3346,#3301,#2025,.F.);
#4316=EDGE_CURVE('',#3349,#3349,#62,.T.);
#4317=EDGE_CURVE('',#3349,#3350,#2026,.T.);
#4318=EDGE_CURVE('',#3350,#3350,#63,.F.);
#4319=EDGE_CURVE('',#3348,#3306,#2027,.T.);
#4320=EDGE_CURVE('',#3333,#3351,#2028,.T.);
#4321=EDGE_CURVE('',#3351,#3319,#2029,.T.);
#4322=EDGE_CURVE('',#3272,#3351,#2030,.T.);
#4323=EDGE_CURVE('',#3352,#3352,#64,.T.);
#4324=EDGE_CURVE('',#3352,#3353,#2031,.T.);
#4325=EDGE_CURVE('',#3353,#3353,#65,.F.);
#4326=EDGE_CURVE('',#3354,#3320,#2032,.T.);
#4327=EDGE_CURVE('',#3304,#3354,#2033,.T.);
#4328=EDGE_CURVE('',#3268,#3354,#2034,.T.);
#4329=EDGE_CURVE('',#3355,#3355,#66,.T.);
#4330=EDGE_CURVE('',#3355,#3356,#2035,.T.);
#4331=EDGE_CURVE('',#3356,#3356,#67,.F.);
#4332=EDGE_CURVE('',#3256,#3357,#68,.T.);
#4333=EDGE_CURVE('',#3296,#3317,#2036,.T.);
#4334=EDGE_CURVE('',#3297,#3358,#2037,.T.);
#4335=EDGE_CURVE('',#3357,#3358,#69,.T.);
#4336=EDGE_CURVE('',#3345,#3316,#2038,.T.);
#4337=EDGE_CURVE('',#3331,#3358,#2039,.F.);
#4338=EDGE_CURVE('',#3300,#3359,#2040,.T.);
#4339=EDGE_CURVE('',#3359,#3359,#70,.F.);
#4340=EDGE_CURVE('',#3344,#3313,#2041,.T.);
#4341=EDGE_CURVE('',#3342,#3315,#2042,.T.);
#4342=EDGE_CURVE('',#3343,#3314,#2043,.T.);
#4343=EDGE_CURVE('',#3360,#3360,#71,.T.);
#4344=EDGE_CURVE('',#3360,#3341,#2044,.T.);
#4345=EDGE_CURVE('',#3361,#3361,#72,.T.);
#4346=EDGE_CURVE('',#3361,#3340,#2045,.T.);
#4347=EDGE_CURVE('',#3362,#3362,#73,.T.);
#4348=EDGE_CURVE('',#3362,#3339,#2046,.T.);
#4349=EDGE_CURVE('',#3363,#3363,#74,.T.);
#4350=EDGE_CURVE('',#3363,#3338,#2047,.T.);
#4351=EDGE_CURVE('',#3285,#3294,#2048,.T.);
#4352=EDGE_CURVE('',#3286,#3293,#2049,.T.);
#4353=EDGE_CURVE('',#3287,#3292,#2050,.T.);
#4354=EDGE_CURVE('',#3284,#3295,#2051,.T.);
#4355=EDGE_CURVE('',#3277,#3265,#2052,.T.);
#4356=EDGE_CURVE('',#3278,#3264,#2053,.T.);
#4357=EDGE_CURVE('',#3279,#3267,#2054,.T.);
#4358=EDGE_CURVE('',#3276,#3266,#2055,.T.);
#4359=EDGE_CURVE('',#3357,#3327,#2056,.T.);
#4360=EDGE_CURVE('',#3322,#3347,#2057,.T.);
#4361=EDGE_CURVE('',#3336,#3330,#2058,.T.);
#4362=EDGE_CURVE('',#3335,#3329,#2059,.T.);
#4363=EDGE_CURVE('',#3334,#3328,#2060,.T.);
#4364=EDGE_CURVE('',#3337,#3326,#2061,.T.);
#4365=EDGE_CURVE('',#3325,#3309,#2062,.T.);
#4366=EDGE_CURVE('',#3324,#3308,#2063,.T.);
#4367=EDGE_CURVE('',#3323,#3307,#2064,.T.);
#4368=EDGE_CURVE('',#3321,#3310,#2065,.T.);
#4369=ORIENTED_EDGE('',*,*,#3364,.T.);
#4370=ORIENTED_EDGE('',*,*,#3365,.T.);
#4371=ORIENTED_EDGE('',*,*,#3366,.T.);
#4372=ORIENTED_EDGE('',*,*,#3367,.F.);
#4373=ORIENTED_EDGE('',*,*,#3368,.T.);
#4374=ORIENTED_EDGE('',*,*,#3369,.T.);
#4375=ORIENTED_EDGE('',*,*,#3370,.T.);
#4376=ORIENTED_EDGE('',*,*,#3365,.F.);
#4377=ORIENTED_EDGE('',*,*,#3371,.F.);
#4378=ORIENTED_EDGE('',*,*,#3372,.T.);
#4379=ORIENTED_EDGE('',*,*,#3373,.T.);
#4380=ORIENTED_EDGE('',*,*,#3374,.F.);
#4381=ORIENTED_EDGE('',*,*,#3375,.F.);
#4382=ORIENTED_EDGE('',*,*,#3376,.T.);
#4383=ORIENTED_EDGE('',*,*,#3377,.T.);
#4384=ORIENTED_EDGE('',*,*,#3372,.F.);
#4385=ORIENTED_EDGE('',*,*,#3378,.F.);
#4386=ORIENTED_EDGE('',*,*,#3374,.T.);
#4387=ORIENTED_EDGE('',*,*,#3379,.T.);
#4388=ORIENTED_EDGE('',*,*,#3376,.F.);
#4389=ORIENTED_EDGE('',*,*,#3380,.F.);
#4390=ORIENTED_EDGE('',*,*,#3381,.T.);
#4391=ORIENTED_EDGE('',*,*,#3382,.T.);
#4392=ORIENTED_EDGE('',*,*,#3383,.F.);
#4393=ORIENTED_EDGE('',*,*,#3384,.F.);
#4394=ORIENTED_EDGE('',*,*,#3385,.T.);
#4395=ORIENTED_EDGE('',*,*,#3386,.T.);
#4396=ORIENTED_EDGE('',*,*,#3381,.F.);
#4397=ORIENTED_EDGE('',*,*,#3387,.F.);
#4398=ORIENTED_EDGE('',*,*,#3388,.T.);
#4399=ORIENTED_EDGE('',*,*,#3389,.T.);
#4400=ORIENTED_EDGE('',*,*,#3385,.F.);
#4401=ORIENTED_EDGE('',*,*,#3390,.F.);
#4402=ORIENTED_EDGE('',*,*,#3391,.T.);
#4403=ORIENTED_EDGE('',*,*,#3392,.T.);
#4404=ORIENTED_EDGE('',*,*,#3388,.F.);
#4405=ORIENTED_EDGE('',*,*,#3393,.F.);
#4406=ORIENTED_EDGE('',*,*,#3394,.T.);
#4407=ORIENTED_EDGE('',*,*,#3395,.T.);
#4408=ORIENTED_EDGE('',*,*,#3391,.F.);
#4409=ORIENTED_EDGE('',*,*,#3396,.F.);
#4410=ORIENTED_EDGE('',*,*,#3397,.T.);
#4411=ORIENTED_EDGE('',*,*,#3398,.T.);
#4412=ORIENTED_EDGE('',*,*,#3394,.F.);
#4413=ORIENTED_EDGE('',*,*,#3399,.F.);
#4414=ORIENTED_EDGE('',*,*,#3400,.T.);
#4415=ORIENTED_EDGE('',*,*,#3401,.T.);
#4416=ORIENTED_EDGE('',*,*,#3397,.F.);
#4417=ORIENTED_EDGE('',*,*,#3402,.F.);
#4418=ORIENTED_EDGE('',*,*,#3403,.T.);
#4419=ORIENTED_EDGE('',*,*,#3404,.T.);
#4420=ORIENTED_EDGE('',*,*,#3400,.F.);
#4421=ORIENTED_EDGE('',*,*,#3405,.F.);
#4422=ORIENTED_EDGE('',*,*,#3406,.T.);
#4423=ORIENTED_EDGE('',*,*,#3407,.T.);
#4424=ORIENTED_EDGE('',*,*,#3403,.F.);
#4425=ORIENTED_EDGE('',*,*,#3408,.F.);
#4426=ORIENTED_EDGE('',*,*,#3409,.T.);
#4427=ORIENTED_EDGE('',*,*,#3410,.T.);
#4428=ORIENTED_EDGE('',*,*,#3406,.F.);
#4429=ORIENTED_EDGE('',*,*,#3411,.F.);
#4430=ORIENTED_EDGE('',*,*,#3412,.T.);
#4431=ORIENTED_EDGE('',*,*,#3413,.T.);
#4432=ORIENTED_EDGE('',*,*,#3409,.F.);
#4433=ORIENTED_EDGE('',*,*,#3414,.F.);
#4434=ORIENTED_EDGE('',*,*,#3415,.T.);
#4435=ORIENTED_EDGE('',*,*,#3416,.T.);
#4436=ORIENTED_EDGE('',*,*,#3412,.F.);
#4437=ORIENTED_EDGE('',*,*,#3417,.F.);
#4438=ORIENTED_EDGE('',*,*,#3418,.T.);
#4439=ORIENTED_EDGE('',*,*,#3419,.T.);
#4440=ORIENTED_EDGE('',*,*,#3415,.F.);
#4441=ORIENTED_EDGE('',*,*,#3420,.F.);
#4442=ORIENTED_EDGE('',*,*,#3421,.T.);
#4443=ORIENTED_EDGE('',*,*,#3422,.T.);
#4444=ORIENTED_EDGE('',*,*,#3418,.F.);
#4445=ORIENTED_EDGE('',*,*,#3423,.F.);
#4446=ORIENTED_EDGE('',*,*,#3424,.T.);
#4447=ORIENTED_EDGE('',*,*,#3425,.T.);
#4448=ORIENTED_EDGE('',*,*,#3421,.F.);
#4449=ORIENTED_EDGE('',*,*,#3426,.F.);
#4450=ORIENTED_EDGE('',*,*,#3427,.T.);
#4451=ORIENTED_EDGE('',*,*,#3428,.T.);
#4452=ORIENTED_EDGE('',*,*,#3424,.F.);
#4453=ORIENTED_EDGE('',*,*,#3429,.F.);
#4454=ORIENTED_EDGE('',*,*,#3430,.T.);
#4455=ORIENTED_EDGE('',*,*,#3431,.T.);
#4456=ORIENTED_EDGE('',*,*,#3427,.F.);
#4457=ORIENTED_EDGE('',*,*,#3432,.F.);
#4458=ORIENTED_EDGE('',*,*,#3433,.T.);
#4459=ORIENTED_EDGE('',*,*,#3434,.T.);
#4460=ORIENTED_EDGE('',*,*,#3430,.F.);
#4461=ORIENTED_EDGE('',*,*,#3435,.F.);
#4462=ORIENTED_EDGE('',*,*,#3436,.T.);
#4463=ORIENTED_EDGE('',*,*,#3437,.T.);
#4464=ORIENTED_EDGE('',*,*,#3433,.F.);
#4465=ORIENTED_EDGE('',*,*,#3438,.F.);
#4466=ORIENTED_EDGE('',*,*,#3439,.T.);
#4467=ORIENTED_EDGE('',*,*,#3440,.T.);
#4468=ORIENTED_EDGE('',*,*,#3436,.F.);
#4469=ORIENTED_EDGE('',*,*,#3441,.F.);
#4470=ORIENTED_EDGE('',*,*,#3442,.T.);
#4471=ORIENTED_EDGE('',*,*,#3443,.T.);
#4472=ORIENTED_EDGE('',*,*,#3439,.F.);
#4473=ORIENTED_EDGE('',*,*,#3444,.F.);
#4474=ORIENTED_EDGE('',*,*,#3445,.T.);
#4475=ORIENTED_EDGE('',*,*,#3446,.T.);
#4476=ORIENTED_EDGE('',*,*,#3442,.F.);
#4477=ORIENTED_EDGE('',*,*,#3447,.F.);
#4478=ORIENTED_EDGE('',*,*,#3448,.T.);
#4479=ORIENTED_EDGE('',*,*,#3449,.T.);
#4480=ORIENTED_EDGE('',*,*,#3445,.F.);
#4481=ORIENTED_EDGE('',*,*,#3450,.F.);
#4482=ORIENTED_EDGE('',*,*,#3451,.T.);
#4483=ORIENTED_EDGE('',*,*,#3452,.T.);
#4484=ORIENTED_EDGE('',*,*,#3448,.F.);
#4485=ORIENTED_EDGE('',*,*,#3453,.F.);
#4486=ORIENTED_EDGE('',*,*,#3454,.T.);
#4487=ORIENTED_EDGE('',*,*,#3455,.T.);
#4488=ORIENTED_EDGE('',*,*,#3451,.F.);
#4489=ORIENTED_EDGE('',*,*,#3456,.F.);
#4490=ORIENTED_EDGE('',*,*,#3457,.T.);
#4491=ORIENTED_EDGE('',*,*,#3458,.T.);
#4492=ORIENTED_EDGE('',*,*,#3454,.F.);
#4493=ORIENTED_EDGE('',*,*,#3459,.F.);
#4494=ORIENTED_EDGE('',*,*,#3460,.T.);
#4495=ORIENTED_EDGE('',*,*,#3461,.T.);
#4496=ORIENTED_EDGE('',*,*,#3457,.F.);
#4497=ORIENTED_EDGE('',*,*,#3462,.F.);
#4498=ORIENTED_EDGE('',*,*,#3463,.T.);
#4499=ORIENTED_EDGE('',*,*,#3464,.T.);
#4500=ORIENTED_EDGE('',*,*,#3460,.F.);
#4501=ORIENTED_EDGE('',*,*,#3465,.F.);
#4502=ORIENTED_EDGE('',*,*,#3466,.T.);
#4503=ORIENTED_EDGE('',*,*,#3467,.T.);
#4504=ORIENTED_EDGE('',*,*,#3463,.F.);
#4505=ORIENTED_EDGE('',*,*,#3468,.F.);
#4506=ORIENTED_EDGE('',*,*,#3469,.T.);
#4507=ORIENTED_EDGE('',*,*,#3470,.T.);
#4508=ORIENTED_EDGE('',*,*,#3466,.F.);
#4509=ORIENTED_EDGE('',*,*,#3471,.F.);
#4510=ORIENTED_EDGE('',*,*,#3472,.T.);
#4511=ORIENTED_EDGE('',*,*,#3473,.T.);
#4512=ORIENTED_EDGE('',*,*,#3469,.F.);
#4513=ORIENTED_EDGE('',*,*,#3474,.F.);
#4514=ORIENTED_EDGE('',*,*,#3475,.T.);
#4515=ORIENTED_EDGE('',*,*,#3476,.T.);
#4516=ORIENTED_EDGE('',*,*,#3472,.F.);
#4517=ORIENTED_EDGE('',*,*,#3477,.F.);
#4518=ORIENTED_EDGE('',*,*,#3478,.T.);
#4519=ORIENTED_EDGE('',*,*,#3479,.T.);
#4520=ORIENTED_EDGE('',*,*,#3475,.F.);
#4521=ORIENTED_EDGE('',*,*,#3480,.F.);
#4522=ORIENTED_EDGE('',*,*,#3481,.T.);
#4523=ORIENTED_EDGE('',*,*,#3482,.T.);
#4524=ORIENTED_EDGE('',*,*,#3478,.F.);
#4525=ORIENTED_EDGE('',*,*,#3483,.F.);
#4526=ORIENTED_EDGE('',*,*,#3484,.T.);
#4527=ORIENTED_EDGE('',*,*,#3485,.T.);
#4528=ORIENTED_EDGE('',*,*,#3481,.F.);
#4529=ORIENTED_EDGE('',*,*,#3486,.F.);
#4530=ORIENTED_EDGE('',*,*,#3487,.T.);
#4531=ORIENTED_EDGE('',*,*,#3488,.T.);
#4532=ORIENTED_EDGE('',*,*,#3484,.F.);
#4533=ORIENTED_EDGE('',*,*,#3489,.F.);
#4534=ORIENTED_EDGE('',*,*,#3490,.T.);
#4535=ORIENTED_EDGE('',*,*,#3491,.T.);
#4536=ORIENTED_EDGE('',*,*,#3487,.F.);
#4537=ORIENTED_EDGE('',*,*,#3492,.F.);
#4538=ORIENTED_EDGE('',*,*,#3383,.T.);
#4539=ORIENTED_EDGE('',*,*,#3493,.T.);
#4540=ORIENTED_EDGE('',*,*,#3490,.F.);
#4541=ORIENTED_EDGE('',*,*,#3493,.F.);
#4542=ORIENTED_EDGE('',*,*,#3382,.F.);
#4543=ORIENTED_EDGE('',*,*,#3386,.F.);
#4544=ORIENTED_EDGE('',*,*,#3389,.F.);
#4545=ORIENTED_EDGE('',*,*,#3392,.F.);
#4546=ORIENTED_EDGE('',*,*,#3395,.F.);
#4547=ORIENTED_EDGE('',*,*,#3398,.F.);
#4548=ORIENTED_EDGE('',*,*,#3401,.F.);
#4549=ORIENTED_EDGE('',*,*,#3404,.F.);
#4550=ORIENTED_EDGE('',*,*,#3407,.F.);
#4551=ORIENTED_EDGE('',*,*,#3410,.F.);
#4552=ORIENTED_EDGE('',*,*,#3413,.F.);
#4553=ORIENTED_EDGE('',*,*,#3416,.F.);
#4554=ORIENTED_EDGE('',*,*,#3419,.F.);
#4555=ORIENTED_EDGE('',*,*,#3422,.F.);
#4556=ORIENTED_EDGE('',*,*,#3425,.F.);
#4557=ORIENTED_EDGE('',*,*,#3428,.F.);
#4558=ORIENTED_EDGE('',*,*,#3431,.F.);
#4559=ORIENTED_EDGE('',*,*,#3434,.F.);
#4560=ORIENTED_EDGE('',*,*,#3437,.F.);
#4561=ORIENTED_EDGE('',*,*,#3440,.F.);
#4562=ORIENTED_EDGE('',*,*,#3443,.F.);
#4563=ORIENTED_EDGE('',*,*,#3446,.F.);
#4564=ORIENTED_EDGE('',*,*,#3449,.F.);
#4565=ORIENTED_EDGE('',*,*,#3452,.F.);
#4566=ORIENTED_EDGE('',*,*,#3455,.F.);
#4567=ORIENTED_EDGE('',*,*,#3458,.F.);
#4568=ORIENTED_EDGE('',*,*,#3461,.F.);
#4569=ORIENTED_EDGE('',*,*,#3464,.F.);
#4570=ORIENTED_EDGE('',*,*,#3467,.F.);
#4571=ORIENTED_EDGE('',*,*,#3470,.F.);
#4572=ORIENTED_EDGE('',*,*,#3473,.F.);
#4573=ORIENTED_EDGE('',*,*,#3476,.F.);
#4574=ORIENTED_EDGE('',*,*,#3479,.F.);
#4575=ORIENTED_EDGE('',*,*,#3482,.F.);
#4576=ORIENTED_EDGE('',*,*,#3485,.F.);
#4577=ORIENTED_EDGE('',*,*,#3488,.F.);
#4578=ORIENTED_EDGE('',*,*,#3491,.F.);
#4579=ORIENTED_EDGE('',*,*,#3379,.F.);
#4580=ORIENTED_EDGE('',*,*,#3373,.F.);
#4581=ORIENTED_EDGE('',*,*,#3377,.F.);
#4582=ORIENTED_EDGE('',*,*,#3494,.F.);
#4583=ORIENTED_EDGE('',*,*,#3495,.T.);
#4584=ORIENTED_EDGE('',*,*,#3496,.T.);
#4585=ORIENTED_EDGE('',*,*,#3497,.F.);
#4586=ORIENTED_EDGE('',*,*,#3498,.F.);
#4587=ORIENTED_EDGE('',*,*,#3499,.T.);
#4588=ORIENTED_EDGE('',*,*,#3500,.T.);
#4589=ORIENTED_EDGE('',*,*,#3495,.F.);
#4590=ORIENTED_EDGE('',*,*,#3501,.F.);
#4591=ORIENTED_EDGE('',*,*,#3502,.T.);
#4592=ORIENTED_EDGE('',*,*,#3503,.T.);
#4593=ORIENTED_EDGE('',*,*,#3499,.F.);
#4594=ORIENTED_EDGE('',*,*,#3504,.F.);
#4595=ORIENTED_EDGE('',*,*,#3505,.T.);
#4596=ORIENTED_EDGE('',*,*,#3506,.T.);
#4597=ORIENTED_EDGE('',*,*,#3502,.F.);
#4598=ORIENTED_EDGE('',*,*,#3507,.F.);
#4599=ORIENTED_EDGE('',*,*,#3508,.T.);
#4600=ORIENTED_EDGE('',*,*,#3509,.T.);
#4601=ORIENTED_EDGE('',*,*,#3505,.F.);
#4602=ORIENTED_EDGE('',*,*,#3510,.F.);
#4603=ORIENTED_EDGE('',*,*,#3511,.T.);
#4604=ORIENTED_EDGE('',*,*,#3512,.T.);
#4605=ORIENTED_EDGE('',*,*,#3508,.F.);
#4606=ORIENTED_EDGE('',*,*,#3513,.F.);
#4607=ORIENTED_EDGE('',*,*,#3514,.T.);
#4608=ORIENTED_EDGE('',*,*,#3515,.T.);
#4609=ORIENTED_EDGE('',*,*,#3511,.F.);
#4610=ORIENTED_EDGE('',*,*,#3516,.F.);
#4611=ORIENTED_EDGE('',*,*,#3517,.T.);
#4612=ORIENTED_EDGE('',*,*,#3518,.T.);
#4613=ORIENTED_EDGE('',*,*,#3514,.F.);
#4614=ORIENTED_EDGE('',*,*,#3519,.F.);
#4615=ORIENTED_EDGE('',*,*,#3520,.T.);
#4616=ORIENTED_EDGE('',*,*,#3521,.T.);
#4617=ORIENTED_EDGE('',*,*,#3517,.F.);
#4618=ORIENTED_EDGE('',*,*,#3522,.F.);
#4619=ORIENTED_EDGE('',*,*,#3523,.T.);
#4620=ORIENTED_EDGE('',*,*,#3524,.T.);
#4621=ORIENTED_EDGE('',*,*,#3520,.F.);
#4622=ORIENTED_EDGE('',*,*,#3525,.F.);
#4623=ORIENTED_EDGE('',*,*,#3526,.T.);
#4624=ORIENTED_EDGE('',*,*,#3527,.T.);
#4625=ORIENTED_EDGE('',*,*,#3523,.F.);
#4626=ORIENTED_EDGE('',*,*,#3528,.F.);
#4627=ORIENTED_EDGE('',*,*,#3529,.T.);
#4628=ORIENTED_EDGE('',*,*,#3530,.T.);
#4629=ORIENTED_EDGE('',*,*,#3526,.F.);
#4630=ORIENTED_EDGE('',*,*,#3531,.F.);
#4631=ORIENTED_EDGE('',*,*,#3497,.T.);
#4632=ORIENTED_EDGE('',*,*,#3532,.T.);
#4633=ORIENTED_EDGE('',*,*,#3529,.F.);
#4634=ORIENTED_EDGE('',*,*,#3532,.F.);
#4635=ORIENTED_EDGE('',*,*,#3496,.F.);
#4636=ORIENTED_EDGE('',*,*,#3500,.F.);
#4637=ORIENTED_EDGE('',*,*,#3503,.F.);
#4638=ORIENTED_EDGE('',*,*,#3506,.F.);
#4639=ORIENTED_EDGE('',*,*,#3509,.F.);
#4640=ORIENTED_EDGE('',*,*,#3512,.F.);
#4641=ORIENTED_EDGE('',*,*,#3515,.F.);
#4642=ORIENTED_EDGE('',*,*,#3518,.F.);
#4643=ORIENTED_EDGE('',*,*,#3521,.F.);
#4644=ORIENTED_EDGE('',*,*,#3524,.F.);
#4645=ORIENTED_EDGE('',*,*,#3527,.F.);
#4646=ORIENTED_EDGE('',*,*,#3530,.F.);
#4647=ORIENTED_EDGE('',*,*,#3533,.F.);
#4648=ORIENTED_EDGE('',*,*,#3534,.T.);
#4649=ORIENTED_EDGE('',*,*,#3535,.T.);
#4650=ORIENTED_EDGE('',*,*,#3536,.F.);
#4651=ORIENTED_EDGE('',*,*,#3537,.F.);
#4652=ORIENTED_EDGE('',*,*,#3538,.T.);
#4653=ORIENTED_EDGE('',*,*,#3539,.T.);
#4654=ORIENTED_EDGE('',*,*,#3534,.F.);
#4655=ORIENTED_EDGE('',*,*,#3540,.F.);
#4656=ORIENTED_EDGE('',*,*,#3541,.T.);
#4657=ORIENTED_EDGE('',*,*,#3542,.T.);
#4658=ORIENTED_EDGE('',*,*,#3538,.F.);
#4659=ORIENTED_EDGE('',*,*,#3543,.F.);
#4660=ORIENTED_EDGE('',*,*,#3544,.T.);
#4661=ORIENTED_EDGE('',*,*,#3545,.T.);
#4662=ORIENTED_EDGE('',*,*,#3541,.F.);
#4663=ORIENTED_EDGE('',*,*,#3546,.F.);
#4664=ORIENTED_EDGE('',*,*,#3547,.T.);
#4665=ORIENTED_EDGE('',*,*,#3548,.T.);
#4666=ORIENTED_EDGE('',*,*,#3544,.F.);
#4667=ORIENTED_EDGE('',*,*,#3549,.F.);
#4668=ORIENTED_EDGE('',*,*,#3550,.T.);
#4669=ORIENTED_EDGE('',*,*,#3551,.T.);
#4670=ORIENTED_EDGE('',*,*,#3547,.F.);
#4671=ORIENTED_EDGE('',*,*,#3552,.F.);
#4672=ORIENTED_EDGE('',*,*,#3553,.T.);
#4673=ORIENTED_EDGE('',*,*,#3554,.T.);
#4674=ORIENTED_EDGE('',*,*,#3550,.F.);
#4675=ORIENTED_EDGE('',*,*,#3555,.F.);
#4676=ORIENTED_EDGE('',*,*,#3556,.T.);
#4677=ORIENTED_EDGE('',*,*,#3557,.T.);
#4678=ORIENTED_EDGE('',*,*,#3553,.F.);
#4679=ORIENTED_EDGE('',*,*,#3558,.F.);
#4680=ORIENTED_EDGE('',*,*,#3559,.T.);
#4681=ORIENTED_EDGE('',*,*,#3560,.T.);
#4682=ORIENTED_EDGE('',*,*,#3556,.F.);
#4683=ORIENTED_EDGE('',*,*,#3561,.F.);
#4684=ORIENTED_EDGE('',*,*,#3562,.T.);
#4685=ORIENTED_EDGE('',*,*,#3563,.T.);
#4686=ORIENTED_EDGE('',*,*,#3559,.F.);
#4687=ORIENTED_EDGE('',*,*,#3564,.F.);
#4688=ORIENTED_EDGE('',*,*,#3565,.T.);
#4689=ORIENTED_EDGE('',*,*,#3566,.T.);
#4690=ORIENTED_EDGE('',*,*,#3562,.F.);
#4691=ORIENTED_EDGE('',*,*,#3567,.F.);
#4692=ORIENTED_EDGE('',*,*,#3568,.T.);
#4693=ORIENTED_EDGE('',*,*,#3569,.T.);
#4694=ORIENTED_EDGE('',*,*,#3565,.F.);
#4695=ORIENTED_EDGE('',*,*,#3570,.F.);
#4696=ORIENTED_EDGE('',*,*,#3571,.T.);
#4697=ORIENTED_EDGE('',*,*,#3572,.T.);
#4698=ORIENTED_EDGE('',*,*,#3568,.F.);
#4699=ORIENTED_EDGE('',*,*,#3573,.F.);
#4700=ORIENTED_EDGE('',*,*,#3536,.T.);
#4701=ORIENTED_EDGE('',*,*,#3574,.T.);
#4702=ORIENTED_EDGE('',*,*,#3571,.F.);
#4703=ORIENTED_EDGE('',*,*,#3574,.F.);
#4704=ORIENTED_EDGE('',*,*,#3535,.F.);
#4705=ORIENTED_EDGE('',*,*,#3539,.F.);
#4706=ORIENTED_EDGE('',*,*,#3542,.F.);
#4707=ORIENTED_EDGE('',*,*,#3545,.F.);
#4708=ORIENTED_EDGE('',*,*,#3548,.F.);
#4709=ORIENTED_EDGE('',*,*,#3551,.F.);
#4710=ORIENTED_EDGE('',*,*,#3554,.F.);
#4711=ORIENTED_EDGE('',*,*,#3557,.F.);
#4712=ORIENTED_EDGE('',*,*,#3560,.F.);
#4713=ORIENTED_EDGE('',*,*,#3563,.F.);
#4714=ORIENTED_EDGE('',*,*,#3566,.F.);
#4715=ORIENTED_EDGE('',*,*,#3569,.F.);
#4716=ORIENTED_EDGE('',*,*,#3572,.F.);
#4717=ORIENTED_EDGE('',*,*,#3575,.F.);
#4718=ORIENTED_EDGE('',*,*,#3576,.T.);
#4719=ORIENTED_EDGE('',*,*,#3577,.T.);
#4720=ORIENTED_EDGE('',*,*,#3578,.F.);
#4721=ORIENTED_EDGE('',*,*,#3579,.F.);
#4722=ORIENTED_EDGE('',*,*,#3580,.T.);
#4723=ORIENTED_EDGE('',*,*,#3581,.T.);
#4724=ORIENTED_EDGE('',*,*,#3576,.F.);
#4725=ORIENTED_EDGE('',*,*,#3582,.F.);
#4726=ORIENTED_EDGE('',*,*,#3583,.T.);
#4727=ORIENTED_EDGE('',*,*,#3584,.T.);
#4728=ORIENTED_EDGE('',*,*,#3580,.F.);
#4729=ORIENTED_EDGE('',*,*,#3585,.F.);
#4730=ORIENTED_EDGE('',*,*,#3586,.T.);
#4731=ORIENTED_EDGE('',*,*,#3587,.T.);
#4732=ORIENTED_EDGE('',*,*,#3583,.F.);
#4733=ORIENTED_EDGE('',*,*,#3588,.F.);
#4734=ORIENTED_EDGE('',*,*,#3589,.T.);
#4735=ORIENTED_EDGE('',*,*,#3590,.T.);
#4736=ORIENTED_EDGE('',*,*,#3586,.F.);
#4737=ORIENTED_EDGE('',*,*,#3591,.F.);
#4738=ORIENTED_EDGE('',*,*,#3578,.T.);
#4739=ORIENTED_EDGE('',*,*,#3592,.T.);
#4740=ORIENTED_EDGE('',*,*,#3589,.F.);
#4741=ORIENTED_EDGE('',*,*,#3592,.F.);
#4742=ORIENTED_EDGE('',*,*,#3577,.F.);
#4743=ORIENTED_EDGE('',*,*,#3581,.F.);
#4744=ORIENTED_EDGE('',*,*,#3584,.F.);
#4745=ORIENTED_EDGE('',*,*,#3587,.F.);
#4746=ORIENTED_EDGE('',*,*,#3590,.F.);
#4747=ORIENTED_EDGE('',*,*,#3593,.F.);
#4748=ORIENTED_EDGE('',*,*,#3594,.T.);
#4749=ORIENTED_EDGE('',*,*,#3595,.T.);
#4750=ORIENTED_EDGE('',*,*,#3596,.F.);
#4751=ORIENTED_EDGE('',*,*,#3597,.F.);
#4752=ORIENTED_EDGE('',*,*,#3598,.T.);
#4753=ORIENTED_EDGE('',*,*,#3599,.T.);
#4754=ORIENTED_EDGE('',*,*,#3594,.F.);
#4755=ORIENTED_EDGE('',*,*,#3600,.F.);
#4756=ORIENTED_EDGE('',*,*,#3596,.T.);
#4757=ORIENTED_EDGE('',*,*,#3601,.T.);
#4758=ORIENTED_EDGE('',*,*,#3598,.F.);
#4759=ORIENTED_EDGE('',*,*,#3601,.F.);
#4760=ORIENTED_EDGE('',*,*,#3595,.F.);
#4761=ORIENTED_EDGE('',*,*,#3599,.F.);
#4762=ORIENTED_EDGE('',*,*,#3602,.F.);
#4763=ORIENTED_EDGE('',*,*,#3603,.T.);
#4764=ORIENTED_EDGE('',*,*,#3604,.T.);
#4765=ORIENTED_EDGE('',*,*,#3605,.F.);
#4766=ORIENTED_EDGE('',*,*,#3606,.F.);
#4767=ORIENTED_EDGE('',*,*,#3607,.T.);
#4768=ORIENTED_EDGE('',*,*,#3608,.T.);
#4769=ORIENTED_EDGE('',*,*,#3603,.F.);
#4770=ORIENTED_EDGE('',*,*,#3609,.F.);
#4771=ORIENTED_EDGE('',*,*,#3610,.T.);
#4772=ORIENTED_EDGE('',*,*,#3611,.T.);
#4773=ORIENTED_EDGE('',*,*,#3607,.F.);
#4774=ORIENTED_EDGE('',*,*,#3612,.F.);
#4775=ORIENTED_EDGE('',*,*,#3613,.T.);
#4776=ORIENTED_EDGE('',*,*,#3614,.T.);
#4777=ORIENTED_EDGE('',*,*,#3610,.F.);
#4778=ORIENTED_EDGE('',*,*,#3615,.F.);
#4779=ORIENTED_EDGE('',*,*,#3616,.T.);
#4780=ORIENTED_EDGE('',*,*,#3617,.T.);
#4781=ORIENTED_EDGE('',*,*,#3613,.F.);
#4782=ORIENTED_EDGE('',*,*,#3618,.F.);
#4783=ORIENTED_EDGE('',*,*,#3619,.T.);
#4784=ORIENTED_EDGE('',*,*,#3620,.T.);
#4785=ORIENTED_EDGE('',*,*,#3616,.F.);
#4786=ORIENTED_EDGE('',*,*,#3621,.F.);
#4787=ORIENTED_EDGE('',*,*,#3622,.T.);
#4788=ORIENTED_EDGE('',*,*,#3623,.T.);
#4789=ORIENTED_EDGE('',*,*,#3619,.F.);
#4790=ORIENTED_EDGE('',*,*,#3624,.F.);
#4791=ORIENTED_EDGE('',*,*,#3625,.T.);
#4792=ORIENTED_EDGE('',*,*,#3626,.T.);
#4793=ORIENTED_EDGE('',*,*,#3622,.F.);
#4794=ORIENTED_EDGE('',*,*,#3627,.F.);
#4795=ORIENTED_EDGE('',*,*,#3628,.T.);
#4796=ORIENTED_EDGE('',*,*,#3629,.T.);
#4797=ORIENTED_EDGE('',*,*,#3625,.F.);
#4798=ORIENTED_EDGE('',*,*,#3630,.F.);
#4799=ORIENTED_EDGE('',*,*,#3631,.T.);
#4800=ORIENTED_EDGE('',*,*,#3632,.T.);
#4801=ORIENTED_EDGE('',*,*,#3628,.F.);
#4802=ORIENTED_EDGE('',*,*,#3633,.F.);
#4803=ORIENTED_EDGE('',*,*,#3634,.T.);
#4804=ORIENTED_EDGE('',*,*,#3635,.T.);
#4805=ORIENTED_EDGE('',*,*,#3631,.F.);
#4806=ORIENTED_EDGE('',*,*,#3636,.F.);
#4807=ORIENTED_EDGE('',*,*,#3605,.T.);
#4808=ORIENTED_EDGE('',*,*,#3637,.T.);
#4809=ORIENTED_EDGE('',*,*,#3634,.F.);
#4810=ORIENTED_EDGE('',*,*,#3637,.F.);
#4811=ORIENTED_EDGE('',*,*,#3604,.F.);
#4812=ORIENTED_EDGE('',*,*,#3608,.F.);
#4813=ORIENTED_EDGE('',*,*,#3611,.F.);
#4814=ORIENTED_EDGE('',*,*,#3614,.F.);
#4815=ORIENTED_EDGE('',*,*,#3617,.F.);
#4816=ORIENTED_EDGE('',*,*,#3620,.F.);
#4817=ORIENTED_EDGE('',*,*,#3623,.F.);
#4818=ORIENTED_EDGE('',*,*,#3626,.F.);
#4819=ORIENTED_EDGE('',*,*,#3629,.F.);
#4820=ORIENTED_EDGE('',*,*,#3632,.F.);
#4821=ORIENTED_EDGE('',*,*,#3635,.F.);
#4822=ORIENTED_EDGE('',*,*,#3638,.F.);
#4823=ORIENTED_EDGE('',*,*,#3639,.T.);
#4824=ORIENTED_EDGE('',*,*,#3640,.T.);
#4825=ORIENTED_EDGE('',*,*,#3641,.F.);
#4826=ORIENTED_EDGE('',*,*,#3642,.F.);
#4827=ORIENTED_EDGE('',*,*,#3643,.T.);
#4828=ORIENTED_EDGE('',*,*,#3644,.T.);
#4829=ORIENTED_EDGE('',*,*,#3639,.F.);
#4830=ORIENTED_EDGE('',*,*,#3645,.F.);
#4831=ORIENTED_EDGE('',*,*,#3646,.T.);
#4832=ORIENTED_EDGE('',*,*,#3647,.T.);
#4833=ORIENTED_EDGE('',*,*,#3643,.F.);
#4834=ORIENTED_EDGE('',*,*,#3648,.F.);
#4835=ORIENTED_EDGE('',*,*,#3649,.T.);
#4836=ORIENTED_EDGE('',*,*,#3650,.T.);
#4837=ORIENTED_EDGE('',*,*,#3646,.F.);
#4838=ORIENTED_EDGE('',*,*,#3651,.F.);
#4839=ORIENTED_EDGE('',*,*,#3652,.T.);
#4840=ORIENTED_EDGE('',*,*,#3653,.T.);
#4841=ORIENTED_EDGE('',*,*,#3649,.F.);
#4842=ORIENTED_EDGE('',*,*,#3654,.F.);
#4843=ORIENTED_EDGE('',*,*,#3655,.T.);
#4844=ORIENTED_EDGE('',*,*,#3656,.T.);
#4845=ORIENTED_EDGE('',*,*,#3652,.F.);
#4846=ORIENTED_EDGE('',*,*,#3657,.F.);
#4847=ORIENTED_EDGE('',*,*,#3658,.T.);
#4848=ORIENTED_EDGE('',*,*,#3659,.T.);
#4849=ORIENTED_EDGE('',*,*,#3655,.F.);
#4850=ORIENTED_EDGE('',*,*,#3660,.F.);
#4851=ORIENTED_EDGE('',*,*,#3641,.T.);
#4852=ORIENTED_EDGE('',*,*,#3661,.T.);
#4853=ORIENTED_EDGE('',*,*,#3658,.F.);
#4854=ORIENTED_EDGE('',*,*,#3661,.F.);
#4855=ORIENTED_EDGE('',*,*,#3640,.F.);
#4856=ORIENTED_EDGE('',*,*,#3644,.F.);
#4857=ORIENTED_EDGE('',*,*,#3647,.F.);
#4858=ORIENTED_EDGE('',*,*,#3650,.F.);
#4859=ORIENTED_EDGE('',*,*,#3653,.F.);
#4860=ORIENTED_EDGE('',*,*,#3656,.F.);
#4861=ORIENTED_EDGE('',*,*,#3659,.F.);
#4862=ORIENTED_EDGE('',*,*,#3662,.F.);
#4863=ORIENTED_EDGE('',*,*,#3663,.T.);
#4864=ORIENTED_EDGE('',*,*,#3664,.T.);
#4865=ORIENTED_EDGE('',*,*,#3665,.F.);
#4866=ORIENTED_EDGE('',*,*,#3666,.F.);
#4867=ORIENTED_EDGE('',*,*,#3667,.T.);
#4868=ORIENTED_EDGE('',*,*,#3668,.T.);
#4869=ORIENTED_EDGE('',*,*,#3663,.F.);
#4870=ORIENTED_EDGE('',*,*,#3669,.F.);
#4871=ORIENTED_EDGE('',*,*,#3670,.T.);
#4872=ORIENTED_EDGE('',*,*,#3671,.T.);
#4873=ORIENTED_EDGE('',*,*,#3667,.F.);
#4874=ORIENTED_EDGE('',*,*,#3672,.F.);
#4875=ORIENTED_EDGE('',*,*,#3673,.T.);
#4876=ORIENTED_EDGE('',*,*,#3674,.T.);
#4877=ORIENTED_EDGE('',*,*,#3670,.F.);
#4878=ORIENTED_EDGE('',*,*,#3675,.F.);
#4879=ORIENTED_EDGE('',*,*,#3676,.T.);
#4880=ORIENTED_EDGE('',*,*,#3677,.T.);
#4881=ORIENTED_EDGE('',*,*,#3673,.F.);
#4882=ORIENTED_EDGE('',*,*,#3678,.F.);
#4883=ORIENTED_EDGE('',*,*,#3679,.T.);
#4884=ORIENTED_EDGE('',*,*,#3680,.T.);
#4885=ORIENTED_EDGE('',*,*,#3676,.F.);
#4886=ORIENTED_EDGE('',*,*,#3681,.F.);
#4887=ORIENTED_EDGE('',*,*,#3665,.T.);
#4888=ORIENTED_EDGE('',*,*,#3682,.T.);
#4889=ORIENTED_EDGE('',*,*,#3679,.F.);
#4890=ORIENTED_EDGE('',*,*,#3683,.F.);
#4891=ORIENTED_EDGE('',*,*,#3684,.T.);
#4892=ORIENTED_EDGE('',*,*,#3685,.T.);
#4893=ORIENTED_EDGE('',*,*,#3686,.F.);
#4894=ORIENTED_EDGE('',*,*,#3687,.F.);
#4895=ORIENTED_EDGE('',*,*,#3688,.T.);
#4896=ORIENTED_EDGE('',*,*,#3689,.T.);
#4897=ORIENTED_EDGE('',*,*,#3684,.F.);
#4898=ORIENTED_EDGE('',*,*,#3690,.F.);
#4899=ORIENTED_EDGE('',*,*,#3691,.T.);
#4900=ORIENTED_EDGE('',*,*,#3692,.T.);
#4901=ORIENTED_EDGE('',*,*,#3688,.F.);
#4902=ORIENTED_EDGE('',*,*,#3693,.F.);
#4903=ORIENTED_EDGE('',*,*,#3694,.T.);
#4904=ORIENTED_EDGE('',*,*,#3695,.T.);
#4905=ORIENTED_EDGE('',*,*,#3691,.F.);
#4906=ORIENTED_EDGE('',*,*,#3696,.F.);
#4907=ORIENTED_EDGE('',*,*,#3697,.T.);
#4908=ORIENTED_EDGE('',*,*,#3698,.T.);
#4909=ORIENTED_EDGE('',*,*,#3694,.F.);
#4910=ORIENTED_EDGE('',*,*,#3699,.F.);
#4911=ORIENTED_EDGE('',*,*,#3700,.T.);
#4912=ORIENTED_EDGE('',*,*,#3701,.T.);
#4913=ORIENTED_EDGE('',*,*,#3697,.F.);
#4914=ORIENTED_EDGE('',*,*,#3702,.F.);
#4915=ORIENTED_EDGE('',*,*,#3703,.T.);
#4916=ORIENTED_EDGE('',*,*,#3704,.T.);
#4917=ORIENTED_EDGE('',*,*,#3700,.F.);
#4918=ORIENTED_EDGE('',*,*,#3705,.F.);
#4919=ORIENTED_EDGE('',*,*,#3706,.T.);
#4920=ORIENTED_EDGE('',*,*,#3707,.T.);
#4921=ORIENTED_EDGE('',*,*,#3703,.F.);
#4922=ORIENTED_EDGE('',*,*,#3708,.F.);
#4923=ORIENTED_EDGE('',*,*,#3709,.T.);
#4924=ORIENTED_EDGE('',*,*,#3710,.T.);
#4925=ORIENTED_EDGE('',*,*,#3706,.F.);
#4926=ORIENTED_EDGE('',*,*,#3711,.F.);
#4927=ORIENTED_EDGE('',*,*,#3712,.T.);
#4928=ORIENTED_EDGE('',*,*,#3713,.T.);
#4929=ORIENTED_EDGE('',*,*,#3709,.F.);
#4930=ORIENTED_EDGE('',*,*,#3714,.F.);
#4931=ORIENTED_EDGE('',*,*,#3715,.T.);
#4932=ORIENTED_EDGE('',*,*,#3716,.T.);
#4933=ORIENTED_EDGE('',*,*,#3712,.F.);
#4934=ORIENTED_EDGE('',*,*,#3717,.F.);
#4935=ORIENTED_EDGE('',*,*,#3718,.T.);
#4936=ORIENTED_EDGE('',*,*,#3719,.T.);
#4937=ORIENTED_EDGE('',*,*,#3715,.F.);
#4938=ORIENTED_EDGE('',*,*,#3720,.F.);
#4939=ORIENTED_EDGE('',*,*,#3721,.T.);
#4940=ORIENTED_EDGE('',*,*,#3722,.T.);
#4941=ORIENTED_EDGE('',*,*,#3718,.F.);
#4942=ORIENTED_EDGE('',*,*,#3723,.F.);
#4943=ORIENTED_EDGE('',*,*,#3724,.T.);
#4944=ORIENTED_EDGE('',*,*,#3725,.T.);
#4945=ORIENTED_EDGE('',*,*,#3721,.F.);
#4946=ORIENTED_EDGE('',*,*,#3726,.F.);
#4947=ORIENTED_EDGE('',*,*,#3727,.T.);
#4948=ORIENTED_EDGE('',*,*,#3728,.T.);
#4949=ORIENTED_EDGE('',*,*,#3724,.F.);
#4950=ORIENTED_EDGE('',*,*,#3729,.F.);
#4951=ORIENTED_EDGE('',*,*,#3730,.T.);
#4952=ORIENTED_EDGE('',*,*,#3731,.T.);
#4953=ORIENTED_EDGE('',*,*,#3727,.F.);
#4954=ORIENTED_EDGE('',*,*,#3732,.F.);
#4955=ORIENTED_EDGE('',*,*,#3733,.T.);
#4956=ORIENTED_EDGE('',*,*,#3734,.T.);
#4957=ORIENTED_EDGE('',*,*,#3730,.F.);
#4958=ORIENTED_EDGE('',*,*,#3735,.F.);
#4959=ORIENTED_EDGE('',*,*,#3736,.T.);
#4960=ORIENTED_EDGE('',*,*,#3737,.T.);
#4961=ORIENTED_EDGE('',*,*,#3733,.F.);
#4962=ORIENTED_EDGE('',*,*,#3738,.F.);
#4963=ORIENTED_EDGE('',*,*,#3686,.T.);
#4964=ORIENTED_EDGE('',*,*,#3739,.T.);
#4965=ORIENTED_EDGE('',*,*,#3736,.F.);
#4966=ORIENTED_EDGE('',*,*,#3739,.F.);
#4967=ORIENTED_EDGE('',*,*,#3685,.F.);
#4968=ORIENTED_EDGE('',*,*,#3689,.F.);
#4969=ORIENTED_EDGE('',*,*,#3692,.F.);
#4970=ORIENTED_EDGE('',*,*,#3695,.F.);
#4971=ORIENTED_EDGE('',*,*,#3698,.F.);
#4972=ORIENTED_EDGE('',*,*,#3701,.F.);
#4973=ORIENTED_EDGE('',*,*,#3704,.F.);
#4974=ORIENTED_EDGE('',*,*,#3707,.F.);
#4975=ORIENTED_EDGE('',*,*,#3710,.F.);
#4976=ORIENTED_EDGE('',*,*,#3713,.F.);
#4977=ORIENTED_EDGE('',*,*,#3716,.F.);
#4978=ORIENTED_EDGE('',*,*,#3719,.F.);
#4979=ORIENTED_EDGE('',*,*,#3722,.F.);
#4980=ORIENTED_EDGE('',*,*,#3725,.F.);
#4981=ORIENTED_EDGE('',*,*,#3728,.F.);
#4982=ORIENTED_EDGE('',*,*,#3731,.F.);
#4983=ORIENTED_EDGE('',*,*,#3734,.F.);
#4984=ORIENTED_EDGE('',*,*,#3737,.F.);
#4985=ORIENTED_EDGE('',*,*,#3682,.F.);
#4986=ORIENTED_EDGE('',*,*,#3664,.F.);
#4987=ORIENTED_EDGE('',*,*,#3668,.F.);
#4988=ORIENTED_EDGE('',*,*,#3671,.F.);
#4989=ORIENTED_EDGE('',*,*,#3674,.F.);
#4990=ORIENTED_EDGE('',*,*,#3677,.F.);
#4991=ORIENTED_EDGE('',*,*,#3680,.F.);
#4992=ORIENTED_EDGE('',*,*,#3740,.F.);
#4993=ORIENTED_EDGE('',*,*,#3741,.T.);
#4994=ORIENTED_EDGE('',*,*,#3742,.T.);
#4995=ORIENTED_EDGE('',*,*,#3743,.F.);
#4996=ORIENTED_EDGE('',*,*,#3744,.F.);
#4997=ORIENTED_EDGE('',*,*,#3745,.T.);
#4998=ORIENTED_EDGE('',*,*,#3746,.T.);
#4999=ORIENTED_EDGE('',*,*,#3741,.F.);
#5000=ORIENTED_EDGE('',*,*,#3747,.F.);
#5001=ORIENTED_EDGE('',*,*,#3748,.T.);
#5002=ORIENTED_EDGE('',*,*,#3749,.T.);
#5003=ORIENTED_EDGE('',*,*,#3745,.F.);
#5004=ORIENTED_EDGE('',*,*,#3750,.F.);
#5005=ORIENTED_EDGE('',*,*,#3751,.T.);
#5006=ORIENTED_EDGE('',*,*,#3752,.T.);
#5007=ORIENTED_EDGE('',*,*,#3748,.F.);
#5008=ORIENTED_EDGE('',*,*,#3753,.F.);
#5009=ORIENTED_EDGE('',*,*,#3754,.T.);
#5010=ORIENTED_EDGE('',*,*,#3755,.T.);
#5011=ORIENTED_EDGE('',*,*,#3751,.F.);
#5012=ORIENTED_EDGE('',*,*,#3756,.F.);
#5013=ORIENTED_EDGE('',*,*,#3757,.T.);
#5014=ORIENTED_EDGE('',*,*,#3758,.T.);
#5015=ORIENTED_EDGE('',*,*,#3754,.F.);
#5016=ORIENTED_EDGE('',*,*,#3759,.F.);
#5017=ORIENTED_EDGE('',*,*,#3743,.T.);
#5018=ORIENTED_EDGE('',*,*,#3760,.T.);
#5019=ORIENTED_EDGE('',*,*,#3757,.F.);
#5020=ORIENTED_EDGE('',*,*,#3761,.F.);
#5021=ORIENTED_EDGE('',*,*,#3762,.T.);
#5022=ORIENTED_EDGE('',*,*,#3763,.T.);
#5023=ORIENTED_EDGE('',*,*,#3764,.F.);
#5024=ORIENTED_EDGE('',*,*,#3765,.F.);
#5025=ORIENTED_EDGE('',*,*,#3766,.T.);
#5026=ORIENTED_EDGE('',*,*,#3767,.T.);
#5027=ORIENTED_EDGE('',*,*,#3762,.F.);
#5028=ORIENTED_EDGE('',*,*,#3768,.F.);
#5029=ORIENTED_EDGE('',*,*,#3769,.T.);
#5030=ORIENTED_EDGE('',*,*,#3770,.T.);
#5031=ORIENTED_EDGE('',*,*,#3766,.F.);
#5032=ORIENTED_EDGE('',*,*,#3771,.F.);
#5033=ORIENTED_EDGE('',*,*,#3772,.T.);
#5034=ORIENTED_EDGE('',*,*,#3773,.T.);
#5035=ORIENTED_EDGE('',*,*,#3769,.F.);
#5036=ORIENTED_EDGE('',*,*,#3774,.F.);
#5037=ORIENTED_EDGE('',*,*,#3775,.T.);
#5038=ORIENTED_EDGE('',*,*,#3776,.T.);
#5039=ORIENTED_EDGE('',*,*,#3772,.F.);
#5040=ORIENTED_EDGE('',*,*,#3777,.F.);
#5041=ORIENTED_EDGE('',*,*,#3764,.T.);
#5042=ORIENTED_EDGE('',*,*,#3778,.T.);
#5043=ORIENTED_EDGE('',*,*,#3775,.F.);
#5044=ORIENTED_EDGE('',*,*,#3779,.F.);
#5045=ORIENTED_EDGE('',*,*,#3780,.T.);
#5046=ORIENTED_EDGE('',*,*,#3781,.T.);
#5047=ORIENTED_EDGE('',*,*,#3782,.F.);
#5048=ORIENTED_EDGE('',*,*,#3783,.F.);
#5049=ORIENTED_EDGE('',*,*,#3784,.T.);
#5050=ORIENTED_EDGE('',*,*,#3785,.T.);
#5051=ORIENTED_EDGE('',*,*,#3780,.F.);
#5052=ORIENTED_EDGE('',*,*,#3786,.F.);
#5053=ORIENTED_EDGE('',*,*,#3787,.T.);
#5054=ORIENTED_EDGE('',*,*,#3788,.T.);
#5055=ORIENTED_EDGE('',*,*,#3784,.F.);
#5056=ORIENTED_EDGE('',*,*,#3789,.F.);
#5057=ORIENTED_EDGE('',*,*,#3790,.T.);
#5058=ORIENTED_EDGE('',*,*,#3791,.T.);
#5059=ORIENTED_EDGE('',*,*,#3787,.F.);
#5060=ORIENTED_EDGE('',*,*,#3792,.F.);
#5061=ORIENTED_EDGE('',*,*,#3793,.T.);
#5062=ORIENTED_EDGE('',*,*,#3794,.T.);
#5063=ORIENTED_EDGE('',*,*,#3790,.F.);
#5064=ORIENTED_EDGE('',*,*,#3795,.F.);
#5065=ORIENTED_EDGE('',*,*,#3796,.T.);
#5066=ORIENTED_EDGE('',*,*,#3797,.T.);
#5067=ORIENTED_EDGE('',*,*,#3793,.F.);
#5068=ORIENTED_EDGE('',*,*,#3798,.F.);
#5069=ORIENTED_EDGE('',*,*,#3799,.T.);
#5070=ORIENTED_EDGE('',*,*,#3800,.T.);
#5071=ORIENTED_EDGE('',*,*,#3796,.F.);
#5072=ORIENTED_EDGE('',*,*,#3801,.F.);
#5073=ORIENTED_EDGE('',*,*,#3802,.T.);
#5074=ORIENTED_EDGE('',*,*,#3803,.T.);
#5075=ORIENTED_EDGE('',*,*,#3799,.F.);
#5076=ORIENTED_EDGE('',*,*,#3804,.F.);
#5077=ORIENTED_EDGE('',*,*,#3805,.T.);
#5078=ORIENTED_EDGE('',*,*,#3806,.T.);
#5079=ORIENTED_EDGE('',*,*,#3802,.F.);
#5080=ORIENTED_EDGE('',*,*,#3807,.F.);
#5081=ORIENTED_EDGE('',*,*,#3808,.T.);
#5082=ORIENTED_EDGE('',*,*,#3809,.T.);
#5083=ORIENTED_EDGE('',*,*,#3805,.F.);
#5084=ORIENTED_EDGE('',*,*,#3810,.F.);
#5085=ORIENTED_EDGE('',*,*,#3811,.T.);
#5086=ORIENTED_EDGE('',*,*,#3812,.T.);
#5087=ORIENTED_EDGE('',*,*,#3808,.F.);
#5088=ORIENTED_EDGE('',*,*,#3813,.F.);
#5089=ORIENTED_EDGE('',*,*,#3782,.T.);
#5090=ORIENTED_EDGE('',*,*,#3814,.T.);
#5091=ORIENTED_EDGE('',*,*,#3811,.F.);
#5092=ORIENTED_EDGE('',*,*,#3814,.F.);
#5093=ORIENTED_EDGE('',*,*,#3781,.F.);
#5094=ORIENTED_EDGE('',*,*,#3785,.F.);
#5095=ORIENTED_EDGE('',*,*,#3788,.F.);
#5096=ORIENTED_EDGE('',*,*,#3791,.F.);
#5097=ORIENTED_EDGE('',*,*,#3794,.F.);
#5098=ORIENTED_EDGE('',*,*,#3797,.F.);
#5099=ORIENTED_EDGE('',*,*,#3800,.F.);
#5100=ORIENTED_EDGE('',*,*,#3803,.F.);
#5101=ORIENTED_EDGE('',*,*,#3806,.F.);
#5102=ORIENTED_EDGE('',*,*,#3809,.F.);
#5103=ORIENTED_EDGE('',*,*,#3812,.F.);
#5104=ORIENTED_EDGE('',*,*,#3778,.F.);
#5105=ORIENTED_EDGE('',*,*,#3763,.F.);
#5106=ORIENTED_EDGE('',*,*,#3767,.F.);
#5107=ORIENTED_EDGE('',*,*,#3770,.F.);
#5108=ORIENTED_EDGE('',*,*,#3773,.F.);
#5109=ORIENTED_EDGE('',*,*,#3776,.F.);
#5110=ORIENTED_EDGE('',*,*,#3760,.F.);
#5111=ORIENTED_EDGE('',*,*,#3742,.F.);
#5112=ORIENTED_EDGE('',*,*,#3746,.F.);
#5113=ORIENTED_EDGE('',*,*,#3749,.F.);
#5114=ORIENTED_EDGE('',*,*,#3752,.F.);
#5115=ORIENTED_EDGE('',*,*,#3755,.F.);
#5116=ORIENTED_EDGE('',*,*,#3758,.F.);
#5117=ORIENTED_EDGE('',*,*,#3815,.F.);
#5118=ORIENTED_EDGE('',*,*,#3816,.T.);
#5119=ORIENTED_EDGE('',*,*,#3817,.T.);
#5120=ORIENTED_EDGE('',*,*,#3818,.F.);
#5121=ORIENTED_EDGE('',*,*,#3819,.F.);
#5122=ORIENTED_EDGE('',*,*,#3820,.T.);
#5123=ORIENTED_EDGE('',*,*,#3821,.T.);
#5124=ORIENTED_EDGE('',*,*,#3816,.F.);
#5125=ORIENTED_EDGE('',*,*,#3822,.F.);
#5126=ORIENTED_EDGE('',*,*,#3823,.T.);
#5127=ORIENTED_EDGE('',*,*,#3824,.T.);
#5128=ORIENTED_EDGE('',*,*,#3820,.F.);
#5129=ORIENTED_EDGE('',*,*,#3825,.F.);
#5130=ORIENTED_EDGE('',*,*,#3826,.T.);
#5131=ORIENTED_EDGE('',*,*,#3827,.T.);
#5132=ORIENTED_EDGE('',*,*,#3823,.F.);
#5133=ORIENTED_EDGE('',*,*,#3828,.F.);
#5134=ORIENTED_EDGE('',*,*,#3829,.T.);
#5135=ORIENTED_EDGE('',*,*,#3830,.T.);
#5136=ORIENTED_EDGE('',*,*,#3826,.F.);
#5137=ORIENTED_EDGE('',*,*,#3831,.F.);
#5138=ORIENTED_EDGE('',*,*,#3832,.T.);
#5139=ORIENTED_EDGE('',*,*,#3833,.T.);
#5140=ORIENTED_EDGE('',*,*,#3829,.F.);
#5141=ORIENTED_EDGE('',*,*,#3834,.F.);
#5142=ORIENTED_EDGE('',*,*,#3835,.T.);
#5143=ORIENTED_EDGE('',*,*,#3836,.T.);
#5144=ORIENTED_EDGE('',*,*,#3832,.F.);
#5145=ORIENTED_EDGE('',*,*,#3837,.F.);
#5146=ORIENTED_EDGE('',*,*,#3818,.T.);
#5147=ORIENTED_EDGE('',*,*,#3838,.T.);
#5148=ORIENTED_EDGE('',*,*,#3835,.F.);
#5149=ORIENTED_EDGE('',*,*,#3839,.F.);
#5150=ORIENTED_EDGE('',*,*,#3840,.T.);
#5151=ORIENTED_EDGE('',*,*,#3841,.T.);
#5152=ORIENTED_EDGE('',*,*,#3842,.F.);
#5153=ORIENTED_EDGE('',*,*,#3843,.F.);
#5154=ORIENTED_EDGE('',*,*,#3844,.T.);
#5155=ORIENTED_EDGE('',*,*,#3845,.T.);
#5156=ORIENTED_EDGE('',*,*,#3840,.F.);
#5157=ORIENTED_EDGE('',*,*,#3846,.F.);
#5158=ORIENTED_EDGE('',*,*,#3847,.T.);
#5159=ORIENTED_EDGE('',*,*,#3848,.T.);
#5160=ORIENTED_EDGE('',*,*,#3844,.F.);
#5161=ORIENTED_EDGE('',*,*,#3849,.F.);
#5162=ORIENTED_EDGE('',*,*,#3850,.T.);
#5163=ORIENTED_EDGE('',*,*,#3851,.T.);
#5164=ORIENTED_EDGE('',*,*,#3847,.F.);
#5165=ORIENTED_EDGE('',*,*,#3852,.F.);
#5166=ORIENTED_EDGE('',*,*,#3853,.T.);
#5167=ORIENTED_EDGE('',*,*,#3854,.T.);
#5168=ORIENTED_EDGE('',*,*,#3850,.F.);
#5169=ORIENTED_EDGE('',*,*,#3855,.F.);
#5170=ORIENTED_EDGE('',*,*,#3856,.T.);
#5171=ORIENTED_EDGE('',*,*,#3857,.T.);
#5172=ORIENTED_EDGE('',*,*,#3853,.F.);
#5173=ORIENTED_EDGE('',*,*,#3858,.F.);
#5174=ORIENTED_EDGE('',*,*,#3859,.T.);
#5175=ORIENTED_EDGE('',*,*,#3860,.T.);
#5176=ORIENTED_EDGE('',*,*,#3856,.F.);
#5177=ORIENTED_EDGE('',*,*,#3861,.F.);
#5178=ORIENTED_EDGE('',*,*,#3862,.T.);
#5179=ORIENTED_EDGE('',*,*,#3863,.T.);
#5180=ORIENTED_EDGE('',*,*,#3859,.F.);
#5181=ORIENTED_EDGE('',*,*,#3864,.F.);
#5182=ORIENTED_EDGE('',*,*,#3865,.T.);
#5183=ORIENTED_EDGE('',*,*,#3866,.T.);
#5184=ORIENTED_EDGE('',*,*,#3862,.F.);
#5185=ORIENTED_EDGE('',*,*,#3867,.F.);
#5186=ORIENTED_EDGE('',*,*,#3868,.T.);
#5187=ORIENTED_EDGE('',*,*,#3869,.T.);
#5188=ORIENTED_EDGE('',*,*,#3865,.F.);
#5189=ORIENTED_EDGE('',*,*,#3870,.F.);
#5190=ORIENTED_EDGE('',*,*,#3871,.T.);
#5191=ORIENTED_EDGE('',*,*,#3872,.T.);
#5192=ORIENTED_EDGE('',*,*,#3868,.F.);
#5193=ORIENTED_EDGE('',*,*,#3873,.F.);
#5194=ORIENTED_EDGE('',*,*,#3874,.T.);
#5195=ORIENTED_EDGE('',*,*,#3875,.T.);
#5196=ORIENTED_EDGE('',*,*,#3871,.F.);
#5197=ORIENTED_EDGE('',*,*,#3876,.F.);
#5198=ORIENTED_EDGE('',*,*,#3877,.T.);
#5199=ORIENTED_EDGE('',*,*,#3878,.T.);
#5200=ORIENTED_EDGE('',*,*,#3874,.F.);
#5201=ORIENTED_EDGE('',*,*,#3879,.F.);
#5202=ORIENTED_EDGE('',*,*,#3842,.T.);
#5203=ORIENTED_EDGE('',*,*,#3880,.T.);
#5204=ORIENTED_EDGE('',*,*,#3877,.F.);
#5205=ORIENTED_EDGE('',*,*,#3880,.F.);
#5206=ORIENTED_EDGE('',*,*,#3841,.F.);
#5207=ORIENTED_EDGE('',*,*,#3845,.F.);
#5208=ORIENTED_EDGE('',*,*,#3848,.F.);
#5209=ORIENTED_EDGE('',*,*,#3851,.F.);
#5210=ORIENTED_EDGE('',*,*,#3854,.F.);
#5211=ORIENTED_EDGE('',*,*,#3857,.F.);
#5212=ORIENTED_EDGE('',*,*,#3860,.F.);
#5213=ORIENTED_EDGE('',*,*,#3863,.F.);
#5214=ORIENTED_EDGE('',*,*,#3866,.F.);
#5215=ORIENTED_EDGE('',*,*,#3869,.F.);
#5216=ORIENTED_EDGE('',*,*,#3872,.F.);
#5217=ORIENTED_EDGE('',*,*,#3875,.F.);
#5218=ORIENTED_EDGE('',*,*,#3878,.F.);
#5219=ORIENTED_EDGE('',*,*,#3838,.F.);
#5220=ORIENTED_EDGE('',*,*,#3817,.F.);
#5221=ORIENTED_EDGE('',*,*,#3821,.F.);
#5222=ORIENTED_EDGE('',*,*,#3824,.F.);
#5223=ORIENTED_EDGE('',*,*,#3827,.F.);
#5224=ORIENTED_EDGE('',*,*,#3830,.F.);
#5225=ORIENTED_EDGE('',*,*,#3833,.F.);
#5226=ORIENTED_EDGE('',*,*,#3836,.F.);
#5227=ORIENTED_EDGE('',*,*,#3881,.F.);
#5228=ORIENTED_EDGE('',*,*,#3882,.T.);
#5229=ORIENTED_EDGE('',*,*,#3883,.T.);
#5230=ORIENTED_EDGE('',*,*,#3884,.F.);
#5231=ORIENTED_EDGE('',*,*,#3885,.F.);
#5232=ORIENTED_EDGE('',*,*,#3886,.T.);
#5233=ORIENTED_EDGE('',*,*,#3887,.T.);
#5234=ORIENTED_EDGE('',*,*,#3882,.F.);
#5235=ORIENTED_EDGE('',*,*,#3888,.F.);
#5236=ORIENTED_EDGE('',*,*,#3889,.T.);
#5237=ORIENTED_EDGE('',*,*,#3890,.T.);
#5238=ORIENTED_EDGE('',*,*,#3886,.F.);
#5239=ORIENTED_EDGE('',*,*,#3891,.F.);
#5240=ORIENTED_EDGE('',*,*,#3884,.T.);
#5241=ORIENTED_EDGE('',*,*,#3892,.T.);
#5242=ORIENTED_EDGE('',*,*,#3889,.F.);
#5243=ORIENTED_EDGE('',*,*,#3892,.F.);
#5244=ORIENTED_EDGE('',*,*,#3883,.F.);
#5245=ORIENTED_EDGE('',*,*,#3887,.F.);
#5246=ORIENTED_EDGE('',*,*,#3890,.F.);
#5247=ORIENTED_EDGE('',*,*,#3893,.F.);
#5248=ORIENTED_EDGE('',*,*,#3894,.T.);
#5249=ORIENTED_EDGE('',*,*,#3895,.T.);
#5250=ORIENTED_EDGE('',*,*,#3896,.F.);
#5251=ORIENTED_EDGE('',*,*,#3897,.F.);
#5252=ORIENTED_EDGE('',*,*,#3898,.T.);
#5253=ORIENTED_EDGE('',*,*,#3899,.T.);
#5254=ORIENTED_EDGE('',*,*,#3894,.F.);
#5255=ORIENTED_EDGE('',*,*,#3900,.F.);
#5256=ORIENTED_EDGE('',*,*,#3901,.T.);
#5257=ORIENTED_EDGE('',*,*,#3902,.T.);
#5258=ORIENTED_EDGE('',*,*,#3898,.F.);
#5259=ORIENTED_EDGE('',*,*,#3903,.F.);
#5260=ORIENTED_EDGE('',*,*,#3904,.T.);
#5261=ORIENTED_EDGE('',*,*,#3905,.T.);
#5262=ORIENTED_EDGE('',*,*,#3901,.F.);
#5263=ORIENTED_EDGE('',*,*,#3906,.F.);
#5264=ORIENTED_EDGE('',*,*,#3907,.T.);
#5265=ORIENTED_EDGE('',*,*,#3908,.T.);
#5266=ORIENTED_EDGE('',*,*,#3904,.F.);
#5267=ORIENTED_EDGE('',*,*,#3909,.F.);
#5268=ORIENTED_EDGE('',*,*,#3896,.T.);
#5269=ORIENTED_EDGE('',*,*,#3910,.T.);
#5270=ORIENTED_EDGE('',*,*,#3907,.F.);
#5271=ORIENTED_EDGE('',*,*,#3911,.F.);
#5272=ORIENTED_EDGE('',*,*,#3912,.T.);
#5273=ORIENTED_EDGE('',*,*,#3913,.T.);
#5274=ORIENTED_EDGE('',*,*,#3914,.F.);
#5275=ORIENTED_EDGE('',*,*,#3915,.F.);
#5276=ORIENTED_EDGE('',*,*,#3916,.T.);
#5277=ORIENTED_EDGE('',*,*,#3917,.T.);
#5278=ORIENTED_EDGE('',*,*,#3912,.F.);
#5279=ORIENTED_EDGE('',*,*,#3918,.F.);
#5280=ORIENTED_EDGE('',*,*,#3919,.T.);
#5281=ORIENTED_EDGE('',*,*,#3920,.T.);
#5282=ORIENTED_EDGE('',*,*,#3916,.F.);
#5283=ORIENTED_EDGE('',*,*,#3921,.F.);
#5284=ORIENTED_EDGE('',*,*,#3922,.T.);
#5285=ORIENTED_EDGE('',*,*,#3923,.T.);
#5286=ORIENTED_EDGE('',*,*,#3919,.F.);
#5287=ORIENTED_EDGE('',*,*,#3924,.F.);
#5288=ORIENTED_EDGE('',*,*,#3925,.T.);
#5289=ORIENTED_EDGE('',*,*,#3926,.T.);
#5290=ORIENTED_EDGE('',*,*,#3922,.F.);
#5291=ORIENTED_EDGE('',*,*,#3927,.F.);
#5292=ORIENTED_EDGE('',*,*,#3928,.T.);
#5293=ORIENTED_EDGE('',*,*,#3929,.T.);
#5294=ORIENTED_EDGE('',*,*,#3925,.F.);
#5295=ORIENTED_EDGE('',*,*,#3930,.F.);
#5296=ORIENTED_EDGE('',*,*,#3931,.T.);
#5297=ORIENTED_EDGE('',*,*,#3932,.T.);
#5298=ORIENTED_EDGE('',*,*,#3928,.F.);
#5299=ORIENTED_EDGE('',*,*,#3933,.F.);
#5300=ORIENTED_EDGE('',*,*,#3934,.T.);
#5301=ORIENTED_EDGE('',*,*,#3935,.T.);
#5302=ORIENTED_EDGE('',*,*,#3931,.F.);
#5303=ORIENTED_EDGE('',*,*,#3936,.F.);
#5304=ORIENTED_EDGE('',*,*,#3937,.T.);
#5305=ORIENTED_EDGE('',*,*,#3938,.T.);
#5306=ORIENTED_EDGE('',*,*,#3934,.F.);
#5307=ORIENTED_EDGE('',*,*,#3939,.F.);
#5308=ORIENTED_EDGE('',*,*,#3940,.T.);
#5309=ORIENTED_EDGE('',*,*,#3941,.T.);
#5310=ORIENTED_EDGE('',*,*,#3937,.F.);
#5311=ORIENTED_EDGE('',*,*,#3942,.F.);
#5312=ORIENTED_EDGE('',*,*,#3943,.T.);
#5313=ORIENTED_EDGE('',*,*,#3944,.T.);
#5314=ORIENTED_EDGE('',*,*,#3940,.F.);
#5315=ORIENTED_EDGE('',*,*,#3945,.F.);
#5316=ORIENTED_EDGE('',*,*,#3946,.T.);
#5317=ORIENTED_EDGE('',*,*,#3947,.T.);
#5318=ORIENTED_EDGE('',*,*,#3943,.F.);
#5319=ORIENTED_EDGE('',*,*,#3948,.F.);
#5320=ORIENTED_EDGE('',*,*,#3949,.T.);
#5321=ORIENTED_EDGE('',*,*,#3950,.T.);
#5322=ORIENTED_EDGE('',*,*,#3946,.F.);
#5323=ORIENTED_EDGE('',*,*,#3951,.F.);
#5324=ORIENTED_EDGE('',*,*,#3914,.T.);
#5325=ORIENTED_EDGE('',*,*,#3952,.T.);
#5326=ORIENTED_EDGE('',*,*,#3949,.F.);
#5327=ORIENTED_EDGE('',*,*,#3952,.F.);
#5328=ORIENTED_EDGE('',*,*,#3913,.F.);
#5329=ORIENTED_EDGE('',*,*,#3917,.F.);
#5330=ORIENTED_EDGE('',*,*,#3920,.F.);
#5331=ORIENTED_EDGE('',*,*,#3923,.F.);
#5332=ORIENTED_EDGE('',*,*,#3926,.F.);
#5333=ORIENTED_EDGE('',*,*,#3929,.F.);
#5334=ORIENTED_EDGE('',*,*,#3932,.F.);
#5335=ORIENTED_EDGE('',*,*,#3935,.F.);
#5336=ORIENTED_EDGE('',*,*,#3938,.F.);
#5337=ORIENTED_EDGE('',*,*,#3941,.F.);
#5338=ORIENTED_EDGE('',*,*,#3944,.F.);
#5339=ORIENTED_EDGE('',*,*,#3947,.F.);
#5340=ORIENTED_EDGE('',*,*,#3950,.F.);
#5341=ORIENTED_EDGE('',*,*,#3910,.F.);
#5342=ORIENTED_EDGE('',*,*,#3895,.F.);
#5343=ORIENTED_EDGE('',*,*,#3899,.F.);
#5344=ORIENTED_EDGE('',*,*,#3902,.F.);
#5345=ORIENTED_EDGE('',*,*,#3905,.F.);
#5346=ORIENTED_EDGE('',*,*,#3908,.F.);
#5347=ORIENTED_EDGE('',*,*,#3893,.T.);
#5348=ORIENTED_EDGE('',*,*,#3909,.T.);
#5349=ORIENTED_EDGE('',*,*,#3906,.T.);
#5350=ORIENTED_EDGE('',*,*,#3903,.T.);
#5351=ORIENTED_EDGE('',*,*,#3900,.T.);
#5352=ORIENTED_EDGE('',*,*,#3897,.T.);
#5353=ORIENTED_EDGE('',*,*,#3815,.T.);
#5354=ORIENTED_EDGE('',*,*,#3837,.T.);
#5355=ORIENTED_EDGE('',*,*,#3834,.T.);
#5356=ORIENTED_EDGE('',*,*,#3831,.T.);
#5357=ORIENTED_EDGE('',*,*,#3828,.T.);
#5358=ORIENTED_EDGE('',*,*,#3825,.T.);
#5359=ORIENTED_EDGE('',*,*,#3822,.T.);
#5360=ORIENTED_EDGE('',*,*,#3819,.T.);
#5361=ORIENTED_EDGE('',*,*,#3761,.T.);
#5362=ORIENTED_EDGE('',*,*,#3777,.T.);
#5363=ORIENTED_EDGE('',*,*,#3774,.T.);
#5364=ORIENTED_EDGE('',*,*,#3771,.T.);
#5365=ORIENTED_EDGE('',*,*,#3768,.T.);
#5366=ORIENTED_EDGE('',*,*,#3765,.T.);
#5367=ORIENTED_EDGE('',*,*,#3740,.T.);
#5368=ORIENTED_EDGE('',*,*,#3759,.T.);
#5369=ORIENTED_EDGE('',*,*,#3756,.T.);
#5370=ORIENTED_EDGE('',*,*,#3753,.T.);
#5371=ORIENTED_EDGE('',*,*,#3750,.T.);
#5372=ORIENTED_EDGE('',*,*,#3747,.T.);
#5373=ORIENTED_EDGE('',*,*,#3744,.T.);
#5374=ORIENTED_EDGE('',*,*,#3662,.T.);
#5375=ORIENTED_EDGE('',*,*,#3681,.T.);
#5376=ORIENTED_EDGE('',*,*,#3678,.T.);
#5377=ORIENTED_EDGE('',*,*,#3675,.T.);
#5378=ORIENTED_EDGE('',*,*,#3672,.T.);
#5379=ORIENTED_EDGE('',*,*,#3669,.T.);
#5380=ORIENTED_EDGE('',*,*,#3666,.T.);
#5381=ORIENTED_EDGE('',*,*,#3371,.T.);
#5382=ORIENTED_EDGE('',*,*,#3378,.T.);
#5383=ORIENTED_EDGE('',*,*,#3375,.T.);
#5384=ORIENTED_EDGE('',*,*,#3953,.F.);
#5385=ORIENTED_EDGE('',*,*,#3954,.T.);
#5386=ORIENTED_EDGE('',*,*,#3955,.T.);
#5387=ORIENTED_EDGE('',*,*,#3956,.F.);
#5388=ORIENTED_EDGE('',*,*,#3957,.F.);
#5389=ORIENTED_EDGE('',*,*,#3958,.T.);
#5390=ORIENTED_EDGE('',*,*,#3959,.T.);
#5391=ORIENTED_EDGE('',*,*,#3954,.F.);
#5392=ORIENTED_EDGE('',*,*,#3960,.F.);
#5393=ORIENTED_EDGE('',*,*,#3961,.T.);
#5394=ORIENTED_EDGE('',*,*,#3962,.T.);
#5395=ORIENTED_EDGE('',*,*,#3958,.F.);
#5396=ORIENTED_EDGE('',*,*,#3963,.F.);
#5397=ORIENTED_EDGE('',*,*,#3964,.T.);
#5398=ORIENTED_EDGE('',*,*,#3965,.T.);
#5399=ORIENTED_EDGE('',*,*,#3961,.F.);
#5400=ORIENTED_EDGE('',*,*,#3966,.F.);
#5401=ORIENTED_EDGE('',*,*,#3967,.T.);
#5402=ORIENTED_EDGE('',*,*,#3968,.T.);
#5403=ORIENTED_EDGE('',*,*,#3964,.F.);
#5404=ORIENTED_EDGE('',*,*,#3969,.F.);
#5405=ORIENTED_EDGE('',*,*,#3970,.T.);
#5406=ORIENTED_EDGE('',*,*,#3971,.T.);
#5407=ORIENTED_EDGE('',*,*,#3967,.F.);
#5408=ORIENTED_EDGE('',*,*,#3972,.F.);
#5409=ORIENTED_EDGE('',*,*,#3973,.T.);
#5410=ORIENTED_EDGE('',*,*,#3970,.F.);
#5411=ORIENTED_EDGE('',*,*,#3974,.F.);
#5412=ORIENTED_EDGE('',*,*,#3975,.F.);
#5413=ORIENTED_EDGE('',*,*,#3976,.F.);
#5414=ORIENTED_EDGE('',*,*,#3977,.T.);
#5415=ORIENTED_EDGE('',*,*,#3978,.T.);
#5416=ORIENTED_EDGE('',*,*,#3979,.F.);
#5417=ORIENTED_EDGE('',*,*,#3980,.T.);
#5418=ORIENTED_EDGE('',*,*,#3981,.T.);
#5419=ORIENTED_EDGE('',*,*,#3977,.F.);
#5420=ORIENTED_EDGE('',*,*,#3982,.F.);
#5421=ORIENTED_EDGE('',*,*,#3983,.T.);
#5422=ORIENTED_EDGE('',*,*,#3984,.T.);
#5423=ORIENTED_EDGE('',*,*,#3980,.F.);
#5424=ORIENTED_EDGE('',*,*,#3985,.F.);
#5425=ORIENTED_EDGE('',*,*,#3986,.T.);
#5426=ORIENTED_EDGE('',*,*,#3987,.T.);
#5427=ORIENTED_EDGE('',*,*,#3983,.F.);
#5428=ORIENTED_EDGE('',*,*,#3988,.F.);
#5429=ORIENTED_EDGE('',*,*,#3989,.T.);
#5430=ORIENTED_EDGE('',*,*,#3990,.T.);
#5431=ORIENTED_EDGE('',*,*,#3986,.F.);
#5432=ORIENTED_EDGE('',*,*,#3991,.F.);
#5433=ORIENTED_EDGE('',*,*,#3992,.T.);
#5434=ORIENTED_EDGE('',*,*,#3993,.T.);
#5435=ORIENTED_EDGE('',*,*,#3989,.F.);
#5436=ORIENTED_EDGE('',*,*,#3994,.F.);
#5437=ORIENTED_EDGE('',*,*,#3995,.T.);
#5438=ORIENTED_EDGE('',*,*,#3996,.T.);
#5439=ORIENTED_EDGE('',*,*,#3992,.F.);
#5440=ORIENTED_EDGE('',*,*,#3997,.F.);
#5441=ORIENTED_EDGE('',*,*,#3998,.T.);
#5442=ORIENTED_EDGE('',*,*,#3999,.T.);
#5443=ORIENTED_EDGE('',*,*,#3995,.F.);
#5444=ORIENTED_EDGE('',*,*,#4000,.F.);
#5445=ORIENTED_EDGE('',*,*,#4001,.T.);
#5446=ORIENTED_EDGE('',*,*,#4002,.T.);
#5447=ORIENTED_EDGE('',*,*,#3998,.F.);
#5448=ORIENTED_EDGE('',*,*,#4003,.F.);
#5449=ORIENTED_EDGE('',*,*,#4004,.T.);
#5450=ORIENTED_EDGE('',*,*,#4005,.T.);
#5451=ORIENTED_EDGE('',*,*,#4001,.F.);
#5452=ORIENTED_EDGE('',*,*,#4006,.F.);
#5453=ORIENTED_EDGE('',*,*,#4007,.T.);
#5454=ORIENTED_EDGE('',*,*,#4008,.T.);
#5455=ORIENTED_EDGE('',*,*,#4004,.F.);
#5456=ORIENTED_EDGE('',*,*,#4009,.F.);
#5457=ORIENTED_EDGE('',*,*,#4010,.T.);
#5458=ORIENTED_EDGE('',*,*,#4011,.T.);
#5459=ORIENTED_EDGE('',*,*,#4007,.F.);
#5460=ORIENTED_EDGE('',*,*,#4012,.F.);
#5461=ORIENTED_EDGE('',*,*,#4013,.T.);
#5462=ORIENTED_EDGE('',*,*,#4014,.T.);
#5463=ORIENTED_EDGE('',*,*,#4010,.F.);
#5464=ORIENTED_EDGE('',*,*,#4015,.F.);
#5465=ORIENTED_EDGE('',*,*,#3956,.T.);
#5466=ORIENTED_EDGE('',*,*,#4016,.T.);
#5467=ORIENTED_EDGE('',*,*,#4013,.F.);
#5468=ORIENTED_EDGE('',*,*,#4017,.F.);
#5469=ORIENTED_EDGE('',*,*,#3978,.F.);
#5470=ORIENTED_EDGE('',*,*,#3981,.F.);
#5471=ORIENTED_EDGE('',*,*,#3984,.F.);
#5472=ORIENTED_EDGE('',*,*,#3987,.F.);
#5473=ORIENTED_EDGE('',*,*,#3990,.F.);
#5474=ORIENTED_EDGE('',*,*,#3993,.F.);
#5475=ORIENTED_EDGE('',*,*,#3996,.F.);
#5476=ORIENTED_EDGE('',*,*,#3999,.F.);
#5477=ORIENTED_EDGE('',*,*,#4002,.F.);
#5478=ORIENTED_EDGE('',*,*,#4005,.F.);
#5479=ORIENTED_EDGE('',*,*,#4008,.F.);
#5480=ORIENTED_EDGE('',*,*,#4011,.F.);
#5481=ORIENTED_EDGE('',*,*,#4014,.F.);
#5482=ORIENTED_EDGE('',*,*,#4016,.F.);
#5483=ORIENTED_EDGE('',*,*,#3955,.F.);
#5484=ORIENTED_EDGE('',*,*,#3959,.F.);
#5485=ORIENTED_EDGE('',*,*,#3962,.F.);
#5486=ORIENTED_EDGE('',*,*,#3965,.F.);
#5487=ORIENTED_EDGE('',*,*,#3968,.F.);
#5488=ORIENTED_EDGE('',*,*,#3971,.F.);
#5489=ORIENTED_EDGE('',*,*,#3973,.F.);
#5490=ORIENTED_EDGE('',*,*,#4018,.F.);
#5491=ORIENTED_EDGE('',*,*,#4019,.T.);
#5492=ORIENTED_EDGE('',*,*,#4020,.T.);
#5493=ORIENTED_EDGE('',*,*,#4021,.F.);
#5494=ORIENTED_EDGE('',*,*,#4022,.F.);
#5495=ORIENTED_EDGE('',*,*,#4023,.T.);
#5496=ORIENTED_EDGE('',*,*,#4024,.T.);
#5497=ORIENTED_EDGE('',*,*,#4019,.F.);
#5498=ORIENTED_EDGE('',*,*,#4025,.F.);
#5499=ORIENTED_EDGE('',*,*,#4026,.T.);
#5500=ORIENTED_EDGE('',*,*,#4027,.T.);
#5501=ORIENTED_EDGE('',*,*,#4023,.F.);
#5502=ORIENTED_EDGE('',*,*,#4028,.F.);
#5503=ORIENTED_EDGE('',*,*,#4029,.T.);
#5504=ORIENTED_EDGE('',*,*,#4030,.T.);
#5505=ORIENTED_EDGE('',*,*,#4026,.F.);
#5506=ORIENTED_EDGE('',*,*,#4031,.F.);
#5507=ORIENTED_EDGE('',*,*,#4032,.T.);
#5508=ORIENTED_EDGE('',*,*,#4033,.T.);
#5509=ORIENTED_EDGE('',*,*,#4029,.F.);
#5510=ORIENTED_EDGE('',*,*,#4034,.F.);
#5511=ORIENTED_EDGE('',*,*,#4035,.T.);
#5512=ORIENTED_EDGE('',*,*,#4036,.T.);
#5513=ORIENTED_EDGE('',*,*,#4032,.F.);
#5514=ORIENTED_EDGE('',*,*,#4037,.F.);
#5515=ORIENTED_EDGE('',*,*,#4038,.T.);
#5516=ORIENTED_EDGE('',*,*,#4039,.T.);
#5517=ORIENTED_EDGE('',*,*,#4035,.F.);
#5518=ORIENTED_EDGE('',*,*,#4040,.F.);
#5519=ORIENTED_EDGE('',*,*,#4041,.T.);
#5520=ORIENTED_EDGE('',*,*,#4038,.F.);
#5521=ORIENTED_EDGE('',*,*,#4042,.F.);
#5522=ORIENTED_EDGE('',*,*,#4043,.F.);
#5523=ORIENTED_EDGE('',*,*,#4044,.F.);
#5524=ORIENTED_EDGE('',*,*,#4045,.T.);
#5525=ORIENTED_EDGE('',*,*,#4046,.T.);
#5526=ORIENTED_EDGE('',*,*,#4047,.F.);
#5527=ORIENTED_EDGE('',*,*,#4048,.T.);
#5528=ORIENTED_EDGE('',*,*,#4049,.T.);
#5529=ORIENTED_EDGE('',*,*,#4045,.F.);
#5530=ORIENTED_EDGE('',*,*,#4050,.F.);
#5531=ORIENTED_EDGE('',*,*,#4051,.T.);
#5532=ORIENTED_EDGE('',*,*,#4052,.T.);
#5533=ORIENTED_EDGE('',*,*,#4048,.F.);
#5534=ORIENTED_EDGE('',*,*,#4053,.F.);
#5535=ORIENTED_EDGE('',*,*,#4054,.T.);
#5536=ORIENTED_EDGE('',*,*,#4055,.T.);
#5537=ORIENTED_EDGE('',*,*,#4051,.F.);
#5538=ORIENTED_EDGE('',*,*,#4056,.F.);
#5539=ORIENTED_EDGE('',*,*,#4057,.T.);
#5540=ORIENTED_EDGE('',*,*,#4058,.T.);
#5541=ORIENTED_EDGE('',*,*,#4054,.F.);
#5542=ORIENTED_EDGE('',*,*,#4059,.F.);
#5543=ORIENTED_EDGE('',*,*,#4060,.T.);
#5544=ORIENTED_EDGE('',*,*,#4061,.T.);
#5545=ORIENTED_EDGE('',*,*,#4057,.F.);
#5546=ORIENTED_EDGE('',*,*,#4062,.F.);
#5547=ORIENTED_EDGE('',*,*,#4063,.T.);
#5548=ORIENTED_EDGE('',*,*,#4064,.T.);
#5549=ORIENTED_EDGE('',*,*,#4060,.F.);
#5550=ORIENTED_EDGE('',*,*,#4065,.F.);
#5551=ORIENTED_EDGE('',*,*,#4066,.T.);
#5552=ORIENTED_EDGE('',*,*,#4067,.T.);
#5553=ORIENTED_EDGE('',*,*,#4063,.F.);
#5554=ORIENTED_EDGE('',*,*,#4068,.F.);
#5555=ORIENTED_EDGE('',*,*,#4069,.T.);
#5556=ORIENTED_EDGE('',*,*,#4070,.T.);
#5557=ORIENTED_EDGE('',*,*,#4066,.F.);
#5558=ORIENTED_EDGE('',*,*,#4071,.F.);
#5559=ORIENTED_EDGE('',*,*,#4072,.T.);
#5560=ORIENTED_EDGE('',*,*,#4073,.T.);
#5561=ORIENTED_EDGE('',*,*,#4069,.F.);
#5562=ORIENTED_EDGE('',*,*,#4074,.F.);
#5563=ORIENTED_EDGE('',*,*,#4075,.T.);
#5564=ORIENTED_EDGE('',*,*,#4076,.T.);
#5565=ORIENTED_EDGE('',*,*,#4072,.F.);
#5566=ORIENTED_EDGE('',*,*,#4077,.F.);
#5567=ORIENTED_EDGE('',*,*,#4078,.T.);
#5568=ORIENTED_EDGE('',*,*,#4079,.T.);
#5569=ORIENTED_EDGE('',*,*,#4075,.F.);
#5570=ORIENTED_EDGE('',*,*,#4080,.F.);
#5571=ORIENTED_EDGE('',*,*,#4081,.T.);
#5572=ORIENTED_EDGE('',*,*,#4082,.T.);
#5573=ORIENTED_EDGE('',*,*,#4078,.F.);
#5574=ORIENTED_EDGE('',*,*,#4083,.F.);
#5575=ORIENTED_EDGE('',*,*,#4084,.T.);
#5576=ORIENTED_EDGE('',*,*,#4085,.T.);
#5577=ORIENTED_EDGE('',*,*,#4081,.F.);
#5578=ORIENTED_EDGE('',*,*,#4086,.F.);
#5579=ORIENTED_EDGE('',*,*,#4087,.T.);
#5580=ORIENTED_EDGE('',*,*,#4088,.T.);
#5581=ORIENTED_EDGE('',*,*,#4084,.F.);
#5582=ORIENTED_EDGE('',*,*,#4089,.F.);
#5583=ORIENTED_EDGE('',*,*,#4090,.T.);
#5584=ORIENTED_EDGE('',*,*,#4091,.T.);
#5585=ORIENTED_EDGE('',*,*,#4087,.F.);
#5586=ORIENTED_EDGE('',*,*,#4092,.F.);
#5587=ORIENTED_EDGE('',*,*,#4093,.T.);
#5588=ORIENTED_EDGE('',*,*,#4094,.T.);
#5589=ORIENTED_EDGE('',*,*,#4090,.F.);
#5590=ORIENTED_EDGE('',*,*,#4095,.F.);
#5591=ORIENTED_EDGE('',*,*,#4096,.T.);
#5592=ORIENTED_EDGE('',*,*,#4097,.T.);
#5593=ORIENTED_EDGE('',*,*,#4093,.F.);
#5594=ORIENTED_EDGE('',*,*,#4098,.F.);
#5595=ORIENTED_EDGE('',*,*,#4099,.T.);
#5596=ORIENTED_EDGE('',*,*,#4100,.T.);
#5597=ORIENTED_EDGE('',*,*,#4096,.F.);
#5598=ORIENTED_EDGE('',*,*,#4101,.F.);
#5599=ORIENTED_EDGE('',*,*,#4021,.T.);
#5600=ORIENTED_EDGE('',*,*,#4102,.T.);
#5601=ORIENTED_EDGE('',*,*,#4099,.F.);
#5602=ORIENTED_EDGE('',*,*,#4103,.F.);
#5603=ORIENTED_EDGE('',*,*,#4046,.F.);
#5604=ORIENTED_EDGE('',*,*,#4049,.F.);
#5605=ORIENTED_EDGE('',*,*,#4052,.F.);
#5606=ORIENTED_EDGE('',*,*,#4055,.F.);
#5607=ORIENTED_EDGE('',*,*,#4058,.F.);
#5608=ORIENTED_EDGE('',*,*,#4061,.F.);
#5609=ORIENTED_EDGE('',*,*,#4064,.F.);
#5610=ORIENTED_EDGE('',*,*,#4067,.F.);
#5611=ORIENTED_EDGE('',*,*,#4070,.F.);
#5612=ORIENTED_EDGE('',*,*,#4073,.F.);
#5613=ORIENTED_EDGE('',*,*,#4076,.F.);
#5614=ORIENTED_EDGE('',*,*,#4079,.F.);
#5615=ORIENTED_EDGE('',*,*,#4082,.F.);
#5616=ORIENTED_EDGE('',*,*,#4085,.F.);
#5617=ORIENTED_EDGE('',*,*,#4088,.F.);
#5618=ORIENTED_EDGE('',*,*,#4091,.F.);
#5619=ORIENTED_EDGE('',*,*,#4094,.F.);
#5620=ORIENTED_EDGE('',*,*,#4097,.F.);
#5621=ORIENTED_EDGE('',*,*,#4100,.F.);
#5622=ORIENTED_EDGE('',*,*,#4102,.F.);
#5623=ORIENTED_EDGE('',*,*,#4020,.F.);
#5624=ORIENTED_EDGE('',*,*,#4024,.F.);
#5625=ORIENTED_EDGE('',*,*,#4027,.F.);
#5626=ORIENTED_EDGE('',*,*,#4030,.F.);
#5627=ORIENTED_EDGE('',*,*,#4033,.F.);
#5628=ORIENTED_EDGE('',*,*,#4036,.F.);
#5629=ORIENTED_EDGE('',*,*,#4039,.F.);
#5630=ORIENTED_EDGE('',*,*,#4041,.F.);
#5631=ORIENTED_EDGE('',*,*,#4104,.F.);
#5632=ORIENTED_EDGE('',*,*,#4105,.T.);
#5633=ORIENTED_EDGE('',*,*,#4106,.T.);
#5634=ORIENTED_EDGE('',*,*,#4107,.F.);
#5635=ORIENTED_EDGE('',*,*,#4108,.F.);
#5636=ORIENTED_EDGE('',*,*,#4109,.T.);
#5637=ORIENTED_EDGE('',*,*,#4110,.T.);
#5638=ORIENTED_EDGE('',*,*,#4105,.F.);
#5639=ORIENTED_EDGE('',*,*,#4111,.F.);
#5640=ORIENTED_EDGE('',*,*,#4107,.T.);
#5641=ORIENTED_EDGE('',*,*,#4112,.T.);
#5642=ORIENTED_EDGE('',*,*,#4109,.F.);
#5643=ORIENTED_EDGE('',*,*,#4113,.F.);
#5644=ORIENTED_EDGE('',*,*,#3367,.T.);
#5645=ORIENTED_EDGE('',*,*,#4114,.T.);
#5646=ORIENTED_EDGE('',*,*,#4115,.F.);
#5647=ORIENTED_EDGE('',*,*,#4116,.F.);
#5648=ORIENTED_EDGE('',*,*,#4117,.T.);
#5649=ORIENTED_EDGE('',*,*,#4118,.T.);
#5650=ORIENTED_EDGE('',*,*,#3369,.F.);
#5651=ORIENTED_EDGE('',*,*,#4119,.F.);
#5652=ORIENTED_EDGE('',*,*,#4120,.T.);
#5653=ORIENTED_EDGE('',*,*,#4117,.F.);
#5654=ORIENTED_EDGE('',*,*,#4121,.F.);
#5655=ORIENTED_EDGE('',*,*,#4122,.F.);
#5656=ORIENTED_EDGE('',*,*,#4123,.F.);
#5657=ORIENTED_EDGE('',*,*,#4124,.T.);
#5658=ORIENTED_EDGE('',*,*,#4125,.T.);
#5659=ORIENTED_EDGE('',*,*,#4126,.F.);
#5660=ORIENTED_EDGE('',*,*,#4127,.T.);
#5661=ORIENTED_EDGE('',*,*,#4128,.T.);
#5662=ORIENTED_EDGE('',*,*,#4124,.F.);
#5663=ORIENTED_EDGE('',*,*,#4129,.F.);
#5664=ORIENTED_EDGE('',*,*,#4130,.T.);
#5665=ORIENTED_EDGE('',*,*,#4131,.T.);
#5666=ORIENTED_EDGE('',*,*,#4127,.F.);
#5667=ORIENTED_EDGE('',*,*,#4132,.F.);
#5668=ORIENTED_EDGE('',*,*,#4133,.T.);
#5669=ORIENTED_EDGE('',*,*,#4134,.T.);
#5670=ORIENTED_EDGE('',*,*,#4130,.F.);
#5671=ORIENTED_EDGE('',*,*,#4135,.F.);
#5672=ORIENTED_EDGE('',*,*,#4115,.T.);
#5673=ORIENTED_EDGE('',*,*,#4136,.T.);
#5674=ORIENTED_EDGE('',*,*,#4133,.F.);
#5675=ORIENTED_EDGE('',*,*,#4137,.F.);
#5676=ORIENTED_EDGE('',*,*,#4125,.F.);
#5677=ORIENTED_EDGE('',*,*,#4128,.F.);
#5678=ORIENTED_EDGE('',*,*,#4131,.F.);
#5679=ORIENTED_EDGE('',*,*,#4134,.F.);
#5680=ORIENTED_EDGE('',*,*,#4136,.F.);
#5681=ORIENTED_EDGE('',*,*,#4114,.F.);
#5682=ORIENTED_EDGE('',*,*,#3366,.F.);
#5683=ORIENTED_EDGE('',*,*,#3370,.F.);
#5684=ORIENTED_EDGE('',*,*,#4118,.F.);
#5685=ORIENTED_EDGE('',*,*,#4120,.F.);
#5686=ORIENTED_EDGE('',*,*,#4112,.F.);
#5687=ORIENTED_EDGE('',*,*,#4106,.F.);
#5688=ORIENTED_EDGE('',*,*,#4110,.F.);
#5689=ORIENTED_EDGE('',*,*,#4138,.F.);
#5690=ORIENTED_EDGE('',*,*,#4139,.F.);
#5691=ORIENTED_EDGE('',*,*,#4140,.T.);
#5692=ORIENTED_EDGE('',*,*,#4141,.T.);
#5693=ORIENTED_EDGE('',*,*,#4142,.F.);
#5694=ORIENTED_EDGE('',*,*,#4141,.F.);
#5695=ORIENTED_EDGE('',*,*,#4143,.F.);
#5696=ORIENTED_EDGE('',*,*,#4144,.F.);
#5697=ORIENTED_EDGE('',*,*,#4145,.F.);
#5698=ORIENTED_EDGE('',*,*,#4146,.F.);
#5699=ORIENTED_EDGE('',*,*,#4147,.F.);
#5700=ORIENTED_EDGE('',*,*,#4148,.F.);
#5701=ORIENTED_EDGE('',*,*,#4149,.F.);
#5702=ORIENTED_EDGE('',*,*,#4150,.T.);
#5703=ORIENTED_EDGE('',*,*,#4143,.T.);
#5704=ORIENTED_EDGE('',*,*,#4140,.F.);
#5705=ORIENTED_EDGE('',*,*,#4151,.F.);
#5706=ORIENTED_EDGE('',*,*,#4152,.T.);
#5707=ORIENTED_EDGE('',*,*,#4144,.T.);
#5708=ORIENTED_EDGE('',*,*,#4150,.F.);
#5709=ORIENTED_EDGE('',*,*,#4153,.F.);
#5710=ORIENTED_EDGE('',*,*,#4154,.T.);
#5711=ORIENTED_EDGE('',*,*,#4145,.T.);
#5712=ORIENTED_EDGE('',*,*,#4152,.F.);
#5713=ORIENTED_EDGE('',*,*,#4155,.F.);
#5714=ORIENTED_EDGE('',*,*,#4156,.T.);
#5715=ORIENTED_EDGE('',*,*,#4146,.T.);
#5716=ORIENTED_EDGE('',*,*,#4154,.F.);
#5717=ORIENTED_EDGE('',*,*,#4157,.F.);
#5718=ORIENTED_EDGE('',*,*,#4158,.T.);
#5719=ORIENTED_EDGE('',*,*,#4147,.T.);
#5720=ORIENTED_EDGE('',*,*,#4156,.F.);
#5721=ORIENTED_EDGE('',*,*,#4159,.F.);
#5722=ORIENTED_EDGE('',*,*,#4148,.T.);
#5723=ORIENTED_EDGE('',*,*,#4158,.F.);
#5724=ORIENTED_EDGE('',*,*,#4160,.F.);
#5725=ORIENTED_EDGE('',*,*,#4104,.T.);
#5726=ORIENTED_EDGE('',*,*,#4111,.T.);
#5727=ORIENTED_EDGE('',*,*,#4108,.T.);
#5728=ORIENTED_EDGE('',*,*,#4161,.F.);
#5729=ORIENTED_EDGE('',*,*,#4162,.F.);
#5730=ORIENTED_EDGE('',*,*,#4163,.T.);
#5731=ORIENTED_EDGE('',*,*,#4164,.T.);
#5732=ORIENTED_EDGE('',*,*,#4165,.T.);
#5733=ORIENTED_EDGE('',*,*,#4166,.F.);
#5734=ORIENTED_EDGE('',*,*,#4167,.F.);
#5735=ORIENTED_EDGE('',*,*,#4162,.T.);
#5736=ORIENTED_EDGE('',*,*,#4168,.T.);
#5737=ORIENTED_EDGE('',*,*,#4169,.F.);
#5738=ORIENTED_EDGE('',*,*,#4170,.F.);
#5739=ORIENTED_EDGE('',*,*,#4166,.T.);
#5740=ORIENTED_EDGE('',*,*,#4171,.F.);
#5741=ORIENTED_EDGE('',*,*,#4172,.F.);
#5742=ORIENTED_EDGE('',*,*,#4173,.T.);
#5743=ORIENTED_EDGE('',*,*,#4174,.T.);
#5744=ORIENTED_EDGE('',*,*,#4175,.T.);
#5745=ORIENTED_EDGE('',*,*,#4176,.F.);
#5746=ORIENTED_EDGE('',*,*,#4177,.F.);
#5747=ORIENTED_EDGE('',*,*,#4172,.T.);
#5748=ORIENTED_EDGE('',*,*,#4178,.T.);
#5749=ORIENTED_EDGE('',*,*,#4179,.F.);
#5750=ORIENTED_EDGE('',*,*,#4180,.F.);
#5751=ORIENTED_EDGE('',*,*,#4176,.T.);
#5752=ORIENTED_EDGE('',*,*,#4181,.T.);
#5753=ORIENTED_EDGE('',*,*,#4182,.T.);
#5754=ORIENTED_EDGE('',*,*,#4183,.F.);
#5755=ORIENTED_EDGE('',*,*,#4182,.F.);
#5756=ORIENTED_EDGE('',*,*,#4184,.T.);
#5757=ORIENTED_EDGE('',*,*,#4185,.T.);
#5758=ORIENTED_EDGE('',*,*,#4186,.F.);
#5759=ORIENTED_EDGE('',*,*,#4185,.F.);
#5760=ORIENTED_EDGE('',*,*,#4187,.T.);
#5761=ORIENTED_EDGE('',*,*,#4188,.T.);
#5762=ORIENTED_EDGE('',*,*,#4189,.F.);
#5763=ORIENTED_EDGE('',*,*,#4188,.F.);
#5764=ORIENTED_EDGE('',*,*,#4190,.F.);
#5765=ORIENTED_EDGE('',*,*,#4164,.F.);
#5766=ORIENTED_EDGE('',*,*,#4191,.T.);
#5767=ORIENTED_EDGE('',*,*,#4169,.T.);
#5768=ORIENTED_EDGE('',*,*,#3972,.T.);
#5769=ORIENTED_EDGE('',*,*,#4192,.T.);
#5770=ORIENTED_EDGE('',*,*,#4043,.T.);
#5771=ORIENTED_EDGE('',*,*,#4103,.T.);
#5772=ORIENTED_EDGE('',*,*,#4040,.T.);
#5773=ORIENTED_EDGE('',*,*,#4193,.T.);
#5774=ORIENTED_EDGE('',*,*,#4122,.T.);
#5775=ORIENTED_EDGE('',*,*,#4137,.T.);
#5776=ORIENTED_EDGE('',*,*,#4119,.T.);
#5777=ORIENTED_EDGE('',*,*,#4194,.T.);
#5778=ORIENTED_EDGE('',*,*,#4179,.T.);
#5779=ORIENTED_EDGE('',*,*,#4195,.F.);
#5780=ORIENTED_EDGE('',*,*,#4174,.F.);
#5781=ORIENTED_EDGE('',*,*,#4196,.T.);
#5782=ORIENTED_EDGE('',*,*,#4138,.T.);
#5783=ORIENTED_EDGE('',*,*,#4142,.T.);
#5784=ORIENTED_EDGE('',*,*,#4159,.T.);
#5785=ORIENTED_EDGE('',*,*,#4197,.T.);
#5786=ORIENTED_EDGE('',*,*,#3975,.T.);
#5787=ORIENTED_EDGE('',*,*,#4017,.T.);
#5788=ORIENTED_EDGE('',*,*,#4198,.T.);
#5789=ORIENTED_EDGE('',*,*,#4199,.T.);
#5790=ORIENTED_EDGE('',*,*,#4200,.F.);
#5791=ORIENTED_EDGE('',*,*,#4199,.F.);
#5792=ORIENTED_EDGE('',*,*,#4163,.F.);
#5793=ORIENTED_EDGE('',*,*,#4167,.T.);
#5794=ORIENTED_EDGE('',*,*,#4170,.T.);
#5795=ORIENTED_EDGE('',*,*,#4191,.F.);
#5796=ORIENTED_EDGE('',*,*,#3974,.T.);
#5797=ORIENTED_EDGE('',*,*,#3969,.T.);
#5798=ORIENTED_EDGE('',*,*,#3966,.T.);
#5799=ORIENTED_EDGE('',*,*,#3963,.T.);
#5800=ORIENTED_EDGE('',*,*,#3960,.T.);
#5801=ORIENTED_EDGE('',*,*,#3957,.T.);
#5802=ORIENTED_EDGE('',*,*,#3953,.T.);
#5803=ORIENTED_EDGE('',*,*,#4015,.T.);
#5804=ORIENTED_EDGE('',*,*,#4012,.T.);
#5805=ORIENTED_EDGE('',*,*,#4009,.T.);
#5806=ORIENTED_EDGE('',*,*,#4006,.T.);
#5807=ORIENTED_EDGE('',*,*,#4003,.T.);
#5808=ORIENTED_EDGE('',*,*,#4000,.T.);
#5809=ORIENTED_EDGE('',*,*,#3997,.T.);
#5810=ORIENTED_EDGE('',*,*,#3994,.T.);
#5811=ORIENTED_EDGE('',*,*,#3991,.T.);
#5812=ORIENTED_EDGE('',*,*,#3988,.T.);
#5813=ORIENTED_EDGE('',*,*,#3985,.T.);
#5814=ORIENTED_EDGE('',*,*,#3982,.T.);
#5815=ORIENTED_EDGE('',*,*,#3979,.T.);
#5816=ORIENTED_EDGE('',*,*,#3976,.T.);
#5817=ORIENTED_EDGE('',*,*,#4197,.F.);
#5818=ORIENTED_EDGE('',*,*,#4160,.T.);
#5819=ORIENTED_EDGE('',*,*,#4157,.T.);
#5820=ORIENTED_EDGE('',*,*,#4155,.T.);
#5821=ORIENTED_EDGE('',*,*,#4153,.T.);
#5822=ORIENTED_EDGE('',*,*,#4151,.T.);
#5823=ORIENTED_EDGE('',*,*,#4149,.T.);
#5824=ORIENTED_EDGE('',*,*,#4139,.T.);
#5825=ORIENTED_EDGE('',*,*,#4196,.F.);
#5826=ORIENTED_EDGE('',*,*,#4173,.F.);
#5827=ORIENTED_EDGE('',*,*,#4177,.T.);
#5828=ORIENTED_EDGE('',*,*,#4180,.T.);
#5829=ORIENTED_EDGE('',*,*,#4194,.F.);
#5830=ORIENTED_EDGE('',*,*,#4121,.T.);
#5831=ORIENTED_EDGE('',*,*,#4116,.T.);
#5832=ORIENTED_EDGE('',*,*,#3368,.F.);
#5833=ORIENTED_EDGE('',*,*,#3364,.F.);
#5834=ORIENTED_EDGE('',*,*,#4113,.T.);
#5835=ORIENTED_EDGE('',*,*,#4135,.T.);
#5836=ORIENTED_EDGE('',*,*,#4132,.T.);
#5837=ORIENTED_EDGE('',*,*,#4129,.T.);
#5838=ORIENTED_EDGE('',*,*,#4126,.T.);
#5839=ORIENTED_EDGE('',*,*,#4123,.T.);
#5840=ORIENTED_EDGE('',*,*,#4193,.F.);
#5841=ORIENTED_EDGE('',*,*,#4042,.T.);
#5842=ORIENTED_EDGE('',*,*,#4037,.T.);
#5843=ORIENTED_EDGE('',*,*,#4034,.T.);
#5844=ORIENTED_EDGE('',*,*,#4031,.T.);
#5845=ORIENTED_EDGE('',*,*,#4028,.T.);
#5846=ORIENTED_EDGE('',*,*,#4025,.T.);
#5847=ORIENTED_EDGE('',*,*,#4022,.T.);
#5848=ORIENTED_EDGE('',*,*,#4018,.T.);
#5849=ORIENTED_EDGE('',*,*,#4101,.T.);
#5850=ORIENTED_EDGE('',*,*,#4098,.T.);
#5851=ORIENTED_EDGE('',*,*,#4095,.T.);
#5852=ORIENTED_EDGE('',*,*,#4092,.T.);
#5853=ORIENTED_EDGE('',*,*,#4089,.T.);
#5854=ORIENTED_EDGE('',*,*,#4086,.T.);
#5855=ORIENTED_EDGE('',*,*,#4083,.T.);
#5856=ORIENTED_EDGE('',*,*,#4080,.T.);
#5857=ORIENTED_EDGE('',*,*,#4077,.T.);
#5858=ORIENTED_EDGE('',*,*,#4074,.T.);
#5859=ORIENTED_EDGE('',*,*,#4071,.T.);
#5860=ORIENTED_EDGE('',*,*,#4068,.T.);
#5861=ORIENTED_EDGE('',*,*,#4065,.T.);
#5862=ORIENTED_EDGE('',*,*,#4062,.T.);
#5863=ORIENTED_EDGE('',*,*,#4059,.T.);
#5864=ORIENTED_EDGE('',*,*,#4056,.T.);
#5865=ORIENTED_EDGE('',*,*,#4053,.T.);
#5866=ORIENTED_EDGE('',*,*,#4050,.T.);
#5867=ORIENTED_EDGE('',*,*,#4047,.T.);
#5868=ORIENTED_EDGE('',*,*,#4044,.T.);
#5869=ORIENTED_EDGE('',*,*,#4192,.F.);
#5870=ORIENTED_EDGE('',*,*,#4187,.F.);
#5871=ORIENTED_EDGE('',*,*,#4184,.F.);
#5872=ORIENTED_EDGE('',*,*,#4181,.F.);
#5873=ORIENTED_EDGE('',*,*,#4198,.F.);
#5874=ORIENTED_EDGE('',*,*,#3911,.T.);
#5875=ORIENTED_EDGE('',*,*,#3951,.T.);
#5876=ORIENTED_EDGE('',*,*,#3948,.T.);
#5877=ORIENTED_EDGE('',*,*,#3945,.T.);
#5878=ORIENTED_EDGE('',*,*,#3942,.T.);
#5879=ORIENTED_EDGE('',*,*,#3939,.T.);
#5880=ORIENTED_EDGE('',*,*,#3936,.T.);
#5881=ORIENTED_EDGE('',*,*,#3933,.T.);
#5882=ORIENTED_EDGE('',*,*,#3930,.T.);
#5883=ORIENTED_EDGE('',*,*,#3927,.T.);
#5884=ORIENTED_EDGE('',*,*,#3924,.T.);
#5885=ORIENTED_EDGE('',*,*,#3921,.T.);
#5886=ORIENTED_EDGE('',*,*,#3918,.T.);
#5887=ORIENTED_EDGE('',*,*,#3915,.T.);
#5888=ORIENTED_EDGE('',*,*,#3881,.T.);
#5889=ORIENTED_EDGE('',*,*,#3891,.T.);
#5890=ORIENTED_EDGE('',*,*,#3888,.T.);
#5891=ORIENTED_EDGE('',*,*,#3885,.T.);
#5892=ORIENTED_EDGE('',*,*,#3839,.T.);
#5893=ORIENTED_EDGE('',*,*,#3879,.T.);
#5894=ORIENTED_EDGE('',*,*,#3876,.T.);
#5895=ORIENTED_EDGE('',*,*,#3873,.T.);
#5896=ORIENTED_EDGE('',*,*,#3870,.T.);
#5897=ORIENTED_EDGE('',*,*,#3867,.T.);
#5898=ORIENTED_EDGE('',*,*,#3864,.T.);
#5899=ORIENTED_EDGE('',*,*,#3861,.T.);
#5900=ORIENTED_EDGE('',*,*,#3858,.T.);
#5901=ORIENTED_EDGE('',*,*,#3855,.T.);
#5902=ORIENTED_EDGE('',*,*,#3852,.T.);
#5903=ORIENTED_EDGE('',*,*,#3849,.T.);
#5904=ORIENTED_EDGE('',*,*,#3846,.T.);
#5905=ORIENTED_EDGE('',*,*,#3843,.T.);
#5906=ORIENTED_EDGE('',*,*,#3779,.T.);
#5907=ORIENTED_EDGE('',*,*,#3813,.T.);
#5908=ORIENTED_EDGE('',*,*,#3810,.T.);
#5909=ORIENTED_EDGE('',*,*,#3807,.T.);
#5910=ORIENTED_EDGE('',*,*,#3804,.T.);
#5911=ORIENTED_EDGE('',*,*,#3801,.T.);
#5912=ORIENTED_EDGE('',*,*,#3798,.T.);
#5913=ORIENTED_EDGE('',*,*,#3795,.T.);
#5914=ORIENTED_EDGE('',*,*,#3792,.T.);
#5915=ORIENTED_EDGE('',*,*,#3789,.T.);
#5916=ORIENTED_EDGE('',*,*,#3786,.T.);
#5917=ORIENTED_EDGE('',*,*,#3783,.T.);
#5918=ORIENTED_EDGE('',*,*,#3683,.T.);
#5919=ORIENTED_EDGE('',*,*,#3738,.T.);
#5920=ORIENTED_EDGE('',*,*,#3735,.T.);
#5921=ORIENTED_EDGE('',*,*,#3732,.T.);
#5922=ORIENTED_EDGE('',*,*,#3729,.T.);
#5923=ORIENTED_EDGE('',*,*,#3726,.T.);
#5924=ORIENTED_EDGE('',*,*,#3723,.T.);
#5925=ORIENTED_EDGE('',*,*,#3720,.T.);
#5926=ORIENTED_EDGE('',*,*,#3717,.T.);
#5927=ORIENTED_EDGE('',*,*,#3714,.T.);
#5928=ORIENTED_EDGE('',*,*,#3711,.T.);
#5929=ORIENTED_EDGE('',*,*,#3708,.T.);
#5930=ORIENTED_EDGE('',*,*,#3705,.T.);
#5931=ORIENTED_EDGE('',*,*,#3702,.T.);
#5932=ORIENTED_EDGE('',*,*,#3699,.T.);
#5933=ORIENTED_EDGE('',*,*,#3696,.T.);
#5934=ORIENTED_EDGE('',*,*,#3693,.T.);
#5935=ORIENTED_EDGE('',*,*,#3690,.T.);
#5936=ORIENTED_EDGE('',*,*,#3687,.T.);
#5937=ORIENTED_EDGE('',*,*,#3638,.T.);
#5938=ORIENTED_EDGE('',*,*,#3660,.T.);
#5939=ORIENTED_EDGE('',*,*,#3657,.T.);
#5940=ORIENTED_EDGE('',*,*,#3654,.T.);
#5941=ORIENTED_EDGE('',*,*,#3651,.T.);
#5942=ORIENTED_EDGE('',*,*,#3648,.T.);
#5943=ORIENTED_EDGE('',*,*,#3645,.T.);
#5944=ORIENTED_EDGE('',*,*,#3642,.T.);
#5945=ORIENTED_EDGE('',*,*,#3602,.T.);
#5946=ORIENTED_EDGE('',*,*,#3636,.T.);
#5947=ORIENTED_EDGE('',*,*,#3633,.T.);
#5948=ORIENTED_EDGE('',*,*,#3630,.T.);
#5949=ORIENTED_EDGE('',*,*,#3627,.T.);
#5950=ORIENTED_EDGE('',*,*,#3624,.T.);
#5951=ORIENTED_EDGE('',*,*,#3621,.T.);
#5952=ORIENTED_EDGE('',*,*,#3618,.T.);
#5953=ORIENTED_EDGE('',*,*,#3615,.T.);
#5954=ORIENTED_EDGE('',*,*,#3612,.T.);
#5955=ORIENTED_EDGE('',*,*,#3609,.T.);
#5956=ORIENTED_EDGE('',*,*,#3606,.T.);
#5957=ORIENTED_EDGE('',*,*,#3593,.T.);
#5958=ORIENTED_EDGE('',*,*,#3600,.T.);
#5959=ORIENTED_EDGE('',*,*,#3597,.T.);
#5960=ORIENTED_EDGE('',*,*,#3575,.T.);
#5961=ORIENTED_EDGE('',*,*,#3591,.T.);
#5962=ORIENTED_EDGE('',*,*,#3588,.T.);
#5963=ORIENTED_EDGE('',*,*,#3585,.T.);
#5964=ORIENTED_EDGE('',*,*,#3582,.T.);
#5965=ORIENTED_EDGE('',*,*,#3579,.T.);
#5966=ORIENTED_EDGE('',*,*,#3533,.T.);
#5967=ORIENTED_EDGE('',*,*,#3573,.T.);
#5968=ORIENTED_EDGE('',*,*,#3570,.T.);
#5969=ORIENTED_EDGE('',*,*,#3567,.T.);
#5970=ORIENTED_EDGE('',*,*,#3564,.T.);
#5971=ORIENTED_EDGE('',*,*,#3561,.T.);
#5972=ORIENTED_EDGE('',*,*,#3558,.T.);
#5973=ORIENTED_EDGE('',*,*,#3555,.T.);
#5974=ORIENTED_EDGE('',*,*,#3552,.T.);
#5975=ORIENTED_EDGE('',*,*,#3549,.T.);
#5976=ORIENTED_EDGE('',*,*,#3546,.T.);
#5977=ORIENTED_EDGE('',*,*,#3543,.T.);
#5978=ORIENTED_EDGE('',*,*,#3540,.T.);
#5979=ORIENTED_EDGE('',*,*,#3537,.T.);
#5980=ORIENTED_EDGE('',*,*,#3494,.T.);
#5981=ORIENTED_EDGE('',*,*,#3531,.T.);
#5982=ORIENTED_EDGE('',*,*,#3528,.T.);
#5983=ORIENTED_EDGE('',*,*,#3525,.T.);
#5984=ORIENTED_EDGE('',*,*,#3522,.T.);
#5985=ORIENTED_EDGE('',*,*,#3519,.T.);
#5986=ORIENTED_EDGE('',*,*,#3516,.T.);
#5987=ORIENTED_EDGE('',*,*,#3513,.T.);
#5988=ORIENTED_EDGE('',*,*,#3510,.T.);
#5989=ORIENTED_EDGE('',*,*,#3507,.T.);
#5990=ORIENTED_EDGE('',*,*,#3504,.T.);
#5991=ORIENTED_EDGE('',*,*,#3501,.T.);
#5992=ORIENTED_EDGE('',*,*,#3498,.T.);
#5993=ORIENTED_EDGE('',*,*,#3380,.T.);
#5994=ORIENTED_EDGE('',*,*,#3492,.T.);
#5995=ORIENTED_EDGE('',*,*,#3489,.T.);
#5996=ORIENTED_EDGE('',*,*,#3486,.T.);
#5997=ORIENTED_EDGE('',*,*,#3483,.T.);
#5998=ORIENTED_EDGE('',*,*,#3480,.T.);
#5999=ORIENTED_EDGE('',*,*,#3477,.T.);
#6000=ORIENTED_EDGE('',*,*,#3474,.T.);
#6001=ORIENTED_EDGE('',*,*,#3471,.T.);
#6002=ORIENTED_EDGE('',*,*,#3468,.T.);
#6003=ORIENTED_EDGE('',*,*,#3465,.T.);
#6004=ORIENTED_EDGE('',*,*,#3462,.T.);
#6005=ORIENTED_EDGE('',*,*,#3459,.T.);
#6006=ORIENTED_EDGE('',*,*,#3456,.T.);
#6007=ORIENTED_EDGE('',*,*,#3453,.T.);
#6008=ORIENTED_EDGE('',*,*,#3450,.T.);
#6009=ORIENTED_EDGE('',*,*,#3447,.T.);
#6010=ORIENTED_EDGE('',*,*,#3444,.T.);
#6011=ORIENTED_EDGE('',*,*,#3441,.T.);
#6012=ORIENTED_EDGE('',*,*,#3438,.T.);
#6013=ORIENTED_EDGE('',*,*,#3435,.T.);
#6014=ORIENTED_EDGE('',*,*,#3432,.T.);
#6015=ORIENTED_EDGE('',*,*,#3429,.T.);
#6016=ORIENTED_EDGE('',*,*,#3426,.T.);
#6017=ORIENTED_EDGE('',*,*,#3423,.T.);
#6018=ORIENTED_EDGE('',*,*,#3420,.T.);
#6019=ORIENTED_EDGE('',*,*,#3417,.T.);
#6020=ORIENTED_EDGE('',*,*,#3414,.T.);
#6021=ORIENTED_EDGE('',*,*,#3411,.T.);
#6022=ORIENTED_EDGE('',*,*,#3408,.T.);
#6023=ORIENTED_EDGE('',*,*,#3405,.T.);
#6024=ORIENTED_EDGE('',*,*,#3402,.T.);
#6025=ORIENTED_EDGE('',*,*,#3399,.T.);
#6026=ORIENTED_EDGE('',*,*,#3396,.T.);
#6027=ORIENTED_EDGE('',*,*,#3393,.T.);
#6028=ORIENTED_EDGE('',*,*,#3390,.T.);
#6029=ORIENTED_EDGE('',*,*,#3387,.T.);
#6030=ORIENTED_EDGE('',*,*,#3384,.T.);
#6031=ORIENTED_EDGE('',*,*,#4161,.T.);
#6032=ORIENTED_EDGE('',*,*,#4190,.T.);
#6033=ORIENTED_EDGE('',*,*,#4168,.F.);
#6034=ORIENTED_EDGE('',*,*,#4165,.F.);
#6035=ORIENTED_EDGE('',*,*,#4189,.T.);
#6036=ORIENTED_EDGE('',*,*,#4186,.T.);
#6037=ORIENTED_EDGE('',*,*,#4183,.T.);
#6038=ORIENTED_EDGE('',*,*,#4200,.T.);
#6039=ORIENTED_EDGE('',*,*,#4171,.T.);
#6040=ORIENTED_EDGE('',*,*,#4195,.T.);
#6041=ORIENTED_EDGE('',*,*,#4178,.F.);
#6042=ORIENTED_EDGE('',*,*,#4175,.F.);
#6043=ORIENTED_EDGE('',*,*,#4201,.F.);
#6044=ORIENTED_EDGE('',*,*,#4202,.F.);
#6045=ORIENTED_EDGE('',*,*,#4203,.T.);
#6046=ORIENTED_EDGE('',*,*,#4204,.T.);
#6047=ORIENTED_EDGE('',*,*,#4205,.F.);
#6048=ORIENTED_EDGE('',*,*,#4206,.T.);
#6049=ORIENTED_EDGE('',*,*,#4207,.T.);
#6050=ORIENTED_EDGE('',*,*,#4208,.T.);
#6051=ORIENTED_EDGE('',*,*,#4209,.T.);
#6052=ORIENTED_EDGE('',*,*,#4210,.T.);
#6053=ORIENTED_EDGE('',*,*,#4211,.F.);
#6054=ORIENTED_EDGE('',*,*,#4212,.F.);
#6055=ORIENTED_EDGE('',*,*,#4213,.T.);
#6056=ORIENTED_EDGE('',*,*,#4214,.T.);
#6057=ORIENTED_EDGE('',*,*,#4215,.F.);
#6058=ORIENTED_EDGE('',*,*,#4216,.F.);
#6059=ORIENTED_EDGE('',*,*,#4217,.F.);
#6060=ORIENTED_EDGE('',*,*,#4218,.T.);
#6061=ORIENTED_EDGE('',*,*,#4219,.F.);
#6062=ORIENTED_EDGE('',*,*,#4220,.F.);
#6063=ORIENTED_EDGE('',*,*,#4221,.F.);
#6064=ORIENTED_EDGE('',*,*,#4222,.F.);
#6065=ORIENTED_EDGE('',*,*,#4223,.T.);
#6066=ORIENTED_EDGE('',*,*,#4224,.T.);
#6067=ORIENTED_EDGE('',*,*,#4225,.T.);
#6068=ORIENTED_EDGE('',*,*,#4226,.T.);
#6069=ORIENTED_EDGE('',*,*,#4227,.F.);
#6070=ORIENTED_EDGE('',*,*,#4228,.F.);
#6071=ORIENTED_EDGE('',*,*,#4229,.T.);
#6072=ORIENTED_EDGE('',*,*,#4230,.T.);
#6073=ORIENTED_EDGE('',*,*,#4231,.F.);
#6074=ORIENTED_EDGE('',*,*,#4232,.F.);
#6075=ORIENTED_EDGE('',*,*,#4233,.T.);
#6076=ORIENTED_EDGE('',*,*,#4234,.T.);
#6077=ORIENTED_EDGE('',*,*,#4235,.T.);
#6078=ORIENTED_EDGE('',*,*,#4236,.T.);
#6079=ORIENTED_EDGE('',*,*,#4237,.T.);
#6080=ORIENTED_EDGE('',*,*,#4238,.F.);
#6081=ORIENTED_EDGE('',*,*,#4239,.F.);
#6082=ORIENTED_EDGE('',*,*,#4240,.T.);
#6083=ORIENTED_EDGE('',*,*,#4241,.T.);
#6084=ORIENTED_EDGE('',*,*,#4242,.T.);
#6085=ORIENTED_EDGE('',*,*,#4243,.T.);
#6086=ORIENTED_EDGE('',*,*,#4244,.T.);
#6087=ORIENTED_EDGE('',*,*,#4245,.F.);
#6088=ORIENTED_EDGE('',*,*,#4246,.T.);
#6089=ORIENTED_EDGE('',*,*,#4247,.T.);
#6090=ORIENTED_EDGE('',*,*,#4248,.T.);
#6091=ORIENTED_EDGE('',*,*,#4249,.F.);
#6092=ORIENTED_EDGE('',*,*,#4250,.F.);
#6093=ORIENTED_EDGE('',*,*,#4251,.T.);
#6094=ORIENTED_EDGE('',*,*,#4252,.F.);
#6095=ORIENTED_EDGE('',*,*,#4253,.F.);
#6096=ORIENTED_EDGE('',*,*,#4254,.F.);
#6097=ORIENTED_EDGE('',*,*,#4224,.F.);
#6098=ORIENTED_EDGE('',*,*,#4255,.T.);
#6099=ORIENTED_EDGE('',*,*,#4256,.T.);
#6100=ORIENTED_EDGE('',*,*,#4257,.F.);
#6101=ORIENTED_EDGE('',*,*,#4202,.T.);
#6102=ORIENTED_EDGE('',*,*,#4258,.F.);
#6103=ORIENTED_EDGE('',*,*,#4259,.F.);
#6104=ORIENTED_EDGE('',*,*,#4260,.F.);
#6105=ORIENTED_EDGE('',*,*,#4261,.F.);
#6106=ORIENTED_EDGE('',*,*,#4262,.F.);
#6107=ORIENTED_EDGE('',*,*,#4263,.T.);
#6108=ORIENTED_EDGE('',*,*,#4264,.T.);
#6109=ORIENTED_EDGE('',*,*,#4265,.F.);
#6110=ORIENTED_EDGE('',*,*,#4266,.F.);
#6111=ORIENTED_EDGE('',*,*,#4231,.T.);
#6112=ORIENTED_EDGE('',*,*,#4267,.T.);
#6113=ORIENTED_EDGE('',*,*,#4268,.F.);
#6114=ORIENTED_EDGE('',*,*,#4269,.T.);
#6115=ORIENTED_EDGE('',*,*,#4208,.F.);
#6116=ORIENTED_EDGE('',*,*,#4270,.T.);
#6117=ORIENTED_EDGE('',*,*,#4271,.T.);
#6118=ORIENTED_EDGE('',*,*,#4272,.F.);
#6119=ORIENTED_EDGE('',*,*,#4219,.T.);
#6120=ORIENTED_EDGE('',*,*,#4273,.T.);
#6121=ORIENTED_EDGE('',*,*,#4274,.F.);
#6122=ORIENTED_EDGE('',*,*,#4252,.T.);
#6123=ORIENTED_EDGE('',*,*,#4275,.T.);
#6124=ORIENTED_EDGE('',*,*,#4239,.T.);
#6125=ORIENTED_EDGE('',*,*,#4276,.T.);
#6126=ORIENTED_EDGE('',*,*,#4209,.F.);
#6127=ORIENTED_EDGE('',*,*,#4277,.F.);
#6128=ORIENTED_EDGE('',*,*,#4278,.T.);
#6129=ORIENTED_EDGE('',*,*,#4279,.T.);
#6130=ORIENTED_EDGE('',*,*,#4280,.T.);
#6131=ORIENTED_EDGE('',*,*,#4281,.T.);
#6132=ORIENTED_EDGE('',*,*,#4282,.T.);
#6133=ORIENTED_EDGE('',*,*,#4211,.T.);
#6134=ORIENTED_EDGE('',*,*,#4283,.F.);
#6135=ORIENTED_EDGE('',*,*,#4237,.F.);
#6136=ORIENTED_EDGE('',*,*,#4284,.T.);
#6137=ORIENTED_EDGE('',*,*,#4285,.F.);
#6138=ORIENTED_EDGE('',*,*,#4286,.F.);
#6139=ORIENTED_EDGE('',*,*,#4287,.F.);
#6140=ORIENTED_EDGE('',*,*,#4288,.F.);
#6141=ORIENTED_EDGE('',*,*,#4289,.F.);
#6142=ORIENTED_EDGE('',*,*,#4277,.T.);
#6143=ORIENTED_EDGE('',*,*,#4212,.T.);
#6144=ORIENTED_EDGE('',*,*,#4284,.F.);
#6145=ORIENTED_EDGE('',*,*,#4240,.F.);
#6146=ORIENTED_EDGE('',*,*,#4290,.F.);
#6147=ORIENTED_EDGE('',*,*,#4291,.F.);
#6148=ORIENTED_EDGE('',*,*,#4247,.F.);
#6149=ORIENTED_EDGE('',*,*,#4292,.F.);
#6150=ORIENTED_EDGE('',*,*,#4293,.T.);
#6151=ORIENTED_EDGE('',*,*,#4222,.T.);
#6152=ORIENTED_EDGE('',*,*,#4294,.F.);
#6153=ORIENTED_EDGE('',*,*,#4295,.T.);
#6154=ORIENTED_EDGE('',*,*,#4270,.F.);
#6155=ORIENTED_EDGE('',*,*,#4207,.F.);
#6156=ORIENTED_EDGE('',*,*,#4296,.F.);
#6157=ORIENTED_EDGE('',*,*,#4297,.F.);
#6158=ORIENTED_EDGE('',*,*,#4298,.F.);
#6159=ORIENTED_EDGE('',*,*,#4299,.F.);
#6160=ORIENTED_EDGE('',*,*,#4276,.F.);
#6161=ORIENTED_EDGE('',*,*,#4238,.T.);
#6162=ORIENTED_EDGE('',*,*,#4283,.T.);
#6163=ORIENTED_EDGE('',*,*,#4210,.F.);
#6164=ORIENTED_EDGE('',*,*,#4300,.F.);
#6165=ORIENTED_EDGE('',*,*,#4301,.F.);
#6166=ORIENTED_EDGE('',*,*,#4302,.F.);
#6167=ORIENTED_EDGE('',*,*,#4303,.F.);
#6168=ORIENTED_EDGE('',*,*,#4229,.F.);
#6169=ORIENTED_EDGE('',*,*,#4304,.T.);
#6170=ORIENTED_EDGE('',*,*,#4305,.T.);
#6171=ORIENTED_EDGE('',*,*,#4306,.F.);
#6172=ORIENTED_EDGE('',*,*,#4307,.F.);
#6173=ORIENTED_EDGE('',*,*,#4255,.F.);
#6174=ORIENTED_EDGE('',*,*,#4223,.F.);
#6175=ORIENTED_EDGE('',*,*,#4293,.F.);
#6176=ORIENTED_EDGE('',*,*,#4308,.F.);
#6177=ORIENTED_EDGE('',*,*,#4309,.F.);
#6178=ORIENTED_EDGE('',*,*,#4310,.F.);
#6179=ORIENTED_EDGE('',*,*,#4311,.T.);
#6180=ORIENTED_EDGE('',*,*,#4312,.T.);
#6181=ORIENTED_EDGE('',*,*,#4204,.F.);
#6182=ORIENTED_EDGE('',*,*,#4313,.F.);
#6183=ORIENTED_EDGE('',*,*,#4314,.T.);
#6184=ORIENTED_EDGE('',*,*,#4262,.T.);
#6185=ORIENTED_EDGE('',*,*,#4315,.F.);
#6186=ORIENTED_EDGE('',*,*,#4310,.T.);
#6187=ORIENTED_EDGE('',*,*,#4275,.F.);
#6188=ORIENTED_EDGE('',*,*,#4251,.F.);
#6189=ORIENTED_EDGE('',*,*,#4316,.T.);
#6190=ORIENTED_EDGE('',*,*,#4317,.T.);
#6191=ORIENTED_EDGE('',*,*,#4318,.T.);
#6192=ORIENTED_EDGE('',*,*,#4317,.F.);
#6193=ORIENTED_EDGE('',*,*,#4319,.F.);
#6194=ORIENTED_EDGE('',*,*,#4313,.T.);
#6195=ORIENTED_EDGE('',*,*,#4203,.F.);
#6196=ORIENTED_EDGE('',*,*,#4257,.T.);
#6197=ORIENTED_EDGE('',*,*,#4316,.F.);
#6198=ORIENTED_EDGE('',*,*,#4318,.F.);
#6199=ORIENTED_EDGE('',*,*,#4271,.F.);
#6200=ORIENTED_EDGE('',*,*,#4295,.F.);
#6201=ORIENTED_EDGE('',*,*,#4320,.T.);
#6202=ORIENTED_EDGE('',*,*,#4321,.T.);
#6203=ORIENTED_EDGE('',*,*,#4272,.T.);
#6204=ORIENTED_EDGE('',*,*,#4321,.F.);
#6205=ORIENTED_EDGE('',*,*,#4322,.F.);
#6206=ORIENTED_EDGE('',*,*,#4220,.T.);
#6207=ORIENTED_EDGE('',*,*,#4323,.T.);
#6208=ORIENTED_EDGE('',*,*,#4324,.T.);
#6209=ORIENTED_EDGE('',*,*,#4325,.T.);
#6210=ORIENTED_EDGE('',*,*,#4324,.F.);
#6211=ORIENTED_EDGE('',*,*,#4320,.F.);
#6212=ORIENTED_EDGE('',*,*,#4294,.T.);
#6213=ORIENTED_EDGE('',*,*,#4221,.T.);
#6214=ORIENTED_EDGE('',*,*,#4322,.T.);
#6215=ORIENTED_EDGE('',*,*,#4323,.F.);
#6216=ORIENTED_EDGE('',*,*,#4325,.F.);
#6217=ORIENTED_EDGE('',*,*,#4274,.T.);
#6218=ORIENTED_EDGE('',*,*,#4326,.F.);
#6219=ORIENTED_EDGE('',*,*,#4327,.F.);
#6220=ORIENTED_EDGE('',*,*,#4253,.T.);
#6221=ORIENTED_EDGE('',*,*,#4273,.F.);
#6222=ORIENTED_EDGE('',*,*,#4218,.F.);
#6223=ORIENTED_EDGE('',*,*,#4328,.T.);
#6224=ORIENTED_EDGE('',*,*,#4326,.T.);
#6225=ORIENTED_EDGE('',*,*,#4329,.T.);
#6226=ORIENTED_EDGE('',*,*,#4330,.T.);
#6227=ORIENTED_EDGE('',*,*,#4331,.T.);
#6228=ORIENTED_EDGE('',*,*,#4330,.F.);
#6229=ORIENTED_EDGE('',*,*,#4254,.T.);
#6230=ORIENTED_EDGE('',*,*,#4327,.T.);
#6231=ORIENTED_EDGE('',*,*,#4328,.F.);
#6232=ORIENTED_EDGE('',*,*,#4217,.T.);
#6233=ORIENTED_EDGE('',*,*,#4329,.F.);
#6234=ORIENTED_EDGE('',*,*,#4331,.F.);
#6235=ORIENTED_EDGE('',*,*,#4332,.F.);
#6236=ORIENTED_EDGE('',*,*,#4205,.T.);
#6237=ORIENTED_EDGE('',*,*,#4269,.F.);
#6238=ORIENTED_EDGE('',*,*,#4333,.F.);
#6239=ORIENTED_EDGE('',*,*,#4245,.T.);
#6240=ORIENTED_EDGE('',*,*,#4334,.T.);
#6241=ORIENTED_EDGE('',*,*,#4335,.F.);
#6242=ORIENTED_EDGE('',*,*,#4308,.T.);
#6243=ORIENTED_EDGE('',*,*,#4292,.T.);
#6244=ORIENTED_EDGE('',*,*,#4246,.F.);
#6245=ORIENTED_EDGE('',*,*,#4333,.T.);
#6246=ORIENTED_EDGE('',*,*,#4268,.T.);
#6247=ORIENTED_EDGE('',*,*,#4336,.F.);
#6248=ORIENTED_EDGE('',*,*,#4309,.T.);
#6249=ORIENTED_EDGE('',*,*,#4336,.T.);
#6250=ORIENTED_EDGE('',*,*,#4267,.F.);
#6251=ORIENTED_EDGE('',*,*,#4230,.F.);
#6252=ORIENTED_EDGE('',*,*,#4291,.T.);
#6253=ORIENTED_EDGE('',*,*,#4337,.T.);
#6254=ORIENTED_EDGE('',*,*,#4334,.F.);
#6255=ORIENTED_EDGE('',*,*,#4248,.F.);
#6256=ORIENTED_EDGE('',*,*,#4249,.T.);
#6257=ORIENTED_EDGE('',*,*,#4338,.T.);
#6258=ORIENTED_EDGE('',*,*,#4339,.T.);
#6259=ORIENTED_EDGE('',*,*,#4338,.F.);
#6260=ORIENTED_EDGE('',*,*,#4339,.F.);
#6261=ORIENTED_EDGE('',*,*,#4314,.F.);
#6262=ORIENTED_EDGE('',*,*,#4319,.T.);
#6263=ORIENTED_EDGE('',*,*,#4256,.F.);
#6264=ORIENTED_EDGE('',*,*,#4307,.T.);
#6265=ORIENTED_EDGE('',*,*,#4340,.T.);
#6266=ORIENTED_EDGE('',*,*,#4263,.F.);
#6267=ORIENTED_EDGE('',*,*,#4266,.T.);
#6268=ORIENTED_EDGE('',*,*,#4341,.F.);
#6269=ORIENTED_EDGE('',*,*,#4304,.F.);
#6270=ORIENTED_EDGE('',*,*,#4232,.T.);
#6271=ORIENTED_EDGE('',*,*,#4265,.T.);
#6272=ORIENTED_EDGE('',*,*,#4342,.F.);
#6273=ORIENTED_EDGE('',*,*,#4305,.F.);
#6274=ORIENTED_EDGE('',*,*,#4341,.T.);
#6275=ORIENTED_EDGE('',*,*,#4264,.F.);
#6276=ORIENTED_EDGE('',*,*,#4340,.F.);
#6277=ORIENTED_EDGE('',*,*,#4306,.T.);
#6278=ORIENTED_EDGE('',*,*,#4342,.T.);
#6279=ORIENTED_EDGE('',*,*,#4343,.F.);
#6280=ORIENTED_EDGE('',*,*,#4344,.T.);
#6281=ORIENTED_EDGE('',*,*,#4303,.T.);
#6282=ORIENTED_EDGE('',*,*,#4344,.F.);
#6283=ORIENTED_EDGE('',*,*,#4343,.T.);
#6284=ORIENTED_EDGE('',*,*,#4345,.F.);
#6285=ORIENTED_EDGE('',*,*,#4346,.T.);
#6286=ORIENTED_EDGE('',*,*,#4302,.T.);
#6287=ORIENTED_EDGE('',*,*,#4346,.F.);
#6288=ORIENTED_EDGE('',*,*,#4345,.T.);
#6289=ORIENTED_EDGE('',*,*,#4347,.F.);
#6290=ORIENTED_EDGE('',*,*,#4348,.T.);
#6291=ORIENTED_EDGE('',*,*,#4301,.T.);
#6292=ORIENTED_EDGE('',*,*,#4348,.F.);
#6293=ORIENTED_EDGE('',*,*,#4347,.T.);
#6294=ORIENTED_EDGE('',*,*,#4349,.F.);
#6295=ORIENTED_EDGE('',*,*,#4350,.T.);
#6296=ORIENTED_EDGE('',*,*,#4300,.T.);
#6297=ORIENTED_EDGE('',*,*,#4350,.F.);
#6298=ORIENTED_EDGE('',*,*,#4349,.T.);
#6299=ORIENTED_EDGE('',*,*,#4351,.T.);
#6300=ORIENTED_EDGE('',*,*,#4242,.F.);
#6301=ORIENTED_EDGE('',*,*,#4352,.F.);
#6302=ORIENTED_EDGE('',*,*,#4234,.F.);
#6303=ORIENTED_EDGE('',*,*,#4352,.T.);
#6304=ORIENTED_EDGE('',*,*,#4241,.F.);
#6305=ORIENTED_EDGE('',*,*,#4353,.F.);
#6306=ORIENTED_EDGE('',*,*,#4235,.F.);
#6307=ORIENTED_EDGE('',*,*,#4353,.T.);
#6308=ORIENTED_EDGE('',*,*,#4244,.F.);
#6309=ORIENTED_EDGE('',*,*,#4354,.F.);
#6310=ORIENTED_EDGE('',*,*,#4236,.F.);
#6311=ORIENTED_EDGE('',*,*,#4354,.T.);
#6312=ORIENTED_EDGE('',*,*,#4243,.F.);
#6313=ORIENTED_EDGE('',*,*,#4351,.F.);
#6314=ORIENTED_EDGE('',*,*,#4233,.F.);
#6315=ORIENTED_EDGE('',*,*,#4355,.T.);
#6316=ORIENTED_EDGE('',*,*,#4213,.F.);
#6317=ORIENTED_EDGE('',*,*,#4356,.F.);
#6318=ORIENTED_EDGE('',*,*,#4226,.F.);
#6319=ORIENTED_EDGE('',*,*,#4227,.T.);
#6320=ORIENTED_EDGE('',*,*,#4356,.T.);
#6321=ORIENTED_EDGE('',*,*,#4216,.T.);
#6322=ORIENTED_EDGE('',*,*,#4357,.F.);
#6323=ORIENTED_EDGE('',*,*,#4228,.T.);
#6324=ORIENTED_EDGE('',*,*,#4357,.T.);
#6325=ORIENTED_EDGE('',*,*,#4215,.T.);
#6326=ORIENTED_EDGE('',*,*,#4358,.F.);
#6327=ORIENTED_EDGE('',*,*,#4358,.T.);
#6328=ORIENTED_EDGE('',*,*,#4214,.F.);
#6329=ORIENTED_EDGE('',*,*,#4355,.F.);
#6330=ORIENTED_EDGE('',*,*,#4225,.F.);
#6331=ORIENTED_EDGE('',*,*,#4332,.T.);
#6332=ORIENTED_EDGE('',*,*,#4359,.T.);
#6333=ORIENTED_EDGE('',*,*,#4286,.T.);
#6334=ORIENTED_EDGE('',*,*,#4359,.F.);
#6335=ORIENTED_EDGE('',*,*,#4335,.T.);
#6336=ORIENTED_EDGE('',*,*,#4337,.F.);
#6337=ORIENTED_EDGE('',*,*,#4290,.T.);
#6338=ORIENTED_EDGE('',*,*,#4206,.F.);
#6339=ORIENTED_EDGE('',*,*,#4279,.F.);
#6340=ORIENTED_EDGE('',*,*,#4360,.T.);
#6341=ORIENTED_EDGE('',*,*,#4311,.F.);
#6342=ORIENTED_EDGE('',*,*,#4315,.T.);
#6343=ORIENTED_EDGE('',*,*,#4250,.T.);
#6344=ORIENTED_EDGE('',*,*,#4201,.T.);
#6345=ORIENTED_EDGE('',*,*,#4312,.F.);
#6346=ORIENTED_EDGE('',*,*,#4360,.F.);
#6347=ORIENTED_EDGE('',*,*,#4298,.T.);
#6348=ORIENTED_EDGE('',*,*,#4361,.T.);
#6349=ORIENTED_EDGE('',*,*,#4289,.T.);
#6350=ORIENTED_EDGE('',*,*,#4361,.F.);
#6351=ORIENTED_EDGE('',*,*,#4297,.T.);
#6352=ORIENTED_EDGE('',*,*,#4362,.T.);
#6353=ORIENTED_EDGE('',*,*,#4288,.T.);
#6354=ORIENTED_EDGE('',*,*,#4362,.F.);
#6355=ORIENTED_EDGE('',*,*,#4296,.T.);
#6356=ORIENTED_EDGE('',*,*,#4363,.T.);
#6357=ORIENTED_EDGE('',*,*,#4287,.T.);
#6358=ORIENTED_EDGE('',*,*,#4363,.F.);
#6359=ORIENTED_EDGE('',*,*,#4299,.T.);
#6360=ORIENTED_EDGE('',*,*,#4364,.T.);
#6361=ORIENTED_EDGE('',*,*,#4285,.T.);
#6362=ORIENTED_EDGE('',*,*,#4364,.F.);
#6363=ORIENTED_EDGE('',*,*,#4282,.F.);
#6364=ORIENTED_EDGE('',*,*,#4365,.T.);
#6365=ORIENTED_EDGE('',*,*,#4260,.T.);
#6366=ORIENTED_EDGE('',*,*,#4365,.F.);
#6367=ORIENTED_EDGE('',*,*,#4281,.F.);
#6368=ORIENTED_EDGE('',*,*,#4366,.T.);
#6369=ORIENTED_EDGE('',*,*,#4259,.T.);
#6370=ORIENTED_EDGE('',*,*,#4366,.F.);
#6371=ORIENTED_EDGE('',*,*,#4280,.F.);
#6372=ORIENTED_EDGE('',*,*,#4367,.T.);
#6373=ORIENTED_EDGE('',*,*,#4258,.T.);
#6374=ORIENTED_EDGE('',*,*,#4367,.F.);
#6375=ORIENTED_EDGE('',*,*,#4278,.F.);
#6376=ORIENTED_EDGE('',*,*,#4368,.T.);
#6377=ORIENTED_EDGE('',*,*,#4261,.T.);
#6378=ORIENTED_EDGE('',*,*,#4368,.F.);
#6379=PLANE('',#6952);
#6380=PLANE('',#6953);
#6381=PLANE('',#6954);
#6382=PLANE('',#6955);
#6383=PLANE('',#6956);
#6384=PLANE('',#6957);
#6385=PLANE('',#6958);
#6386=PLANE('',#6959);
#6387=PLANE('',#6960);
#6388=PLANE('',#6961);
#6389=PLANE('',#6962);
#6390=PLANE('',#6963);
#6391=PLANE('',#6964);
#6392=PLANE('',#6965);
#6393=PLANE('',#6966);
#6394=PLANE('',#6967);
#6395=PLANE('',#6968);
#6396=PLANE('',#6969);
#6397=PLANE('',#6970);
#6398=PLANE('',#6971);
#6399=PLANE('',#6972);
#6400=PLANE('',#6973);
#6401=PLANE('',#6974);
#6402=PLANE('',#6975);
#6403=PLANE('',#6976);
#6404=PLANE('',#6977);
#6405=PLANE('',#6978);
#6406=PLANE('',#6979);
#6407=PLANE('',#6980);
#6408=PLANE('',#6981);
#6409=PLANE('',#6982);
#6410=PLANE('',#6983);
#6411=PLANE('',#6984);
#6412=PLANE('',#6985);
#6413=PLANE('',#6986);
#6414=PLANE('',#6987);
#6415=PLANE('',#6988);
#6416=PLANE('',#6989);
#6417=PLANE('',#6990);
#6418=PLANE('',#6991);
#6419=PLANE('',#6992);
#6420=PLANE('',#6993);
#6421=PLANE('',#6994);
#6422=PLANE('',#6995);
#6423=PLANE('',#6996);
#6424=PLANE('',#6997);
#6425=PLANE('',#6998);
#6426=PLANE('',#6999);
#6427=PLANE('',#7000);
#6428=PLANE('',#7001);
#6429=PLANE('',#7002);
#6430=PLANE('',#7003);
#6431=PLANE('',#7004);
#6432=PLANE('',#7005);
#6433=PLANE('',#7006);
#6434=PLANE('',#7007);
#6435=PLANE('',#7008);
#6436=PLANE('',#7009);
#6437=PLANE('',#7010);
#6438=PLANE('',#7011);
#6439=PLANE('',#7012);
#6440=PLANE('',#7013);
#6441=PLANE('',#7014);
#6442=PLANE('',#7015);
#6443=PLANE('',#7016);
#6444=PLANE('',#7017);
#6445=PLANE('',#7018);
#6446=PLANE('',#7019);
#6447=PLANE('',#7020);
#6448=PLANE('',#7021);
#6449=PLANE('',#7022);
#6450=PLANE('',#7023);
#6451=PLANE('',#7024);
#6452=PLANE('',#7025);
#6453=PLANE('',#7026);
#6454=PLANE('',#7027);
#6455=PLANE('',#7028);
#6456=PLANE('',#7029);
#6457=PLANE('',#7030);
#6458=PLANE('',#7031);
#6459=PLANE('',#7032);
#6460=PLANE('',#7033);
#6461=PLANE('',#7034);
#6462=PLANE('',#7035);
#6463=PLANE('',#7036);
#6464=PLANE('',#7037);
#6465=PLANE('',#7038);
#6466=PLANE('',#7039);
#6467=PLANE('',#7040);
#6468=PLANE('',#7041);
#6469=PLANE('',#7042);
#6470=PLANE('',#7043);
#6471=PLANE('',#7044);
#6472=PLANE('',#7045);
#6473=PLANE('',#7046);
#6474=PLANE('',#7047);
#6475=PLANE('',#7048);
#6476=PLANE('',#7049);
#6477=PLANE('',#7050);
#6478=PLANE('',#7051);
#6479=PLANE('',#7052);
#6480=PLANE('',#7053);
#6481=PLANE('',#7054);
#6482=PLANE('',#7055);
#6483=PLANE('',#7056);
#6484=PLANE('',#7057);
#6485=PLANE('',#7058);
#6486=PLANE('',#7059);
#6487=PLANE('',#7060);
#6488=PLANE('',#7061);
#6489=PLANE('',#7062);
#6490=PLANE('',#7063);
#6491=PLANE('',#7064);
#6492=PLANE('',#7065);
#6493=PLANE('',#7066);
#6494=PLANE('',#7067);
#6495=PLANE('',#7068);
#6496=PLANE('',#7069);
#6497=PLANE('',#7070);
#6498=PLANE('',#7071);
#6499=PLANE('',#7072);
#6500=PLANE('',#7073);
#6501=PLANE('',#7074);
#6502=PLANE('',#7075);
#6503=PLANE('',#7076);
#6504=PLANE('',#7077);
#6505=PLANE('',#7078);
#6506=PLANE('',#7079);
#6507=PLANE('',#7080);
#6508=PLANE('',#7081);
#6509=PLANE('',#7091);
#6510=PLANE('',#7092);
#6511=PLANE('',#7096);
#6512=PLANE('',#7097);
#6513=PLANE('',#7099);
#6514=PLANE('',#7100);
#6515=PLANE('',#7101);
#6516=PLANE('',#7102);
#6517=PLANE('',#7103);
#6518=PLANE('',#7104);
#6519=PLANE('',#7105);
#6520=PLANE('',#7107);
#6521=PLANE('',#7113);
#6522=PLANE('',#7114);
#6523=PLANE('',#7120);
#6524=PLANE('',#7126);
#6525=PLANE('',#7127);
#6526=PLANE('',#7133);
#6527=PLANE('',#7138);
#6528=PLANE('',#7141);
#6529=PLANE('',#7145);
#6530=PLANE('',#7146);
#6531=PLANE('',#7147);
#6532=PLANE('',#7148);
#6533=PLANE('',#7152);
#6534=PLANE('',#7153);
#6535=PLANE('',#7154);
#6536=PLANE('',#7155);
#6537=PLANE('',#7159);
#6538=PLANE('',#7160);
#6539=PLANE('',#7161);
#6540=PLANE('',#7164);
#6541=PLANE('',#7165);
#6542=PLANE('',#7166);
#6543=PLANE('',#7169);
#6544=PLANE('',#7170);
#6545=PLANE('',#7171);
#6546=PLANE('',#7172);
#6547=PLANE('',#7173);
#6548=PLANE('',#7176);
#6549=PLANE('',#7179);
#6550=PLANE('',#7182);
#6551=PLANE('',#7185);
#6552=PLANE('',#7186);
#6553=PLANE('',#7187);
#6554=PLANE('',#7188);
#6555=PLANE('',#7189);
#6556=PLANE('',#7190);
#6557=PLANE('',#7191);
#6558=PLANE('',#7192);
#6559=PLANE('',#7193);
#6560=ADVANCED_FACE('',(#648),#6379,.F.);
#6561=ADVANCED_FACE('',(#649),#6380,.F.);
#6562=ADVANCED_FACE('',(#650),#531,.F.);
#6563=ADVANCED_FACE('',(#651),#532,.F.);
#6564=ADVANCED_FACE('',(#652),#533,.F.);
#6565=ADVANCED_FACE('',(#653),#534,.F.);
#6566=ADVANCED_FACE('',(#654),#535,.F.);
#6567=ADVANCED_FACE('',(#655),#536,.F.);
#6568=ADVANCED_FACE('',(#656),#537,.F.);
#6569=ADVANCED_FACE('',(#657),#538,.F.);
#6570=ADVANCED_FACE('',(#658),#539,.F.);
#6571=ADVANCED_FACE('',(#659),#540,.F.);
#6572=ADVANCED_FACE('',(#660),#541,.F.);
#6573=ADVANCED_FACE('',(#661),#542,.F.);
#6574=ADVANCED_FACE('',(#662),#543,.F.);
#6575=ADVANCED_FACE('',(#663),#544,.F.);
#6576=ADVANCED_FACE('',(#664),#545,.F.);
#6577=ADVANCED_FACE('',(#665),#546,.F.);
#6578=ADVANCED_FACE('',(#666),#547,.F.);
#6579=ADVANCED_FACE('',(#667),#548,.F.);
#6580=ADVANCED_FACE('',(#668),#549,.F.);
#6581=ADVANCED_FACE('',(#669),#550,.F.);
#6582=ADVANCED_FACE('',(#670),#551,.F.);
#6583=ADVANCED_FACE('',(#671),#552,.F.);
#6584=ADVANCED_FACE('',(#672),#553,.F.);
#6585=ADVANCED_FACE('',(#673),#554,.F.);
#6586=ADVANCED_FACE('',(#674),#555,.F.);
#6587=ADVANCED_FACE('',(#675),#556,.F.);
#6588=ADVANCED_FACE('',(#676),#557,.F.);
#6589=ADVANCED_FACE('',(#677),#558,.F.);
#6590=ADVANCED_FACE('',(#678),#559,.F.);
#6591=ADVANCED_FACE('',(#679),#560,.F.);
#6592=ADVANCED_FACE('',(#680),#561,.F.);
#6593=ADVANCED_FACE('',(#681),#562,.F.);
#6594=ADVANCED_FACE('',(#682),#563,.F.);
#6595=ADVANCED_FACE('',(#683),#564,.F.);
#6596=ADVANCED_FACE('',(#684),#565,.F.);
#6597=ADVANCED_FACE('',(#685),#566,.F.);
#6598=ADVANCED_FACE('',(#686),#567,.F.);
#6599=ADVANCED_FACE('',(#687),#568,.F.);
#6600=ADVANCED_FACE('',(#688),#569,.F.);
#6601=ADVANCED_FACE('',(#689),#570,.F.);
#6602=ADVANCED_FACE('',(#690),#571,.F.);
#6603=ADVANCED_FACE('',(#691,#237),#6381,.T.);
#6604=ADVANCED_FACE('',(#692),#6382,.F.);
#6605=ADVANCED_FACE('',(#693),#6383,.F.);
#6606=ADVANCED_FACE('',(#694),#6384,.F.);
#6607=ADVANCED_FACE('',(#695),#6385,.F.);
#6608=ADVANCED_FACE('',(#696),#6386,.F.);
#6609=ADVANCED_FACE('',(#697),#6387,.F.);
#6610=ADVANCED_FACE('',(#698),#6388,.F.);
#6611=ADVANCED_FACE('',(#699),#6389,.F.);
#6612=ADVANCED_FACE('',(#700),#6390,.F.);
#6613=ADVANCED_FACE('',(#701),#6391,.F.);
#6614=ADVANCED_FACE('',(#702),#6392,.F.);
#6615=ADVANCED_FACE('',(#703),#6393,.F.);
#6616=ADVANCED_FACE('',(#704),#6394,.F.);
#6617=ADVANCED_FACE('',(#705),#6395,.F.);
#6618=ADVANCED_FACE('',(#706),#572,.F.);
#6619=ADVANCED_FACE('',(#707),#573,.F.);
#6620=ADVANCED_FACE('',(#708),#574,.F.);
#6621=ADVANCED_FACE('',(#709),#575,.F.);
#6622=ADVANCED_FACE('',(#710),#6396,.F.);
#6623=ADVANCED_FACE('',(#711),#6397,.F.);
#6624=ADVANCED_FACE('',(#712),#576,.F.);
#6625=ADVANCED_FACE('',(#713),#577,.F.);
#6626=ADVANCED_FACE('',(#714),#578,.F.);
#6627=ADVANCED_FACE('',(#715),#579,.F.);
#6628=ADVANCED_FACE('',(#716),#580,.F.);
#6629=ADVANCED_FACE('',(#717),#581,.F.);
#6630=ADVANCED_FACE('',(#718),#582,.F.);
#6631=ADVANCED_FACE('',(#719),#583,.F.);
#6632=ADVANCED_FACE('',(#720),#6398,.T.);
#6633=ADVANCED_FACE('',(#721),#6399,.F.);
#6634=ADVANCED_FACE('',(#722),#6400,.F.);
#6635=ADVANCED_FACE('',(#723),#6401,.F.);
#6636=ADVANCED_FACE('',(#724),#6402,.F.);
#6637=ADVANCED_FACE('',(#725),#6403,.F.);
#6638=ADVANCED_FACE('',(#726),#6404,.F.);
#6639=ADVANCED_FACE('',(#727),#6405,.F.);
#6640=ADVANCED_FACE('',(#728),#584,.F.);
#6641=ADVANCED_FACE('',(#729),#585,.F.);
#6642=ADVANCED_FACE('',(#730),#586,.F.);
#6643=ADVANCED_FACE('',(#731),#6406,.T.);
#6644=ADVANCED_FACE('',(#732),#6407,.F.);
#6645=ADVANCED_FACE('',(#733),#587,.F.);
#6646=ADVANCED_FACE('',(#734),#588,.F.);
#6647=ADVANCED_FACE('',(#735),#589,.F.);
#6648=ADVANCED_FACE('',(#736),#590,.F.);
#6649=ADVANCED_FACE('',(#737),#591,.F.);
#6650=ADVANCED_FACE('',(#738),#592,.F.);
#6651=ADVANCED_FACE('',(#739),#593,.F.);
#6652=ADVANCED_FACE('',(#740),#594,.F.);
#6653=ADVANCED_FACE('',(#741),#595,.F.);
#6654=ADVANCED_FACE('',(#742),#596,.F.);
#6655=ADVANCED_FACE('',(#743),#6408,.F.);
#6656=ADVANCED_FACE('',(#744),#6409,.T.);
#6657=ADVANCED_FACE('',(#745),#6410,.F.);
#6658=ADVANCED_FACE('',(#746),#6411,.F.);
#6659=ADVANCED_FACE('',(#747),#6412,.F.);
#6660=ADVANCED_FACE('',(#748),#6413,.F.);
#6661=ADVANCED_FACE('',(#749),#6414,.F.);
#6662=ADVANCED_FACE('',(#750),#6415,.F.);
#6663=ADVANCED_FACE('',(#751),#6416,.F.);
#6664=ADVANCED_FACE('',(#752),#6417,.F.);
#6665=ADVANCED_FACE('',(#753),#6418,.F.);
#6666=ADVANCED_FACE('',(#754),#597,.F.);
#6667=ADVANCED_FACE('',(#755),#598,.F.);
#6668=ADVANCED_FACE('',(#756),#6419,.F.);
#6669=ADVANCED_FACE('',(#757),#6420,.F.);
#6670=ADVANCED_FACE('',(#758),#599,.F.);
#6671=ADVANCED_FACE('',(#759),#600,.F.);
#6672=ADVANCED_FACE('',(#760),#601,.F.);
#6673=ADVANCED_FACE('',(#761),#6421,.F.);
#6674=ADVANCED_FACE('',(#762),#6422,.F.);
#6675=ADVANCED_FACE('',(#763),#602,.F.);
#6676=ADVANCED_FACE('',(#764),#6423,.F.);
#6677=ADVANCED_FACE('',(#765),#6424,.F.);
#6678=ADVANCED_FACE('',(#766),#6425,.F.);
#6679=ADVANCED_FACE('',(#767),#603,.F.);
#6680=ADVANCED_FACE('',(#768),#604,.F.);
#6681=ADVANCED_FACE('',(#769),#6426,.F.);
#6682=ADVANCED_FACE('',(#770),#6427,.F.);
#6683=ADVANCED_FACE('',(#771),#605,.F.);
#6684=ADVANCED_FACE('',(#772),#606,.F.);
#6685=ADVANCED_FACE('',(#773),#607,.F.);
#6686=ADVANCED_FACE('',(#774),#608,.F.);
#6687=ADVANCED_FACE('',(#775),#609,.F.);
#6688=ADVANCED_FACE('',(#776),#6428,.F.);
#6689=ADVANCED_FACE('',(#777),#6429,.F.);
#6690=ADVANCED_FACE('',(#778),#6430,.F.);
#6691=ADVANCED_FACE('',(#779),#6431,.F.);
#6692=ADVANCED_FACE('',(#780,#238),#6432,.T.);
#6693=ADVANCED_FACE('',(#781),#6433,.F.);
#6694=ADVANCED_FACE('',(#782),#6434,.F.);
#6695=ADVANCED_FACE('',(#783),#6435,.F.);
#6696=ADVANCED_FACE('',(#784),#610,.F.);
#6697=ADVANCED_FACE('',(#785),#611,.F.);
#6698=ADVANCED_FACE('',(#786),#612,.F.);
#6699=ADVANCED_FACE('',(#787),#613,.F.);
#6700=ADVANCED_FACE('',(#788),#6436,.F.);
#6701=ADVANCED_FACE('',(#789),#6437,.F.);
#6702=ADVANCED_FACE('',(#790),#6438,.F.);
#6703=ADVANCED_FACE('',(#791),#614,.F.);
#6704=ADVANCED_FACE('',(#792),#615,.F.);
#6705=ADVANCED_FACE('',(#793),#616,.F.);
#6706=ADVANCED_FACE('',(#794),#617,.F.);
#6707=ADVANCED_FACE('',(#795),#618,.F.);
#6708=ADVANCED_FACE('',(#796),#619,.F.);
#6709=ADVANCED_FACE('',(#797),#620,.F.);
#6710=ADVANCED_FACE('',(#798),#6439,.F.);
#6711=ADVANCED_FACE('',(#799),#6440,.F.);
#6712=ADVANCED_FACE('',(#800),#621,.F.);
#6713=ADVANCED_FACE('',(#801),#622,.F.);
#6714=ADVANCED_FACE('',(#802),#6441,.F.);
#6715=ADVANCED_FACE('',(#803),#6442,.F.);
#6716=ADVANCED_FACE('',(#804),#6443,.F.);
#6717=ADVANCED_FACE('',(#805),#6444,.F.);
#6718=ADVANCED_FACE('',(#806,#239,#240),#6445,.T.);
#6719=ADVANCED_FACE('',(#807),#623,.F.);
#6720=ADVANCED_FACE('',(#808),#624,.F.);
#6721=ADVANCED_FACE('',(#809),#625,.F.);
#6722=ADVANCED_FACE('',(#810),#626,.F.);
#6723=ADVANCED_FACE('',(#811),#627,.F.);
#6724=ADVANCED_FACE('',(#812),#628,.F.);
#6725=ADVANCED_FACE('',(#813),#629,.F.);
#6726=ADVANCED_FACE('',(#814),#630,.F.);
#6727=ADVANCED_FACE('',(#815),#6446,.F.);
#6728=ADVANCED_FACE('',(#816),#6447,.F.);
#6729=ADVANCED_FACE('',(#817),#6448,.F.);
#6730=ADVANCED_FACE('',(#818),#6449,.F.);
#6731=ADVANCED_FACE('',(#819),#6450,.F.);
#6732=ADVANCED_FACE('',(#820),#6451,.F.);
#6733=ADVANCED_FACE('',(#821),#631,.F.);
#6734=ADVANCED_FACE('',(#822),#632,.F.);
#6735=ADVANCED_FACE('',(#823),#6452,.F.);
#6736=ADVANCED_FACE('',(#824),#6453,.F.);
#6737=ADVANCED_FACE('',(#825),#6454,.F.);
#6738=ADVANCED_FACE('',(#826),#633,.F.);
#6739=ADVANCED_FACE('',(#827),#634,.F.);
#6740=ADVANCED_FACE('',(#828),#6455,.F.);
#6741=ADVANCED_FACE('',(#829,#241),#6456,.T.);
#6742=ADVANCED_FACE('',(#830),#635,.F.);
#6743=ADVANCED_FACE('',(#831),#636,.F.);
#6744=ADVANCED_FACE('',(#832),#637,.F.);
#6745=ADVANCED_FACE('',(#833),#638,.F.);
#6746=ADVANCED_FACE('',(#834),#6457,.T.);
#6747=ADVANCED_FACE('',(#835),#6458,.F.);
#6748=ADVANCED_FACE('',(#836),#639,.F.);
#6749=ADVANCED_FACE('',(#837),#640,.F.);
#6750=ADVANCED_FACE('',(#838),#641,.F.);
#6751=ADVANCED_FACE('',(#839),#642,.F.);
#6752=ADVANCED_FACE('',(#840),#6459,.F.);
#6753=ADVANCED_FACE('',(#841),#6460,.F.);
#6754=ADVANCED_FACE('',(#842),#6461,.F.);
#6755=ADVANCED_FACE('',(#843),#6462,.F.);
#6756=ADVANCED_FACE('',(#844),#6463,.F.);
#6757=ADVANCED_FACE('',(#845),#6464,.F.);
#6758=ADVANCED_FACE('',(#846),#6465,.F.);
#6759=ADVANCED_FACE('',(#847),#643,.F.);
#6760=ADVANCED_FACE('',(#848),#6466,.F.);
#6761=ADVANCED_FACE('',(#849),#6467,.F.);
#6762=ADVANCED_FACE('',(#850),#644,.F.);
#6763=ADVANCED_FACE('',(#851),#645,.F.);
#6764=ADVANCED_FACE('',(#852),#646,.F.);
#6765=ADVANCED_FACE('',(#853),#647,.F.);
#6766=ADVANCED_FACE('',(#854),#6468,.F.);
#6767=ADVANCED_FACE('',(#855,#242),#6469,.T.);
#6768=ADVANCED_FACE('',(#856),#6470,.T.);
#6769=ADVANCED_FACE('',(#857),#6471,.T.);
#6770=ADVANCED_FACE('',(#858),#6472,.T.);
#6771=ADVANCED_FACE('',(#859),#6473,.T.);
#6772=ADVANCED_FACE('',(#860),#6474,.T.);
#6773=ADVANCED_FACE('',(#861),#6475,.T.);
#6774=ADVANCED_FACE('',(#862),#192,.F.);
#6775=ADVANCED_FACE('',(#863),#193,.F.);
#6776=ADVANCED_FACE('',(#864),#194,.F.);
#6777=ADVANCED_FACE('',(#865),#195,.F.);
#6778=ADVANCED_FACE('',(#866),#196,.F.);
#6779=ADVANCED_FACE('',(#867),#197,.F.);
#6780=ADVANCED_FACE('',(#868),#198,.F.);
#6781=ADVANCED_FACE('',(#869),#199,.F.);
#6782=ADVANCED_FACE('',(#870),#200,.F.);
#6783=ADVANCED_FACE('',(#871),#6476,.F.);
#6784=ADVANCED_FACE('',(#872),#201,.F.);
#6785=ADVANCED_FACE('',(#873),#202,.F.);
#6786=ADVANCED_FACE('',(#874),#203,.F.);
#6787=ADVANCED_FACE('',(#875),#204,.F.);
#6788=ADVANCED_FACE('',(#876),#205,.F.);
#6789=ADVANCED_FACE('',(#877),#206,.F.);
#6790=ADVANCED_FACE('',(#878),#207,.F.);
#6791=ADVANCED_FACE('',(#879),#208,.F.);
#6792=ADVANCED_FACE('',(#880),#6477,.F.);
#6793=ADVANCED_FACE('',(#881),#6478,.F.);
#6794=ADVANCED_FACE('',(#882),#6479,.F.);
#6795=ADVANCED_FACE('',(#883),#6480,.T.);
#6796=ADVANCED_FACE('',(#884),#209,.F.);
#6797=ADVANCED_FACE('',(#885),#210,.F.);
#6798=ADVANCED_FACE('',(#886),#211,.F.);
#6799=ADVANCED_FACE('',(#887),#212,.F.);
#6800=ADVANCED_FACE('',(#888),#213,.F.);
#6801=ADVANCED_FACE('',(#889),#214,.F.);
#6802=ADVANCED_FACE('',(#890),#215,.F.);
#6803=ADVANCED_FACE('',(#891),#216,.F.);
#6804=ADVANCED_FACE('',(#892),#217,.F.);
#6805=ADVANCED_FACE('',(#893),#218,.F.);
#6806=ADVANCED_FACE('',(#894),#219,.F.);
#6807=ADVANCED_FACE('',(#895),#6481,.F.);
#6808=ADVANCED_FACE('',(#896),#220,.F.);
#6809=ADVANCED_FACE('',(#897),#221,.F.);
#6810=ADVANCED_FACE('',(#898),#222,.F.);
#6811=ADVANCED_FACE('',(#899),#223,.F.);
#6812=ADVANCED_FACE('',(#900),#224,.F.);
#6813=ADVANCED_FACE('',(#901),#225,.F.);
#6814=ADVANCED_FACE('',(#902),#6482,.F.);
#6815=ADVANCED_FACE('',(#903),#226,.F.);
#6816=ADVANCED_FACE('',(#904),#227,.F.);
#6817=ADVANCED_FACE('',(#905),#228,.F.);
#6818=ADVANCED_FACE('',(#906),#229,.F.);
#6819=ADVANCED_FACE('',(#907),#230,.F.);
#6820=ADVANCED_FACE('',(#908),#231,.F.);
#6821=ADVANCED_FACE('',(#909),#232,.F.);
#6822=ADVANCED_FACE('',(#910),#6483,.F.);
#6823=ADVANCED_FACE('',(#911),#233,.F.);
#6824=ADVANCED_FACE('',(#912),#6484,.T.);
#6825=ADVANCED_FACE('',(#913),#6485,.F.);
#6826=ADVANCED_FACE('',(#914),#6486,.F.);
#6827=ADVANCED_FACE('',(#915),#6487,.F.);
#6828=ADVANCED_FACE('',(#916),#6488,.F.);
#6829=ADVANCED_FACE('',(#917),#6489,.F.);
#6830=ADVANCED_FACE('',(#918),#6490,.F.);
#6831=ADVANCED_FACE('',(#919),#6491,.F.);
#6832=ADVANCED_FACE('',(#920),#6492,.F.);
#6833=ADVANCED_FACE('',(#921),#6493,.F.);
#6834=ADVANCED_FACE('',(#922),#6494,.F.);
#6835=ADVANCED_FACE('',(#923),#6495,.F.);
#6836=ADVANCED_FACE('',(#924,#243),#6496,.F.);
#6837=ADVANCED_FACE('',(#925),#234,.F.);
#6838=ADVANCED_FACE('',(#926),#6497,.T.);
#6839=ADVANCED_FACE('',(#927),#235,.F.);
#6840=ADVANCED_FACE('',(#928),#6498,.F.);
#6841=ADVANCED_FACE('',(#929),#236,.F.);
#6842=ADVANCED_FACE('',(#930),#6499,.F.);
#6843=ADVANCED_FACE('',(#931),#6500,.F.);
#6844=ADVANCED_FACE('',(#932),#6501,.F.);
#6845=ADVANCED_FACE('',(#933),#6502,.T.);
#6846=ADVANCED_FACE('',(#934),#6503,.T.);
#6847=ADVANCED_FACE('',(#935),#6504,.F.);
#6848=ADVANCED_FACE('',(#936),#6505,.F.);
#6849=ADVANCED_FACE('',(#937),#6506,.T.);
#6850=ADVANCED_FACE('',(#938),#6507,.F.);
#6851=ADVANCED_FACE('',(#939),#6508,.F.);
#6852=ADVANCED_FACE('',(#940),#75,.F.);
#6853=ADVANCED_FACE('',(#941),#76,.F.);
#6854=ADVANCED_FACE('',(#942),#77,.F.);
#6855=ADVANCED_FACE('',(#943),#6509,.T.);
#6856=ADVANCED_FACE('',(#944),#6510,.T.);
#6857=ADVANCED_FACE('',(#945),#78,.F.);
#6858=ADVANCED_FACE('',(#946,#244,#245,#246,#247,#248,#249,#250,#251,#252,
#253,#254,#255,#256,#257,#258,#259,#260),#6511,.T.);
#6859=ADVANCED_FACE('',(#947,#261,#262,#263,#264,#265),#6512,.F.);
#6860=ADVANCED_FACE('',(#948),#6513,.T.);
#6861=ADVANCED_FACE('',(#949),#6514,.F.);
#6862=ADVANCED_FACE('',(#950,#266),#6515,.F.);
#6863=ADVANCED_FACE('',(#951,#267),#6516,.T.);
#6864=ADVANCED_FACE('',(#952,#268),#6517,.T.);
#6865=ADVANCED_FACE('',(#953,#269),#6518,.T.);
#6866=ADVANCED_FACE('',(#954,#270),#6519,.T.);
#6867=ADVANCED_FACE('',(#955,#271,#272,#273,#274),#6520,.T.);
#6868=ADVANCED_FACE('',(#956),#6521,.T.);
#6869=ADVANCED_FACE('',(#957,#275,#276,#277,#278,#279),#6522,.F.);
#6870=ADVANCED_FACE('',(#958,#280,#281,#282,#283,#284),#6523,.T.);
#6871=ADVANCED_FACE('',(#959),#6524,.F.);
#6872=ADVANCED_FACE('',(#960,#285,#286,#287,#288),#6525,.T.);
#6873=ADVANCED_FACE('',(#961,#289,#290,#291,#292,#293),#6526,.T.);
#6874=ADVANCED_FACE('',(#962),#6527,.F.);
#6875=ADVANCED_FACE('',(#963),#6528,.T.);
#6876=ADVANCED_FACE('',(#964),#79,.F.);
#6877=ADVANCED_FACE('',(#965,#294),#6529,.T.);
#6878=ADVANCED_FACE('',(#966),#6530,.T.);
#6879=ADVANCED_FACE('',(#967),#6531,.T.);
#6880=ADVANCED_FACE('',(#968),#6532,.F.);
#6881=ADVANCED_FACE('',(#969),#80,.F.);
#6882=ADVANCED_FACE('',(#970,#295),#6533,.T.);
#6883=ADVANCED_FACE('',(#971),#6534,.T.);
#6884=ADVANCED_FACE('',(#972),#6535,.F.);
#6885=ADVANCED_FACE('',(#973),#6536,.T.);
#6886=ADVANCED_FACE('',(#974),#81,.F.);
#6887=ADVANCED_FACE('',(#975,#296),#6537,.T.);
#6888=ADVANCED_FACE('',(#976),#6538,.T.);
#6889=ADVANCED_FACE('',(#977),#6539,.T.);
#6890=ADVANCED_FACE('',(#978),#6540,.F.);
#6891=ADVANCED_FACE('',(#979),#6541,.T.);
#6892=ADVANCED_FACE('',(#980),#6542,.F.);
#6893=ADVANCED_FACE('',(#981),#82,.F.);
#6894=ADVANCED_FACE('',(#982),#6543,.T.);
#6895=ADVANCED_FACE('',(#983),#6544,.T.);
#6896=ADVANCED_FACE('',(#984),#6545,.F.);
#6897=ADVANCED_FACE('',(#985),#6546,.F.);
#6898=ADVANCED_FACE('',(#986),#6547,.T.);
#6899=ADVANCED_FACE('',(#987),#83,.F.);
#6900=ADVANCED_FACE('',(#988),#6548,.T.);
#6901=ADVANCED_FACE('',(#989),#84,.F.);
#6902=ADVANCED_FACE('',(#990),#6549,.T.);
#6903=ADVANCED_FACE('',(#991),#85,.F.);
#6904=ADVANCED_FACE('',(#992),#6550,.T.);
#6905=ADVANCED_FACE('',(#993),#86,.F.);
#6906=ADVANCED_FACE('',(#994),#6551,.T.);
#6907=ADVANCED_FACE('',(#995),#6552,.T.);
#6908=ADVANCED_FACE('',(#996),#6553,.T.);
#6909=ADVANCED_FACE('',(#997),#6554,.T.);
#6910=ADVANCED_FACE('',(#998),#6555,.T.);
#6911=ADVANCED_FACE('',(#999),#6556,.T.);
#6912=ADVANCED_FACE('',(#1000),#6557,.F.);
#6913=ADVANCED_FACE('',(#1001),#6558,.F.);
#6914=ADVANCED_FACE('',(#1002),#6559,.T.);
#6915=ADVANCED_FACE('',(#1003),#87,.F.);
#6916=ADVANCED_FACE('',(#1004),#88,.F.);
#6917=ADVANCED_FACE('',(#1005),#89,.F.);
#6918=ADVANCED_FACE('',(#1006),#90,.F.);
#6919=ADVANCED_FACE('',(#1007),#91,.F.);
#6920=ADVANCED_FACE('',(#1008),#92,.F.);
#6921=ADVANCED_FACE('',(#1009),#93,.F.);
#6922=ADVANCED_FACE('',(#1010),#94,.F.);
#6923=ADVANCED_FACE('',(#1011),#95,.F.);
#6924=ADVANCED_FACE('',(#1012),#96,.F.);
#6925=CLOSED_SHELL('',(#6560,#6561,#6562,#6563,#6564,#6565,#6566,#6567,
#6568,#6569,#6570,#6571,#6572,#6573,#6574,#6575,#6576,#6577,#6578,#6579,
#6580,#6581,#6582,#6583,#6584,#6585,#6586,#6587,#6588,#6589,#6590,#6591,
#6592,#6593,#6594,#6595,#6596,#6597,#6598,#6599,#6600,#6601,#6602,#6603,
#6604,#6605,#6606,#6607,#6608,#6609,#6610,#6611,#6612,#6613,#6614,#6615,
#6616,#6617,#6618,#6619,#6620,#6621,#6622,#6623,#6624,#6625,#6626,#6627,
#6628,#6629,#6630,#6631,#6632,#6633,#6634,#6635,#6636,#6637,#6638,#6639,
#6640,#6641,#6642,#6643,#6644,#6645,#6646,#6647,#6648,#6649,#6650,#6651,
#6652,#6653,#6654,#6655,#6656,#6657,#6658,#6659,#6660,#6661,#6662,#6663,
#6664,#6665,#6666,#6667,#6668,#6669,#6670,#6671,#6672,#6673,#6674,#6675,
#6676,#6677,#6678,#6679,#6680,#6681,#6682,#6683,#6684,#6685,#6686,#6687,
#6688,#6689,#6690,#6691,#6692,#6693,#6694,#6695,#6696,#6697,#6698,#6699,
#6700,#6701,#6702,#6703,#6704,#6705,#6706,#6707,#6708,#6709,#6710,#6711,
#6712,#6713,#6714,#6715,#6716,#6717,#6718,#6719,#6720,#6721,#6722,#6723,
#6724,#6725,#6726,#6727,#6728,#6729,#6730,#6731,#6732,#6733,#6734,#6735,
#6736,#6737,#6738,#6739,#6740,#6741,#6742,#6743,#6744,#6745,#6746,#6747,
#6748,#6749,#6750,#6751,#6752,#6753,#6754,#6755,#6756,#6757,#6758,#6759,
#6760,#6761,#6762,#6763,#6764,#6765,#6766,#6767,#6768,#6769,#6770,#6771,
#6772,#6773,#6774,#6775,#6776,#6777,#6778,#6779,#6780,#6781,#6782,#6783,
#6784,#6785,#6786,#6787,#6788,#6789,#6790,#6791,#6792,#6793,#6794,#6795,
#6796,#6797,#6798,#6799,#6800,#6801,#6802,#6803,#6804,#6805,#6806,#6807,
#6808,#6809,#6810,#6811,#6812,#6813,#6814,#6815,#6816,#6817,#6818,#6819,
#6820,#6821,#6822,#6823,#6824,#6825,#6826,#6827,#6828,#6829,#6830,#6831,
#6832,#6833,#6834,#6835,#6836,#6837,#6838,#6839,#6840,#6841,#6842,#6843,
#6844,#6845,#6846,#6847,#6848,#6849,#6850,#6851,#6852,#6853,#6854,#6855,
#6856,#6857,#6858,#6859));
#6926=CLOSED_SHELL('',(#6860,#6861,#6862,#6863,#6864,#6865,#6866,#6867,
#6868,#6869,#6870,#6871,#6872,#6873,#6874,#6875,#6876,#6877,#6878,#6879,
#6880,#6881,#6882,#6883,#6884,#6885,#6886,#6887,#6888,#6889,#6890,#6891,
#6892,#6893,#6894,#6895,#6896,#6897,#6898,#6899,#6900,#6901,#6902,#6903,
#6904,#6905,#6906,#6907,#6908,#6909,#6910,#6911,#6912,#6913,#6914,#6915,
#6916,#6917,#6918,#6919,#6920,#6921,#6922,#6923,#6924));
#6927=DERIVED_UNIT_ELEMENT(#6931,1.);
#6928=DERIVED_UNIT_ELEMENT(#12710,-3.);
#6929=DERIVED_UNIT_ELEMENT(#6931,1.);
#6930=DERIVED_UNIT_ELEMENT(#12710,-3.);
#6931=(
MASS_UNIT()
NAMED_UNIT(*)
SI_UNIT(.KILO.,.GRAM.)
);
#6932=DERIVED_UNIT((#6927,#6928));
#6933=DERIVED_UNIT((#6929,#6930));
#6934=MEASURE_REPRESENTATION_ITEM('density measure',
POSITIVE_RATIO_MEASURE(7850.),#6932);
#6935=MEASURE_REPRESENTATION_ITEM('density measure',
POSITIVE_RATIO_MEASURE(7850.),#6933);
#6936=PROPERTY_DEFINITION_REPRESENTATION(#6946,#6940);
#6937=PROPERTY_DEFINITION_REPRESENTATION(#6947,#6941);
#6938=PROPERTY_DEFINITION_REPRESENTATION(#6948,#6942);
#6939=PROPERTY_DEFINITION_REPRESENTATION(#6949,#6943);
#6940=REPRESENTATION('material name',(#6944),#12707);
#6941=REPRESENTATION('density',(#6934),#12707);
#6942=REPRESENTATION('material name',(#6945),#12708);
#6943=REPRESENTATION('density',(#6935),#12708);
#6944=DESCRIPTIVE_REPRESENTATION_ITEM('Steel','Steel');
#6945=DESCRIPTIVE_REPRESENTATION_ITEM('Steel','Steel');
#6946=PROPERTY_DEFINITION('material property','material name',#12726);
#6947=PROPERTY_DEFINITION('material property','density of part',#12726);
#6948=PROPERTY_DEFINITION('material property','material name',#12727);
#6949=PROPERTY_DEFINITION('material property','density of part',#12727);
#6950=AXIS2_PLACEMENT_3D('',#8346,#7206,#7207);
#6951=AXIS2_PLACEMENT_3D('',#8347,#7208,#7209);
#6952=AXIS2_PLACEMENT_3D('',#8348,#7210,#7211);
#6953=AXIS2_PLACEMENT_3D('',#8357,#7216,#7217);
#6954=AXIS2_PLACEMENT_3D('',#9142,#7262,#7263);
#6955=AXIS2_PLACEMENT_3D('',#9143,#7264,#7265);
#6956=AXIS2_PLACEMENT_3D('',#9152,#7270,#7271);
#6957=AXIS2_PLACEMENT_3D('',#9158,#7275,#7276);
#6958=AXIS2_PLACEMENT_3D('',#9164,#7280,#7281);
#6959=AXIS2_PLACEMENT_3D('',#9170,#7285,#7286);
#6960=AXIS2_PLACEMENT_3D('',#9176,#7290,#7291);
#6961=AXIS2_PLACEMENT_3D('',#9182,#7295,#7296);
#6962=AXIS2_PLACEMENT_3D('',#9188,#7300,#7301);
#6963=AXIS2_PLACEMENT_3D('',#9194,#7305,#7306);
#6964=AXIS2_PLACEMENT_3D('',#9200,#7310,#7311);
#6965=AXIS2_PLACEMENT_3D('',#9206,#7315,#7316);
#6966=AXIS2_PLACEMENT_3D('',#9212,#7320,#7321);
#6967=AXIS2_PLACEMENT_3D('',#9218,#7325,#7326);
#6968=AXIS2_PLACEMENT_3D('',#9221,#7329,#7330);
#6969=AXIS2_PLACEMENT_3D('',#9301,#7336,#7337);
#6970=AXIS2_PLACEMENT_3D('',#9307,#7341,#7342);
#6971=AXIS2_PLACEMENT_3D('',#9462,#7353,#7354);
#6972=AXIS2_PLACEMENT_3D('',#9463,#7355,#7356);
#6973=AXIS2_PLACEMENT_3D('',#9472,#7361,#7362);
#6974=AXIS2_PLACEMENT_3D('',#9478,#7366,#7367);
#6975=AXIS2_PLACEMENT_3D('',#9484,#7371,#7372);
#6976=AXIS2_PLACEMENT_3D('',#9490,#7376,#7377);
#6977=AXIS2_PLACEMENT_3D('',#9496,#7381,#7382);
#6978=AXIS2_PLACEMENT_3D('',#9499,#7385,#7386);
#6979=AXIS2_PLACEMENT_3D('',#9557,#7390,#7391);
#6980=AXIS2_PLACEMENT_3D('',#9558,#7392,#7393);
#6981=AXIS2_PLACEMENT_3D('',#9757,#7408,#7409);
#6982=AXIS2_PLACEMENT_3D('',#9760,#7412,#7413);
#6983=AXIS2_PLACEMENT_3D('',#9761,#7414,#7415);
#6984=AXIS2_PLACEMENT_3D('',#9770,#7420,#7421);
#6985=AXIS2_PLACEMENT_3D('',#9776,#7425,#7426);
#6986=AXIS2_PLACEMENT_3D('',#9782,#7430,#7431);
#6987=AXIS2_PLACEMENT_3D('',#9788,#7435,#7436);
#6988=AXIS2_PLACEMENT_3D('',#9794,#7440,#7441);
#6989=AXIS2_PLACEMENT_3D('',#9800,#7445,#7446);
#6990=AXIS2_PLACEMENT_3D('',#9806,#7450,#7451);
#6991=AXIS2_PLACEMENT_3D('',#9809,#7454,#7455);
#6992=AXIS2_PLACEMENT_3D('',#9851,#7459,#7460);
#6993=AXIS2_PLACEMENT_3D('',#9857,#7464,#7465);
#6994=AXIS2_PLACEMENT_3D('',#9917,#7471,#7472);
#6995=AXIS2_PLACEMENT_3D('',#9926,#7477,#7478);
#6996=AXIS2_PLACEMENT_3D('',#9951,#7483,#7484);
#6997=AXIS2_PLACEMENT_3D('',#9957,#7488,#7489);
#6998=AXIS2_PLACEMENT_3D('',#9963,#7493,#7494);
#6999=AXIS2_PLACEMENT_3D('',#10007,#7500,#7501);
#7000=AXIS2_PLACEMENT_3D('',#10013,#7505,#7506);
#7001=AXIS2_PLACEMENT_3D('',#10114,#7515,#7516);
#7002=AXIS2_PLACEMENT_3D('',#10120,#7520,#7521);
#7003=AXIS2_PLACEMENT_3D('',#10126,#7525,#7526);
#7004=AXIS2_PLACEMENT_3D('',#10132,#7530,#7531);
#7005=AXIS2_PLACEMENT_3D('',#10135,#7534,#7535);
#7006=AXIS2_PLACEMENT_3D('',#10136,#7536,#7537);
#7007=AXIS2_PLACEMENT_3D('',#10145,#7542,#7543);
#7008=AXIS2_PLACEMENT_3D('',#10151,#7547,#7548);
#7009=AXIS2_PLACEMENT_3D('',#10230,#7555,#7556);
#7010=AXIS2_PLACEMENT_3D('',#10239,#7561,#7562);
#7011=AXIS2_PLACEMENT_3D('',#10245,#7566,#7567);
#7012=AXIS2_PLACEMENT_3D('',#10384,#7578,#7579);
#7013=AXIS2_PLACEMENT_3D('',#10390,#7583,#7584);
#7014=AXIS2_PLACEMENT_3D('',#10434,#7590,#7591);
#7015=AXIS2_PLACEMENT_3D('',#10440,#7595,#7596);
#7016=AXIS2_PLACEMENT_3D('',#10446,#7600,#7601);
#7017=AXIS2_PLACEMENT_3D('',#10452,#7605,#7606);
#7018=AXIS2_PLACEMENT_3D('',#10455,#7609,#7610);
#7019=AXIS2_PLACEMENT_3D('',#10608,#7619,#7620);
#7020=AXIS2_PLACEMENT_3D('',#10617,#7625,#7626);
#7021=AXIS2_PLACEMENT_3D('',#10623,#7630,#7631);
#7022=AXIS2_PLACEMENT_3D('',#10629,#7635,#7636);
#7023=AXIS2_PLACEMENT_3D('',#10635,#7640,#7641);
#7024=AXIS2_PLACEMENT_3D('',#10641,#7645,#7646);
#7025=AXIS2_PLACEMENT_3D('',#10685,#7652,#7653);
#7026=AXIS2_PLACEMENT_3D('',#10691,#7657,#7658);
#7027=AXIS2_PLACEMENT_3D('',#10697,#7662,#7663);
#7028=AXIS2_PLACEMENT_3D('',#10741,#7669,#7670);
#7029=AXIS2_PLACEMENT_3D('',#10744,#7673,#7674);
#7030=AXIS2_PLACEMENT_3D('',#10821,#7679,#7680);
#7031=AXIS2_PLACEMENT_3D('',#10822,#7681,#7682);
#7032=AXIS2_PLACEMENT_3D('',#10907,#7691,#7692);
#7033=AXIS2_PLACEMENT_3D('',#10910,#7695,#7696);
#7034=AXIS2_PLACEMENT_3D('',#10919,#7701,#7702);
#7035=AXIS2_PLACEMENT_3D('',#10925,#7706,#7707);
#7036=AXIS2_PLACEMENT_3D('',#10931,#7711,#7712);
#7037=AXIS2_PLACEMENT_3D('',#10937,#7716,#7717);
#7038=AXIS2_PLACEMENT_3D('',#10943,#7721,#7722);
#7039=AXIS2_PLACEMENT_3D('',#10968,#7727,#7728);
#7040=AXIS2_PLACEMENT_3D('',#10974,#7732,#7733);
#7041=AXIS2_PLACEMENT_3D('',#11056,#7741,#7742);
#7042=AXIS2_PLACEMENT_3D('',#11059,#7745,#7746);
#7043=AXIS2_PLACEMENT_3D('',#11060,#7747,#7748);
#7044=AXIS2_PLACEMENT_3D('',#11061,#7749,#7750);
#7045=AXIS2_PLACEMENT_3D('',#11062,#7751,#7752);
#7046=AXIS2_PLACEMENT_3D('',#11063,#7753,#7754);
#7047=AXIS2_PLACEMENT_3D('',#11064,#7755,#7756);
#7048=AXIS2_PLACEMENT_3D('',#11065,#7757,#7758);
#7049=AXIS2_PLACEMENT_3D('',#11289,#7768,#7769);
#7050=AXIS2_PLACEMENT_3D('',#11479,#7781,#7782);
#7051=AXIS2_PLACEMENT_3D('',#11485,#7786,#7787);
#7052=AXIS2_PLACEMENT_3D('',#11491,#7791,#7792);
#7053=AXIS2_PLACEMENT_3D('',#11494,#7795,#7796);
#7054=AXIS2_PLACEMENT_3D('',#11765,#7809,#7810);
#7055=AXIS2_PLACEMENT_3D('',#11909,#7820,#7821);
#7056=AXIS2_PLACEMENT_3D('',#12076,#7832,#7833);
#7057=AXIS2_PLACEMENT_3D('',#12102,#7837,#7838);
#7058=AXIS2_PLACEMENT_3D('',#12104,#7840,#7841);
#7059=AXIS2_PLACEMENT_3D('',#12113,#7846,#7847);
#7060=AXIS2_PLACEMENT_3D('',#12119,#7851,#7852);
#7061=AXIS2_PLACEMENT_3D('',#12122,#7855,#7856);
#7062=AXIS2_PLACEMENT_3D('',#12128,#7860,#7861);
#7063=AXIS2_PLACEMENT_3D('',#12134,#7865,#7866);
#7064=AXIS2_PLACEMENT_3D('',#12140,#7870,#7871);
#7065=AXIS2_PLACEMENT_3D('',#12149,#7876,#7877);
#7066=AXIS2_PLACEMENT_3D('',#12155,#7881,#7882);
#7067=AXIS2_PLACEMENT_3D('',#12161,#7886,#7887);
#7068=AXIS2_PLACEMENT_3D('',#12167,#7891,#7892);
#7069=AXIS2_PLACEMENT_3D('',#12170,#7895,#7896);
#7070=AXIS2_PLACEMENT_3D('',#12203,#7899,#7900);
#7071=AXIS2_PLACEMENT_3D('',#12242,#7907,#7908);
#7072=AXIS2_PLACEMENT_3D('',#12263,#7912,#7913);
#7073=AXIS2_PLACEMENT_3D('',#12267,#7916,#7917);
#7074=AXIS2_PLACEMENT_3D('',#12271,#7920,#7921);
#7075=AXIS2_PLACEMENT_3D('',#12275,#7924,#7925);
#7076=AXIS2_PLACEMENT_3D('',#12276,#7926,#7927);
#7077=AXIS2_PLACEMENT_3D('',#12285,#7932,#7933);
#7078=AXIS2_PLACEMENT_3D('',#12291,#7937,#7938);
#7079=AXIS2_PLACEMENT_3D('',#12297,#7942,#7943);
#7080=AXIS2_PLACEMENT_3D('',#12306,#7948,#7949);
#7081=AXIS2_PLACEMENT_3D('',#12312,#7953,#7954);
#7082=AXIS2_PLACEMENT_3D('',#12318,#7958,#7959);
#7083=AXIS2_PLACEMENT_3D('',#12320,#7960,#7961);
#7084=AXIS2_PLACEMENT_3D('',#12323,#7963,#7964);
#7085=AXIS2_PLACEMENT_3D('',#12324,#7965,#7966);
#7086=AXIS2_PLACEMENT_3D('',#12326,#7967,#7968);
#7087=AXIS2_PLACEMENT_3D('',#12329,#7970,#7971);
#7088=AXIS2_PLACEMENT_3D('',#12330,#7972,#7973);
#7089=AXIS2_PLACEMENT_3D('',#12332,#7974,#7975);
#7090=AXIS2_PLACEMENT_3D('',#12335,#7977,#7978);
#7091=AXIS2_PLACEMENT_3D('',#12336,#7979,#7980);
#7092=AXIS2_PLACEMENT_3D('',#12339,#7983,#7984);
#7093=AXIS2_PLACEMENT_3D('',#12346,#7991,#7992);
#7094=AXIS2_PLACEMENT_3D('',#12348,#7993,#7994);
#7095=AXIS2_PLACEMENT_3D('',#12351,#7996,#7997);
#7096=AXIS2_PLACEMENT_3D('',#12352,#7998,#7999);
#7097=AXIS2_PLACEMENT_3D('',#12353,#8000,#8001);
#7098=AXIS2_PLACEMENT_3D('',#12354,#8002,#8003);
#7099=AXIS2_PLACEMENT_3D('',#12355,#8004,#8005);
#7100=AXIS2_PLACEMENT_3D('',#12364,#8010,#8011);
#7101=AXIS2_PLACEMENT_3D('',#12373,#8016,#8017);
#7102=AXIS2_PLACEMENT_3D('',#12390,#8026,#8027);
#7103=AXIS2_PLACEMENT_3D('',#12415,#8040,#8041);
#7104=AXIS2_PLACEMENT_3D('',#12432,#8050,#8051);
#7105=AXIS2_PLACEMENT_3D('',#12449,#8060,#8061);
#7106=AXIS2_PLACEMENT_3D('',#12459,#8066,#8067);
#7107=AXIS2_PLACEMENT_3D('',#12460,#8068,#8069);
#7108=AXIS2_PLACEMENT_3D('',#12462,#8070,#8071);
#7109=AXIS2_PLACEMENT_3D('',#12476,#8079,#8080);
#7110=AXIS2_PLACEMENT_3D('',#12478,#8081,#8082);
#7111=AXIS2_PLACEMENT_3D('',#12480,#8083,#8084);
#7112=AXIS2_PLACEMENT_3D('',#12482,#8085,#8086);
#7113=AXIS2_PLACEMENT_3D('',#12483,#8087,#8088);
#7114=AXIS2_PLACEMENT_3D('',#12508,#8103,#8104);
#7115=AXIS2_PLACEMENT_3D('',#12512,#8107,#8108);
#7116=AXIS2_PLACEMENT_3D('',#12514,#8109,#8110);
#7117=AXIS2_PLACEMENT_3D('',#12516,#8111,#8112);
#7118=AXIS2_PLACEMENT_3D('',#12518,#8113,#8114);
#7119=AXIS2_PLACEMENT_3D('',#12520,#8115,#8116);
#7120=AXIS2_PLACEMENT_3D('',#12521,#8117,#8118);
#7121=AXIS2_PLACEMENT_3D('',#12525,#8121,#8122);
#7122=AXIS2_PLACEMENT_3D('',#12527,#8123,#8124);
#7123=AXIS2_PLACEMENT_3D('',#12529,#8125,#8126);
#7124=AXIS2_PLACEMENT_3D('',#12531,#8127,#8128);
#7125=AXIS2_PLACEMENT_3D('',#12533,#8129,#8130);
#7126=AXIS2_PLACEMENT_3D('',#12534,#8131,#8132);
#7127=AXIS2_PLACEMENT_3D('',#12535,#8133,#8134);
#7128=AXIS2_PLACEMENT_3D('',#12537,#8135,#8136);
#7129=AXIS2_PLACEMENT_3D('',#12546,#8142,#8143);
#7130=AXIS2_PLACEMENT_3D('',#12548,#8144,#8145);
#7131=AXIS2_PLACEMENT_3D('',#12550,#8146,#8147);
#7132=AXIS2_PLACEMENT_3D('',#12552,#8148,#8149);
#7133=AXIS2_PLACEMENT_3D('',#12553,#8150,#8151);
#7134=AXIS2_PLACEMENT_3D('',#12555,#8152,#8153);
#7135=AXIS2_PLACEMENT_3D('',#12557,#8154,#8155);
#7136=AXIS2_PLACEMENT_3D('',#12559,#8156,#8157);
#7137=AXIS2_PLACEMENT_3D('',#12561,#8158,#8159);
#7138=AXIS2_PLACEMENT_3D('',#12572,#8166,#8167);
#7139=AXIS2_PLACEMENT_3D('',#12576,#8169,#8170);
#7140=AXIS2_PLACEMENT_3D('',#12577,#8171,#8172);
#7141=AXIS2_PLACEMENT_3D('',#12581,#8175,#8176);
#7142=AXIS2_PLACEMENT_3D('',#12583,#8178,#8179);
#7143=AXIS2_PLACEMENT_3D('',#12585,#8180,#8181);
#7144=AXIS2_PLACEMENT_3D('',#12588,#8183,#8184);
#7145=AXIS2_PLACEMENT_3D('',#12589,#8185,#8186);
#7146=AXIS2_PLACEMENT_3D('',#12591,#8188,#8189);
#7147=AXIS2_PLACEMENT_3D('',#12592,#8190,#8191);
#7148=AXIS2_PLACEMENT_3D('',#12596,#8194,#8195);
#7149=AXIS2_PLACEMENT_3D('',#12598,#8197,#8198);
#7150=AXIS2_PLACEMENT_3D('',#12600,#8199,#8200);
#7151=AXIS2_PLACEMENT_3D('',#12603,#8202,#8203);
#7152=AXIS2_PLACEMENT_3D('',#12604,#8204,#8205);
#7153=AXIS2_PLACEMENT_3D('',#12605,#8206,#8207);
#7154=AXIS2_PLACEMENT_3D('',#12606,#8208,#8209);
#7155=AXIS2_PLACEMENT_3D('',#12610,#8212,#8213);
#7156=AXIS2_PLACEMENT_3D('',#12612,#8215,#8216);
#7157=AXIS2_PLACEMENT_3D('',#12614,#8217,#8218);
#7158=AXIS2_PLACEMENT_3D('',#12617,#8220,#8221);
#7159=AXIS2_PLACEMENT_3D('',#12618,#8222,#8223);
#7160=AXIS2_PLACEMENT_3D('',#12619,#8224,#8225);
#7161=AXIS2_PLACEMENT_3D('',#12620,#8226,#8227);
#7162=AXIS2_PLACEMENT_3D('',#12622,#8228,#8229);
#7163=AXIS2_PLACEMENT_3D('',#12626,#8232,#8233);
#7164=AXIS2_PLACEMENT_3D('',#12627,#8234,#8235);
#7165=AXIS2_PLACEMENT_3D('',#12629,#8237,#8238);
#7166=AXIS2_PLACEMENT_3D('',#12630,#8239,#8240);
#7167=AXIS2_PLACEMENT_3D('',#12632,#8242,#8243);
#7168=AXIS2_PLACEMENT_3D('',#12635,#8245,#8246);
#7169=AXIS2_PLACEMENT_3D('',#12636,#8247,#8248);
#7170=AXIS2_PLACEMENT_3D('',#12637,#8249,#8250);
#7171=AXIS2_PLACEMENT_3D('',#12639,#8252,#8253);
#7172=AXIS2_PLACEMENT_3D('',#12641,#8255,#8256);
#7173=AXIS2_PLACEMENT_3D('',#12643,#8258,#8259);
#7174=AXIS2_PLACEMENT_3D('',#12644,#8260,#8261);
#7175=AXIS2_PLACEMENT_3D('',#12646,#8262,#8263);
#7176=AXIS2_PLACEMENT_3D('',#12648,#8265,#8266);
#7177=AXIS2_PLACEMENT_3D('',#12649,#8267,#8268);
#7178=AXIS2_PLACEMENT_3D('',#12651,#8269,#8270);
#7179=AXIS2_PLACEMENT_3D('',#12653,#8272,#8273);
#7180=AXIS2_PLACEMENT_3D('',#12654,#8274,#8275);
#7181=AXIS2_PLACEMENT_3D('',#12656,#8276,#8277);
#7182=AXIS2_PLACEMENT_3D('',#12658,#8279,#8280);
#7183=AXIS2_PLACEMENT_3D('',#12659,#8281,#8282);
#7184=AXIS2_PLACEMENT_3D('',#12661,#8283,#8284);
#7185=AXIS2_PLACEMENT_3D('',#12663,#8286,#8287);
#7186=AXIS2_PLACEMENT_3D('',#12664,#8288,#8289);
#7187=AXIS2_PLACEMENT_3D('',#12667,#8292,#8293);
#7188=AXIS2_PLACEMENT_3D('',#12669,#8295,#8296);
#7189=AXIS2_PLACEMENT_3D('',#12671,#8298,#8299);
#7190=AXIS2_PLACEMENT_3D('',#12672,#8300,#8301);
#7191=AXIS2_PLACEMENT_3D('',#12675,#8304,#8305);
#7192=AXIS2_PLACEMENT_3D('',#12677,#8307,#8308);
#7193=AXIS2_PLACEMENT_3D('',#12679,#8310,#8311);
#7194=AXIS2_PLACEMENT_3D('',#12680,#8312,#8313);
#7195=AXIS2_PLACEMENT_3D('',#12682,#8315,#8316);
#7196=AXIS2_PLACEMENT_3D('',#12684,#8318,#8319);
#7197=AXIS2_PLACEMENT_3D('',#12686,#8321,#8322);
#7198=AXIS2_PLACEMENT_3D('',#12688,#8324,#8325);
#7199=AXIS2_PLACEMENT_3D('',#12690,#8327,#8328);
#7200=AXIS2_PLACEMENT_3D('',#12692,#8330,#8331);
#7201=AXIS2_PLACEMENT_3D('',#12694,#8333,#8334);
#7202=AXIS2_PLACEMENT_3D('',#12696,#8336,#8337);
#7203=AXIS2_PLACEMENT_3D('',#12698,#8339,#8340);
#7204=AXIS2_PLACEMENT_3D('',#12700,#8342,#8343);
#7205=AXIS2_PLACEMENT_3D('',#12701,#8344,#8345);
#7206=DIRECTION('axis',(0.,0.,1.));
#7207=DIRECTION('refdir',(1.,0.,0.));
#7208=DIRECTION('axis',(0.,0.,1.));
#7209=DIRECTION('refdir',(1.,0.,0.));
#7210=DIRECTION('center_axis',(0.,-1.,0.));
#7211=DIRECTION('ref_axis',(-1.,0.,0.));
#7212=DIRECTION('',(1.,0.,0.));
#7213=DIRECTION('',(0.,0.,-1.));
#7214=DIRECTION('',(-1.,0.,0.));
#7215=DIRECTION('',(0.,0.,-1.));
#7216=DIRECTION('center_axis',(1.,0.,0.));
#7217=DIRECTION('ref_axis',(0.,-1.,0.));
#7218=DIRECTION('',(0.,1.,0.));
#7219=DIRECTION('',(0.,0.,-1.));
#7220=DIRECTION('',(0.,-1.,0.));
#7221=DIRECTION('',(0.,0.,-1.));
#7222=DIRECTION('',(0.,0.,-1.));
#7223=DIRECTION('',(0.,0.,-1.));
#7224=DIRECTION('',(0.,0.,-1.));
#7225=DIRECTION('',(0.,0.,-1.));
#7226=DIRECTION('',(0.,0.,-1.));
#7227=DIRECTION('',(0.,0.,-1.));
#7228=DIRECTION('',(0.,0.,-1.));
#7229=DIRECTION('',(0.,0.,-1.));
#7230=DIRECTION('',(0.,0.,-1.));
#7231=DIRECTION('',(0.,0.,-1.));
#7232=DIRECTION('',(0.,0.,-1.));
#7233=DIRECTION('',(0.,0.,-1.));
#7234=DIRECTION('',(0.,0.,-1.));
#7235=DIRECTION('',(0.,0.,-1.));
#7236=DIRECTION('',(0.,0.,-1.));
#7237=DIRECTION('',(0.,0.,-1.));
#7238=DIRECTION('',(0.,0.,-1.));
#7239=DIRECTION('',(0.,0.,-1.));
#7240=DIRECTION('',(0.,0.,-1.));
#7241=DIRECTION('',(0.,0.,-1.));
#7242=DIRECTION('',(0.,0.,-1.));
#7243=DIRECTION('',(0.,0.,-1.));
#7244=DIRECTION('',(0.,0.,-1.));
#7245=DIRECTION('',(0.,0.,-1.));
#7246=DIRECTION('',(0.,0.,-1.));
#7247=DIRECTION('',(0.,0.,-1.));
#7248=DIRECTION('',(0.,0.,-1.));
#7249=DIRECTION('',(0.,0.,-1.));
#7250=DIRECTION('',(0.,0.,-1.));
#7251=DIRECTION('',(0.,0.,-1.));
#7252=DIRECTION('',(0.,0.,-1.));
#7253=DIRECTION('',(0.,0.,-1.));
#7254=DIRECTION('',(0.,0.,-1.));
#7255=DIRECTION('',(0.,0.,-1.));
#7256=DIRECTION('',(0.,0.,-1.));
#7257=DIRECTION('',(0.,0.,-1.));
#7258=DIRECTION('',(0.,0.,-1.));
#7259=DIRECTION('',(0.,0.,-1.));
#7260=DIRECTION('',(0.,0.,-1.));
#7261=DIRECTION('',(0.,0.,-1.));
#7262=DIRECTION('center_axis',(0.,0.,1.));
#7263=DIRECTION('ref_axis',(-1.,0.,0.));
#7264=DIRECTION('center_axis',(0.998347728397237,0.0574614062138902,0.));
#7265=DIRECTION('ref_axis',(0.0574614062138902,-0.998347728397237,0.));
#7266=DIRECTION('',(0.0574614062138902,-0.998347728397237,0.));
#7267=DIRECTION('',(0.,0.,-1.));
#7268=DIRECTION('',(0.0574614062138902,-0.998347728397237,0.));
#7269=DIRECTION('',(0.,0.,-1.));
#7270=DIRECTION('center_axis',(0.012383650382829,0.999923319661661,0.));
#7271=DIRECTION('ref_axis',(0.999923319661661,-0.012383650382829,0.));
#7272=DIRECTION('',(0.999923319661661,-0.012383650382829,0.));
#7273=DIRECTION('',(0.,0.,-1.));
#7274=DIRECTION('',(0.999923319661661,-0.012383650382829,0.));
#7275=DIRECTION('center_axis',(1.,0.,0.));
#7276=DIRECTION('ref_axis',(0.,-1.,0.));
#7277=DIRECTION('',(0.,-1.,0.));
#7278=DIRECTION('',(0.,0.,-1.));
#7279=DIRECTION('',(0.,-1.,0.));
#7280=DIRECTION('center_axis',(0.,-1.,0.));
#7281=DIRECTION('ref_axis',(-1.,0.,0.));
#7282=DIRECTION('',(-1.,0.,0.));
#7283=DIRECTION('',(0.,0.,-1.));
#7284=DIRECTION('',(-1.,0.,0.));
#7285=DIRECTION('center_axis',(1.,0.,0.));
#7286=DIRECTION('ref_axis',(0.,-1.,0.));
#7287=DIRECTION('',(0.,-1.,0.));
#7288=DIRECTION('',(0.,0.,-1.));
#7289=DIRECTION('',(0.,-1.,0.));
#7290=DIRECTION('center_axis',(0.0145146654775278,0.999894656694432,0.));
#7291=DIRECTION('ref_axis',(0.999894656694432,-0.0145146654775278,0.));
#7292=DIRECTION('',(0.999894656694432,-0.0145146654775278,0.));
#7293=DIRECTION('',(0.,0.,-1.));
#7294=DIRECTION('',(0.999894656694432,-0.0145146654775278,0.));
#7295=DIRECTION('center_axis',(0.999881629814829,0.0153859142998152,0.));
#7296=DIRECTION('ref_axis',(0.0153859142998152,-0.999881629814829,0.));
#7297=DIRECTION('',(0.0153859142998152,-0.999881629814829,0.));
#7298=DIRECTION('',(0.,0.,-1.));
#7299=DIRECTION('',(0.0153859142998152,-0.999881629814829,0.));
#7300=DIRECTION('center_axis',(0.,-1.,0.));
#7301=DIRECTION('ref_axis',(-1.,0.,0.));
#7302=DIRECTION('',(-1.,0.,0.));
#7303=DIRECTION('',(0.,0.,-1.));
#7304=DIRECTION('',(-1.,0.,0.));
#7305=DIRECTION('center_axis',(1.,0.,0.));
#7306=DIRECTION('ref_axis',(0.,-1.,0.));
#7307=DIRECTION('',(0.,-1.,0.));
#7308=DIRECTION('',(0.,0.,-1.));
#7309=DIRECTION('',(0.,-1.,0.));
#7310=DIRECTION('center_axis',(-0.0101538447208201,0.999948448389908,0.));
#7311=DIRECTION('ref_axis',(0.999948448389908,0.0101538447208201,0.));
#7312=DIRECTION('',(0.999948448389908,0.0101538447208201,0.));
#7313=DIRECTION('',(0.,0.,-1.));
#7314=DIRECTION('',(0.999948448389908,0.0101538447208201,0.));
#7315=DIRECTION('center_axis',(-0.999987708385355,0.00495813253211648,0.));
#7316=DIRECTION('ref_axis',(0.00495813253211648,0.999987708385355,0.));
#7317=DIRECTION('',(0.00495813253211648,0.999987708385355,0.));
#7318=DIRECTION('',(0.,0.,-1.));
#7319=DIRECTION('',(0.00495813253211648,0.999987708385355,0.));
#7320=DIRECTION('center_axis',(-0.99998773103211,0.00495356288472978,0.));
#7321=DIRECTION('ref_axis',(0.00495356288472978,0.99998773103211,0.));
#7322=DIRECTION('',(0.00495356288472978,0.99998773103211,0.));
#7323=DIRECTION('',(0.,0.,-1.));
#7324=DIRECTION('',(0.00495356288472978,0.99998773103211,0.));
#7325=DIRECTION('center_axis',(0.,-1.,0.));
#7326=DIRECTION('ref_axis',(-1.,0.,0.));
#7327=DIRECTION('',(-1.,0.,0.));
#7328=DIRECTION('',(-1.,0.,0.));
#7329=DIRECTION('center_axis',(0.,0.,-1.));
#7330=DIRECTION('ref_axis',(-1.,0.,0.));
#7331=DIRECTION('',(0.,0.,-1.));
#7332=DIRECTION('',(0.,0.,-1.));
#7333=DIRECTION('',(0.,0.,-1.));
#7334=DIRECTION('',(0.,0.,-1.));
#7335=DIRECTION('',(0.,0.,-1.));
#7336=DIRECTION('center_axis',(-0.670283395273378,0.742105228401466,0.));
#7337=DIRECTION('ref_axis',(0.742105228401466,0.670283395273378,0.));
#7338=DIRECTION('',(0.742105228401466,0.670283395273378,0.));
#7339=DIRECTION('',(0.,0.,-1.));
#7340=DIRECTION('',(0.742105228401466,0.670283395273378,0.));
#7341=DIRECTION('center_axis',(0.715472047281398,0.698641359754034,0.));
#7342=DIRECTION('ref_axis',(0.698641359754034,-0.715472047281398,0.));
#7343=DIRECTION('',(0.698641359754034,-0.715472047281398,0.));
#7344=DIRECTION('',(0.,0.,-1.));
#7345=DIRECTION('',(0.698641359754034,-0.715472047281398,0.));
#7346=DIRECTION('',(0.,0.,-1.));
#7347=DIRECTION('',(0.,0.,-1.));
#7348=DIRECTION('',(0.,0.,-1.));
#7349=DIRECTION('',(0.,0.,-1.));
#7350=DIRECTION('',(0.,0.,-1.));
#7351=DIRECTION('',(0.,0.,-1.));
#7352=DIRECTION('',(0.,0.,-1.));
#7353=DIRECTION('center_axis',(0.,0.,1.));
#7354=DIRECTION('ref_axis',(-1.,0.,0.));
#7355=DIRECTION('center_axis',(1.,0.,0.));
#7356=DIRECTION('ref_axis',(0.,-1.,0.));
#7357=DIRECTION('',(0.,-1.,0.));
#7358=DIRECTION('',(0.,0.,-1.));
#7359=DIRECTION('',(0.,-1.,0.));
#7360=DIRECTION('',(0.,0.,-1.));
#7361=DIRECTION('center_axis',(0.,1.,0.));
#7362=DIRECTION('ref_axis',(1.,0.,0.));
#7363=DIRECTION('',(1.,0.,0.));
#7364=DIRECTION('',(0.,0.,-1.));
#7365=DIRECTION('',(1.,0.,0.));
#7366=DIRECTION('center_axis',(1.,0.,0.));
#7367=DIRECTION('ref_axis',(0.,-1.,0.));
#7368=DIRECTION('',(0.,-1.,0.));
#7369=DIRECTION('',(0.,0.,-1.));
#7370=DIRECTION('',(0.,-1.,0.));
#7371=DIRECTION('center_axis',(0.,1.,0.));
#7372=DIRECTION('ref_axis',(1.,0.,0.));
#7373=DIRECTION('',(1.,0.,0.));
#7374=DIRECTION('',(0.,0.,-1.));
#7375=DIRECTION('',(1.,0.,0.));
#7376=DIRECTION('center_axis',(-1.,0.,0.));
#7377=DIRECTION('ref_axis',(0.,1.,0.));
#7378=DIRECTION('',(0.,1.,0.));
#7379=DIRECTION('',(0.,0.,-1.));
#7380=DIRECTION('',(0.,1.,0.));
#7381=DIRECTION('center_axis',(0.,-1.,0.));
#7382=DIRECTION('ref_axis',(-1.,0.,0.));
#7383=DIRECTION('',(-1.,0.,0.));
#7384=DIRECTION('',(-1.,0.,0.));
#7385=DIRECTION('center_axis',(0.,0.,-1.));
#7386=DIRECTION('ref_axis',(-1.,0.,0.));
#7387=DIRECTION('',(0.,0.,-1.));
#7388=DIRECTION('',(0.,0.,-1.));
#7389=DIRECTION('',(0.,0.,-1.));
#7390=DIRECTION('center_axis',(0.,0.,1.));
#7391=DIRECTION('ref_axis',(-1.,0.,0.));
#7392=DIRECTION('center_axis',(0.937667273120937,-0.347534293153849,0.));
#7393=DIRECTION('ref_axis',(-0.347534293153849,-0.937667273120937,0.));
#7394=DIRECTION('',(-0.347534293153849,-0.937667273120937,0.));
#7395=DIRECTION('',(0.,0.,-1.));
#7396=DIRECTION('',(-0.347534293153849,-0.937667273120937,0.));
#7397=DIRECTION('',(0.,0.,-1.));
#7398=DIRECTION('',(0.,0.,-1.));
#7399=DIRECTION('',(0.,0.,-1.));
#7400=DIRECTION('',(0.,0.,-1.));
#7401=DIRECTION('',(0.,0.,-1.));
#7402=DIRECTION('',(0.,0.,-1.));
#7403=DIRECTION('',(0.,0.,-1.));
#7404=DIRECTION('',(0.,0.,-1.));
#7405=DIRECTION('',(0.,0.,-1.));
#7406=DIRECTION('',(0.,0.,-1.));
#7407=DIRECTION('',(0.,0.,-1.));
#7408=DIRECTION('center_axis',(0.045188390807152,-0.998978482919557,0.));
#7409=DIRECTION('ref_axis',(-0.998978482919557,-0.045188390807152,0.));
#7410=DIRECTION('',(-0.998978482919557,-0.045188390807152,0.));
#7411=DIRECTION('',(-0.998978482919557,-0.045188390807152,0.));
#7412=DIRECTION('center_axis',(0.,0.,1.));
#7413=DIRECTION('ref_axis',(-1.,0.,0.));
#7414=DIRECTION('center_axis',(1.,0.,0.));
#7415=DIRECTION('ref_axis',(0.,-1.,0.));
#7416=DIRECTION('',(0.,-1.,0.));
#7417=DIRECTION('',(0.,0.,-1.));
#7418=DIRECTION('',(0.,-1.,0.));
#7419=DIRECTION('',(0.,0.,-1.));
#7420=DIRECTION('center_axis',(0.,1.,0.));
#7421=DIRECTION('ref_axis',(1.,0.,0.));
#7422=DIRECTION('',(1.,0.,0.));
#7423=DIRECTION('',(0.,0.,-1.));
#7424=DIRECTION('',(1.,0.,0.));
#7425=DIRECTION('center_axis',(0.999984532950137,0.00556182168866246,0.));
#7426=DIRECTION('ref_axis',(0.00556182168866246,-0.999984532950137,0.));
#7427=DIRECTION('',(0.00556182168866246,-0.999984532950137,0.));
#7428=DIRECTION('',(0.,0.,-1.));
#7429=DIRECTION('',(0.00556182168866246,-0.999984532950137,0.));
#7430=DIRECTION('center_axis',(0.999984532934361,0.00556182452502759,0.));
#7431=DIRECTION('ref_axis',(0.00556182452502759,-0.999984532934361,0.));
#7432=DIRECTION('',(0.00556182452502759,-0.999984532934361,0.));
#7433=DIRECTION('',(0.,0.,-1.));
#7434=DIRECTION('',(0.00556182452502758,-0.999984532934361,0.));
#7435=DIRECTION('center_axis',(0.0521035127571501,0.998641689475442,0.));
#7436=DIRECTION('ref_axis',(0.998641689475442,-0.0521035127571501,0.));
#7437=DIRECTION('',(0.998641689475442,-0.0521035127571501,0.));
#7438=DIRECTION('',(0.,0.,-1.));
#7439=DIRECTION('',(0.998641689475442,-0.0521035127571501,0.));
#7440=DIRECTION('center_axis',(-1.,0.,0.));
#7441=DIRECTION('ref_axis',(0.,1.,0.));
#7442=DIRECTION('',(0.,1.,0.));
#7443=DIRECTION('',(0.,0.,-1.));
#7444=DIRECTION('',(0.,1.,0.));
#7445=DIRECTION('center_axis',(-0.999999999985179,-5.4443694321333E-6,0.));
#7446=DIRECTION('ref_axis',(-5.4443694321333E-6,0.999999999985179,0.));
#7447=DIRECTION('',(-5.4443694321333E-6,0.999999999985179,0.));
#7448=DIRECTION('',(0.,0.,-1.));
#7449=DIRECTION('',(-5.4443694321333E-6,0.999999999985179,0.));
#7450=DIRECTION('center_axis',(0.,-1.,0.));
#7451=DIRECTION('ref_axis',(-1.,0.,0.));
#7452=DIRECTION('',(-1.,0.,0.));
#7453=DIRECTION('',(-1.,0.,0.));
#7454=DIRECTION('center_axis',(0.,0.,-1.));
#7455=DIRECTION('ref_axis',(-1.,0.,0.));
#7456=DIRECTION('',(0.,0.,-1.));
#7457=DIRECTION('',(0.,0.,-1.));
#7458=DIRECTION('',(0.,0.,-1.));
#7459=DIRECTION('center_axis',(0.999883675314729,-0.0152524043714198,0.));
#7460=DIRECTION('ref_axis',(-0.0152524043714198,-0.999883675314729,0.));
#7461=DIRECTION('',(-0.0152524043714198,-0.999883675314729,0.));
#7462=DIRECTION('',(0.,0.,-1.));
#7463=DIRECTION('',(-0.0152524043714198,-0.999883675314729,0.));
#7464=DIRECTION('center_axis',(0.0297057888490177,-0.999558685675262,0.));
#7465=DIRECTION('ref_axis',(-0.999558685675262,-0.0297057888490177,0.));
#7466=DIRECTION('',(-0.999558685675262,-0.0297057888490177,0.));
#7467=DIRECTION('',(0.,0.,-1.));
#7468=DIRECTION('',(-0.999558685675262,-0.0297057888490177,0.));
#7469=DIRECTION('',(0.,0.,-1.));
#7470=DIRECTION('',(0.,0.,-1.));
#7471=DIRECTION('center_axis',(0.999926895294693,-0.0120914873492504,0.));
#7472=DIRECTION('ref_axis',(-0.0120914873492503,-0.999926895294692,0.));
#7473=DIRECTION('',(-0.0120914873492503,-0.999926895294692,0.));
#7474=DIRECTION('',(0.,0.,-1.));
#7475=DIRECTION('',(-0.0120914873492503,-0.999926895294692,0.));
#7476=DIRECTION('',(0.,0.,-1.));
#7477=DIRECTION('center_axis',(-0.0117562149051778,-0.999930893317685,0.));
#7478=DIRECTION('ref_axis',(-0.999930893317685,0.0117562149051778,0.));
#7479=DIRECTION('',(-0.999930893317685,0.0117562149051778,0.));
#7480=DIRECTION('',(0.,0.,-1.));
#7481=DIRECTION('',(-0.999930893317685,0.0117562149051778,0.));
#7482=DIRECTION('',(0.,0.,-1.));
#7483=DIRECTION('center_axis',(-0.858337603056971,-0.513085333232606,0.));
#7484=DIRECTION('ref_axis',(-0.513085333232606,0.858337603056971,0.));
#7485=DIRECTION('',(-0.513085333232606,0.858337603056971,0.));
#7486=DIRECTION('',(0.,0.,-1.));
#7487=DIRECTION('',(-0.513085333232606,0.85833760305697,0.));
#7488=DIRECTION('center_axis',(0.,-1.,0.));
#7489=DIRECTION('ref_axis',(-1.,0.,0.));
#7490=DIRECTION('',(-1.,0.,0.));
#7491=DIRECTION('',(0.,0.,-1.));
#7492=DIRECTION('',(-1.,0.,0.));
#7493=DIRECTION('center_axis',(0.853400642370358,0.521255545391952,0.));
#7494=DIRECTION('ref_axis',(0.521255545391952,-0.853400642370357,0.));
#7495=DIRECTION('',(0.521255545391952,-0.853400642370357,0.));
#7496=DIRECTION('',(0.,0.,-1.));
#7497=DIRECTION('',(0.521255545391952,-0.853400642370357,0.));
#7498=DIRECTION('',(0.,0.,-1.));
#7499=DIRECTION('',(0.,0.,-1.));
#7500=DIRECTION('center_axis',(0.461366277458891,0.887209759878534,0.));
#7501=DIRECTION('ref_axis',(0.887209759878534,-0.461366277458891,0.));
#7502=DIRECTION('',(0.887209759878534,-0.461366277458891,0.));
#7503=DIRECTION('',(0.,0.,-1.));
#7504=DIRECTION('',(0.887209759878534,-0.461366277458891,0.));
#7505=DIRECTION('center_axis',(0.349850611722045,-0.936805502480483,0.));
#7506=DIRECTION('ref_axis',(-0.936805502480484,-0.349850611722045,0.));
#7507=DIRECTION('',(-0.936805502480484,-0.349850611722045,0.));
#7508=DIRECTION('',(0.,0.,-1.));
#7509=DIRECTION('',(-0.936805502480483,-0.349850611722045,0.));
#7510=DIRECTION('',(0.,0.,-1.));
#7511=DIRECTION('',(0.,0.,-1.));
#7512=DIRECTION('',(0.,0.,-1.));
#7513=DIRECTION('',(0.,0.,-1.));
#7514=DIRECTION('',(0.,0.,-1.));
#7515=DIRECTION('center_axis',(0.0243790211331788,0.999702787496658,0.));
#7516=DIRECTION('ref_axis',(0.999702787496658,-0.0243790211331788,0.));
#7517=DIRECTION('',(0.999702787496658,-0.0243790211331788,0.));
#7518=DIRECTION('',(0.,0.,-1.));
#7519=DIRECTION('',(0.999702787496658,-0.0243790211331788,0.));
#7520=DIRECTION('center_axis',(-1.,0.,0.));
#7521=DIRECTION('ref_axis',(0.,1.,0.));
#7522=DIRECTION('',(0.,1.,0.));
#7523=DIRECTION('',(0.,0.,-1.));
#7524=DIRECTION('',(0.,1.,0.));
#7525=DIRECTION('center_axis',(-0.999999999997435,-2.26514726631178E-6,
0.));
#7526=DIRECTION('ref_axis',(-2.26514726631178E-6,0.999999999997434,0.));
#7527=DIRECTION('',(-2.26514726631178E-6,0.999999999997434,0.));
#7528=DIRECTION('',(0.,0.,-1.));
#7529=DIRECTION('',(-2.26514726631178E-6,0.999999999997434,0.));
#7530=DIRECTION('center_axis',(0.,-1.,0.));
#7531=DIRECTION('ref_axis',(-1.,0.,0.));
#7532=DIRECTION('',(-1.,0.,0.));
#7533=DIRECTION('',(-1.,0.,0.));
#7534=DIRECTION('center_axis',(0.,0.,1.));
#7535=DIRECTION('ref_axis',(-1.,0.,0.));
#7536=DIRECTION('center_axis',(-7.10513815844271E-15,1.,0.));
#7537=DIRECTION('ref_axis',(1.,7.10513815844272E-15,0.));
#7538=DIRECTION('',(1.,7.10513815844272E-15,0.));
#7539=DIRECTION('',(0.,0.,-1.));
#7540=DIRECTION('',(1.,7.10513815844272E-15,0.));
#7541=DIRECTION('',(0.,0.,-1.));
#7542=DIRECTION('center_axis',(1.,0.,0.));
#7543=DIRECTION('ref_axis',(0.,-1.,0.));
#7544=DIRECTION('',(0.,-1.,0.));
#7545=DIRECTION('',(0.,0.,-1.));
#7546=DIRECTION('',(0.,-1.,0.));
#7547=DIRECTION('center_axis',(0.,-1.,0.));
#7548=DIRECTION('ref_axis',(-1.,0.,0.));
#7549=DIRECTION('',(-1.,0.,0.));
#7550=DIRECTION('',(0.,0.,-1.));
#7551=DIRECTION('',(-1.,0.,0.));
#7552=DIRECTION('',(0.,0.,-1.));
#7553=DIRECTION('',(0.,0.,-1.));
#7554=DIRECTION('',(0.,0.,-1.));
#7555=DIRECTION('center_axis',(-0.0296512289557301,0.999560305645145,0.));
#7556=DIRECTION('ref_axis',(0.999560305645145,0.0296512289557301,0.));
#7557=DIRECTION('',(0.999560305645145,0.0296512289557301,0.));
#7558=DIRECTION('',(0.,0.,-1.));
#7559=DIRECTION('',(0.999560305645145,0.0296512289557301,0.));
#7560=DIRECTION('',(0.,0.,-1.));
#7561=DIRECTION('center_axis',(1.,0.,0.));
#7562=DIRECTION('ref_axis',(0.,-1.,0.));
#7563=DIRECTION('',(0.,-1.,0.));
#7564=DIRECTION('',(0.,0.,-1.));
#7565=DIRECTION('',(0.,-1.,0.));
#7566=DIRECTION('center_axis',(-0.0336816239896438,-0.999432613138785,0.));
#7567=DIRECTION('ref_axis',(-0.999432613138785,0.0336816239896438,0.));
#7568=DIRECTION('',(-0.999432613138785,0.0336816239896438,0.));
#7569=DIRECTION('',(0.,0.,-1.));
#7570=DIRECTION('',(-0.999432613138785,0.0336816239896438,0.));
#7571=DIRECTION('',(0.,0.,-1.));
#7572=DIRECTION('',(0.,0.,-1.));
#7573=DIRECTION('',(0.,0.,-1.));
#7574=DIRECTION('',(0.,0.,-1.));
#7575=DIRECTION('',(0.,0.,-1.));
#7576=DIRECTION('',(0.,0.,-1.));
#7577=DIRECTION('',(0.,0.,-1.));
#7578=DIRECTION('center_axis',(0.213638217811724,0.976912847643141,0.));
#7579=DIRECTION('ref_axis',(0.976912847643141,-0.213638217811724,0.));
#7580=DIRECTION('',(0.976912847643141,-0.213638217811724,0.));
#7581=DIRECTION('',(0.,0.,-1.));
#7582=DIRECTION('',(0.976912847643141,-0.213638217811724,0.));
#7583=DIRECTION('center_axis',(0.396709394145215,-0.917944255713241,0.));
#7584=DIRECTION('ref_axis',(-0.917944255713241,-0.396709394145215,0.));
#7585=DIRECTION('',(-0.917944255713241,-0.396709394145215,0.));
#7586=DIRECTION('',(0.,0.,-1.));
#7587=DIRECTION('',(-0.917944255713241,-0.396709394145215,0.));
#7588=DIRECTION('',(0.,0.,-1.));
#7589=DIRECTION('',(0.,0.,-1.));
#7590=DIRECTION('center_axis',(0.0269284349965437,0.999637363941863,0.));
#7591=DIRECTION('ref_axis',(0.999637363941863,-0.0269284349965437,0.));
#7592=DIRECTION('',(0.999637363941863,-0.0269284349965437,0.));
#7593=DIRECTION('',(0.,0.,-1.));
#7594=DIRECTION('',(0.999637363941863,-0.0269284349965437,0.));
#7595=DIRECTION('center_axis',(-1.,-2.07629140182873E-16,0.));
#7596=DIRECTION('ref_axis',(-2.07629140182873E-16,1.,0.));
#7597=DIRECTION('',(-2.07629140182873E-16,1.,0.));
#7598=DIRECTION('',(0.,0.,-1.));
#7599=DIRECTION('',(-2.07629140182873E-16,1.,0.));
#7600=DIRECTION('center_axis',(-0.999999999999897,-4.53014266248822E-7,
0.));
#7601=DIRECTION('ref_axis',(-4.53014266248822E-7,0.999999999999898,0.));
#7602=DIRECTION('',(-4.53014266248822E-7,0.999999999999898,0.));
#7603=DIRECTION('',(0.,0.,-1.));
#7604=DIRECTION('',(-4.53014266248822E-7,0.999999999999898,0.));
#7605=DIRECTION('center_axis',(4.75241897832582E-15,-1.,0.));
#7606=DIRECTION('ref_axis',(-1.,-4.75241897832582E-15,0.));
#7607=DIRECTION('',(-1.,-4.75241897832582E-15,0.));
#7608=DIRECTION('',(-1.,-4.75241897832582E-15,0.));
#7609=DIRECTION('center_axis',(0.,0.,1.));
#7610=DIRECTION('ref_axis',(-1.,0.,0.));
#7611=DIRECTION('',(0.,0.,-1.));
#7612=DIRECTION('',(0.,0.,-1.));
#7613=DIRECTION('',(0.,0.,-1.));
#7614=DIRECTION('',(0.,0.,-1.));
#7615=DIRECTION('',(0.,0.,-1.));
#7616=DIRECTION('',(0.,0.,-1.));
#7617=DIRECTION('',(0.,0.,-1.));
#7618=DIRECTION('',(0.,0.,-1.));
#7619=DIRECTION('center_axis',(0.943742008430046,-0.330682659848416,0.));
#7620=DIRECTION('ref_axis',(-0.330682659848416,-0.943742008430046,0.));
#7621=DIRECTION('',(-0.330682659848416,-0.943742008430046,0.));
#7622=DIRECTION('',(0.,0.,-1.));
#7623=DIRECTION('',(-0.330682659848416,-0.943742008430046,0.));
#7624=DIRECTION('',(0.,0.,-1.));
#7625=DIRECTION('center_axis',(0.943741688325076,-0.330683573401122,0.));
#7626=DIRECTION('ref_axis',(-0.330683573401122,-0.943741688325076,0.));
#7627=DIRECTION('',(-0.330683573401122,-0.943741688325076,0.));
#7628=DIRECTION('',(0.,0.,-1.));
#7629=DIRECTION('',(-0.330683573401122,-0.943741688325076,0.));
#7630=DIRECTION('center_axis',(0.,-1.,0.));
#7631=DIRECTION('ref_axis',(-1.,0.,0.));
#7632=DIRECTION('',(-1.,0.,0.));
#7633=DIRECTION('',(0.,0.,-1.));
#7634=DIRECTION('',(-1.,0.,0.));
#7635=DIRECTION('center_axis',(-0.937748574727386,-0.347314858013238,0.));
#7636=DIRECTION('ref_axis',(-0.347314858013238,0.937748574727386,0.));
#7637=DIRECTION('',(-0.347314858013238,0.937748574727386,0.));
#7638=DIRECTION('',(0.,0.,-1.));
#7639=DIRECTION('',(-0.347314858013238,0.937748574727386,0.));
#7640=DIRECTION('center_axis',(-0.937748072536352,-0.34731621392379,0.));
#7641=DIRECTION('ref_axis',(-0.34731621392379,0.937748072536352,0.));
#7642=DIRECTION('',(-0.34731621392379,0.937748072536352,0.));
#7643=DIRECTION('',(0.,0.,-1.));
#7644=DIRECTION('',(-0.34731621392379,0.937748072536352,0.));
#7645=DIRECTION('center_axis',(1.37688249280311E-14,-1.,0.));
#7646=DIRECTION('ref_axis',(-1.,-1.37688249280311E-14,0.));
#7647=DIRECTION('',(-1.,-1.37688249280311E-14,0.));
#7648=DIRECTION('',(0.,0.,-1.));
#7649=DIRECTION('',(-1.,-1.37688249280311E-14,0.));
#7650=DIRECTION('',(0.,0.,-1.));
#7651=DIRECTION('',(0.,0.,-1.));
#7652=DIRECTION('center_axis',(0.933334669109617,0.359007514459018,0.));
#7653=DIRECTION('ref_axis',(0.359007514459018,-0.933334669109617,0.));
#7654=DIRECTION('',(0.359007514459018,-0.933334669109617,0.));
#7655=DIRECTION('',(0.,0.,-1.));
#7656=DIRECTION('',(0.359007514459018,-0.933334669109617,0.));
#7657=DIRECTION('center_axis',(0.,1.,0.));
#7658=DIRECTION('ref_axis',(1.,0.,0.));
#7659=DIRECTION('',(1.,0.,0.));
#7660=DIRECTION('',(0.,0.,-1.));
#7661=DIRECTION('',(1.,0.,0.));
#7662=DIRECTION('center_axis',(-0.933622504861291,0.358258312417909,0.));
#7663=DIRECTION('ref_axis',(0.358258312417909,0.933622504861291,0.));
#7664=DIRECTION('',(0.358258312417909,0.933622504861291,0.));
#7665=DIRECTION('',(0.,0.,-1.));
#7666=DIRECTION('',(0.358258312417909,0.933622504861291,0.));
#7667=DIRECTION('',(0.,0.,-1.));
#7668=DIRECTION('',(0.,0.,-1.));
#7669=DIRECTION('center_axis',(0.0445123206843027,-0.999008835450066,0.));
#7670=DIRECTION('ref_axis',(-0.999008835450066,-0.0445123206843027,0.));
#7671=DIRECTION('',(-0.999008835450066,-0.0445123206843027,0.));
#7672=DIRECTION('',(-0.999008835450066,-0.0445123206843027,0.));
#7673=DIRECTION('center_axis',(0.,0.,1.));
#7674=DIRECTION('ref_axis',(-1.,0.,0.));
#7675=DIRECTION('',(0.,0.,-1.));
#7676=DIRECTION('',(0.,0.,-1.));
#7677=DIRECTION('',(0.,0.,-1.));
#7678=DIRECTION('',(0.,0.,-1.));
#7679=DIRECTION('center_axis',(0.,0.,1.));
#7680=DIRECTION('ref_axis',(-1.,0.,0.));
#7681=DIRECTION('center_axis',(0.,1.,0.));
#7682=DIRECTION('ref_axis',(1.,0.,0.));
#7683=DIRECTION('',(1.,0.,0.));
#7684=DIRECTION('',(0.,0.,-1.));
#7685=DIRECTION('',(1.,0.,0.));
#7686=DIRECTION('',(0.,0.,-1.));
#7687=DIRECTION('',(0.,0.,-1.));
#7688=DIRECTION('',(0.,0.,-1.));
#7689=DIRECTION('',(0.,0.,-1.));
#7690=DIRECTION('',(0.,0.,-1.));
#7691=DIRECTION('center_axis',(-0.937355782281554,-0.348373560166863,0.));
#7692=DIRECTION('ref_axis',(-0.348373560166863,0.937355782281554,0.));
#7693=DIRECTION('',(-0.348373560166863,0.937355782281554,0.));
#7694=DIRECTION('',(-0.348373560166863,0.937355782281554,0.));
#7695=DIRECTION('center_axis',(0.941691996682245,-0.336476126024726,0.));
#7696=DIRECTION('ref_axis',(-0.336476126024726,-0.941691996682245,0.));
#7697=DIRECTION('',(-0.336476126024726,-0.941691996682245,0.));
#7698=DIRECTION('',(0.,0.,-1.));
#7699=DIRECTION('',(-0.336476126024726,-0.941691996682245,0.));
#7700=DIRECTION('',(0.,0.,-1.));
#7701=DIRECTION('center_axis',(0.941690178148396,-0.336481215491804,0.));
#7702=DIRECTION('ref_axis',(-0.336481215491804,-0.941690178148396,0.));
#7703=DIRECTION('',(-0.336481215491804,-0.941690178148396,0.));
#7704=DIRECTION('',(0.,0.,-1.));
#7705=DIRECTION('',(-0.336481215491804,-0.941690178148396,0.));
#7706=DIRECTION('center_axis',(0.,-1.,0.));
#7707=DIRECTION('ref_axis',(-1.,0.,0.));
#7708=DIRECTION('',(-1.,0.,0.));
#7709=DIRECTION('',(0.,0.,-1.));
#7710=DIRECTION('',(-1.,0.,0.));
#7711=DIRECTION('center_axis',(-0.936501636161236,-0.350663208032049,0.));
#7712=DIRECTION('ref_axis',(-0.350663208032049,0.936501636161236,0.));
#7713=DIRECTION('',(-0.350663208032049,0.936501636161236,0.));
#7714=DIRECTION('',(0.,0.,-1.));
#7715=DIRECTION('',(-0.350663208032049,0.936501636161236,0.));
#7716=DIRECTION('center_axis',(-0.0443221354627702,-0.999017291295811,0.));
#7717=DIRECTION('ref_axis',(-0.999017291295811,0.0443221354627702,0.));
#7718=DIRECTION('',(-0.999017291295811,0.0443221354627702,0.));
#7719=DIRECTION('',(0.,0.,-1.));
#7720=DIRECTION('',(-0.999017291295811,0.0443221354627702,0.));
#7721=DIRECTION('center_axis',(0.934685448720835,0.355475895033026,0.));
#7722=DIRECTION('ref_axis',(0.355475895033026,-0.934685448720835,0.));
#7723=DIRECTION('',(0.355475895033026,-0.934685448720835,0.));
#7724=DIRECTION('',(0.,0.,-1.));
#7725=DIRECTION('',(0.355475895033026,-0.934685448720835,0.));
#7726=DIRECTION('',(0.,0.,-1.));
#7727=DIRECTION('center_axis',(0.933417418551081,0.358792311435789,0.));
#7728=DIRECTION('ref_axis',(0.358792311435789,-0.933417418551081,0.));
#7729=DIRECTION('',(0.358792311435789,-0.933417418551081,0.));
#7730=DIRECTION('',(0.,0.,-1.));
#7731=DIRECTION('',(0.358792311435789,-0.933417418551081,0.));
#7732=DIRECTION('center_axis',(0.,1.,0.));
#7733=DIRECTION('ref_axis',(1.,0.,0.));
#7734=DIRECTION('',(1.,0.,0.));
#7735=DIRECTION('',(0.,0.,-1.));
#7736=DIRECTION('',(1.,0.,0.));
#7737=DIRECTION('',(0.,0.,-1.));
#7738=DIRECTION('',(0.,0.,-1.));
#7739=DIRECTION('',(0.,0.,-1.));
#7740=DIRECTION('',(0.,0.,-1.));
#7741=DIRECTION('center_axis',(0.,-1.,0.));
#7742=DIRECTION('ref_axis',(-1.,0.,0.));
#7743=DIRECTION('',(-1.,0.,0.));
#7744=DIRECTION('',(-1.,0.,0.));
#7745=DIRECTION('center_axis',(0.,0.,1.));
#7746=DIRECTION('ref_axis',(-1.,0.,0.));
#7747=DIRECTION('center_axis',(0.,0.,1.));
#7748=DIRECTION('ref_axis',(1.,0.,0.));
#7749=DIRECTION('center_axis',(0.,0.,1.));
#7750=DIRECTION('ref_axis',(1.,0.,0.));
#7751=DIRECTION('center_axis',(0.,0.,1.));
#7752=DIRECTION('ref_axis',(1.,0.,0.));
#7753=DIRECTION('center_axis',(0.,0.,1.));
#7754=DIRECTION('ref_axis',(1.,0.,0.));
#7755=DIRECTION('center_axis',(0.,0.,1.));
#7756=DIRECTION('ref_axis',(1.,0.,0.));
#7757=DIRECTION('center_axis',(0.,0.,1.));
#7758=DIRECTION('ref_axis',(1.,0.,0.));
#7759=DIRECTION('',(0.,0.,-1.));
#7760=DIRECTION('',(0.,0.,-1.));
#7761=DIRECTION('',(0.,0.,-1.));
#7762=DIRECTION('',(0.,0.,-1.));
#7763=DIRECTION('',(0.,0.,-1.));
#7764=DIRECTION('',(0.,0.,-1.));
#7765=DIRECTION('',(0.,0.,-1.));
#7766=DIRECTION('',(0.,0.,-1.));
#7767=DIRECTION('',(0.,0.,-1.));
#7768=DIRECTION('center_axis',(-0.0995034730614152,-0.995037214805917,0.));
#7769=DIRECTION('ref_axis',(-0.995037214805917,0.0995034730614152,0.));
#7770=DIRECTION('',(-0.995037214805917,0.0995034730614152,0.));
#7771=DIRECTION('',(0.,0.,-1.));
#7772=DIRECTION('',(-0.995037214805917,0.0995034730614152,0.));
#7773=DIRECTION('',(0.,0.,-1.));
#7774=DIRECTION('',(0.,0.,-1.));
#7775=DIRECTION('',(0.,0.,-1.));
#7776=DIRECTION('',(0.,0.,-1.));
#7777=DIRECTION('',(0.,0.,-1.));
#7778=DIRECTION('',(0.,0.,-1.));
#7779=DIRECTION('',(0.,0.,-1.));
#7780=DIRECTION('',(0.,0.,-1.));
#7781=DIRECTION('center_axis',(0.,-1.,0.));
#7782=DIRECTION('ref_axis',(-1.,0.,0.));
#7783=DIRECTION('',(-1.,0.,0.));
#7784=DIRECTION('',(0.,0.,-1.));
#7785=DIRECTION('',(-1.,0.,0.));
#7786=DIRECTION('center_axis',(1.,0.,0.));
#7787=DIRECTION('ref_axis',(0.,-1.,0.));
#7788=DIRECTION('',(0.,-1.,0.));
#7789=DIRECTION('',(0.,0.,-1.));
#7790=DIRECTION('',(0.,-1.,0.));
#7791=DIRECTION('center_axis',(0.,1.,0.));
#7792=DIRECTION('ref_axis',(1.,0.,0.));
#7793=DIRECTION('',(1.,0.,0.));
#7794=DIRECTION('',(1.,0.,0.));
#7795=DIRECTION('center_axis',(0.,0.,1.));
#7796=DIRECTION('ref_axis',(-1.,0.,0.));
#7797=DIRECTION('',(1.,4.49526684627314E-17,0.));
#7798=DIRECTION('',(0.,0.,-1.));
#7799=DIRECTION('',(0.,0.,-1.));
#7800=DIRECTION('',(0.,0.,-1.));
#7801=DIRECTION('',(0.,0.,-1.));
#7802=DIRECTION('',(0.,0.,-1.));
#7803=DIRECTION('',(0.,0.,-1.));
#7804=DIRECTION('',(0.,0.,-1.));
#7805=DIRECTION('',(0.,0.,-1.));
#7806=DIRECTION('',(0.,0.,-1.));
#7807=DIRECTION('',(0.,0.,-1.));
#7808=DIRECTION('',(0.,0.,-1.));
#7809=DIRECTION('center_axis',(-0.167484667831613,-0.985874680697975,0.));
#7810=DIRECTION('ref_axis',(-0.985874680697975,0.167484667831613,0.));
#7811=DIRECTION('',(-0.985874680697975,0.167484667831613,0.));
#7812=DIRECTION('',(0.,0.,-1.));
#7813=DIRECTION('',(-0.985874680697975,0.167484667831613,0.));
#7814=DIRECTION('',(0.,0.,-1.));
#7815=DIRECTION('',(0.,0.,-1.));
#7816=DIRECTION('',(0.,0.,-1.));
#7817=DIRECTION('',(0.,0.,-1.));
#7818=DIRECTION('',(0.,0.,-1.));
#7819=DIRECTION('',(0.,0.,-1.));
#7820=DIRECTION('center_axis',(-0.990961223164602,0.134148627216664,0.));
#7821=DIRECTION('ref_axis',(0.134148627216664,0.990961223164602,0.));
#7822=DIRECTION('',(0.134148627216664,0.990961223164602,0.));
#7823=DIRECTION('',(0.,0.,-1.));
#7824=DIRECTION('',(0.134148627216664,0.990961223164602,0.));
#7825=DIRECTION('',(0.,0.,-1.));
#7826=DIRECTION('',(0.,0.,-1.));
#7827=DIRECTION('',(0.,0.,-1.));
#7828=DIRECTION('',(0.,0.,-1.));
#7829=DIRECTION('',(0.,0.,-1.));
#7830=DIRECTION('',(0.,0.,-1.));
#7831=DIRECTION('',(0.,0.,-1.));
#7832=DIRECTION('center_axis',(-0.120440220860037,0.992720581633717,0.));
#7833=DIRECTION('ref_axis',(0.992720581633717,0.120440220860037,0.));
#7834=DIRECTION('',(0.992720581633717,0.120440220860037,0.));
#7835=DIRECTION('',(0.,0.,-1.));
#7836=DIRECTION('',(0.992720581633717,0.120440220860037,0.));
#7837=DIRECTION('center_axis',(0.,0.,1.));
#7838=DIRECTION('ref_axis',(-1.,0.,0.));
#7839=DIRECTION('',(1.,4.49526684627314E-17,0.));
#7840=DIRECTION('center_axis',(0.829750073858256,-0.558135122467864,0.));
#7841=DIRECTION('ref_axis',(-0.558135122467864,-0.829750073858256,0.));
#7842=DIRECTION('',(-0.558135122467864,-0.829750073858256,0.));
#7843=DIRECTION('',(0.,0.,-1.));
#7844=DIRECTION('',(-0.558135122467864,-0.829750073858256,0.));
#7845=DIRECTION('',(0.,0.,-1.));
#7846=DIRECTION('center_axis',(-1.,0.,0.));
#7847=DIRECTION('ref_axis',(0.,1.,0.));
#7848=DIRECTION('',(0.,1.,0.));
#7849=DIRECTION('',(0.,0.,-1.));
#7850=DIRECTION('',(0.,1.,0.));
#7851=DIRECTION('center_axis',(0.,1.,0.));
#7852=DIRECTION('ref_axis',(1.,0.,0.));
#7853=DIRECTION('',(1.,0.,0.));
#7854=DIRECTION('',(1.,0.,0.));
#7855=DIRECTION('center_axis',(1.,0.,0.));
#7856=DIRECTION('ref_axis',(0.,-1.,0.));
#7857=DIRECTION('',(0.,-1.,0.));
#7858=DIRECTION('',(0.,-1.,0.));
#7859=DIRECTION('',(0.,0.,-1.));
#7860=DIRECTION('center_axis',(0.,1.,0.));
#7861=DIRECTION('ref_axis',(1.,0.,0.));
#7862=DIRECTION('',(1.,0.,0.));
#7863=DIRECTION('',(0.,0.,-1.));
#7864=DIRECTION('',(1.,0.,0.));
#7865=DIRECTION('center_axis',(1.,0.,0.));
#7866=DIRECTION('ref_axis',(0.,-1.,0.));
#7867=DIRECTION('',(0.,0.,1.));
#7868=DIRECTION('',(0.,-1.,0.));
#7869=DIRECTION('',(0.,-1.,0.));
#7870=DIRECTION('center_axis',(-0.825720303652881,0.564079763983245,0.));
#7871=DIRECTION('ref_axis',(0.564079763983245,0.825720303652881,0.));
#7872=DIRECTION('',(0.,0.,-1.));
#7873=DIRECTION('',(0.564079763983245,0.825720303652881,0.));
#7874=DIRECTION('',(0.,0.,-1.));
#7875=DIRECTION('',(0.564079763983245,0.825720303652881,0.));
#7876=DIRECTION('center_axis',(-1.,0.,0.));
#7877=DIRECTION('ref_axis',(0.,1.,0.));
#7878=DIRECTION('',(0.,1.,0.));
#7879=DIRECTION('',(0.,0.,-1.));
#7880=DIRECTION('',(0.,1.,0.));
#7881=DIRECTION('center_axis',(0.,-1.,0.));
#7882=DIRECTION('ref_axis',(-1.,0.,0.));
#7883=DIRECTION('',(-1.,0.,0.));
#7884=DIRECTION('',(0.,0.,-1.));
#7885=DIRECTION('',(-1.,0.,0.));
#7886=DIRECTION('center_axis',(-1.,0.,0.));
#7887=DIRECTION('ref_axis',(0.,1.,0.));
#7888=DIRECTION('',(0.,1.,0.));
#7889=DIRECTION('',(0.,0.,-1.));
#7890=DIRECTION('',(0.,1.,0.));
#7891=DIRECTION('center_axis',(0.,-1.,0.));
#7892=DIRECTION('ref_axis',(-1.,0.,0.));
#7893=DIRECTION('',(-1.,0.,0.));
#7894=DIRECTION('',(-1.,0.,0.));
#7895=DIRECTION('center_axis',(0.,0.,-1.));
#7896=DIRECTION('ref_axis',(-1.,0.,0.));
#7897=DIRECTION('',(1.,4.49526684627314E-17,0.));
#7898=DIRECTION('',(0.,0.,-1.));
#7899=DIRECTION('center_axis',(0.,0.,1.));
#7900=DIRECTION('ref_axis',(-1.,0.,0.));
#7901=DIRECTION('',(1.,4.49526684627314E-17,0.));
#7902=DIRECTION('',(0.,1.,0.));
#7903=DIRECTION('',(0.,1.,0.));
#7904=DIRECTION('',(-1.,0.,0.));
#7905=DIRECTION('',(0.,-1.,0.));
#7906=DIRECTION('',(0.,0.,-1.));
#7907=DIRECTION('center_axis',(-1.,0.,0.));
#7908=DIRECTION('ref_axis',(0.,1.,0.));
#7909=DIRECTION('',(0.,1.,0.));
#7910=DIRECTION('',(0.,0.,-1.));
#7911=DIRECTION('',(0.,0.,-1.));
#7912=DIRECTION('center_axis',(-1.,0.,0.));
#7913=DIRECTION('ref_axis',(0.,1.,0.));
#7914=DIRECTION('',(0.,1.,0.));
#7915=DIRECTION('',(0.,0.,-1.));
#7916=DIRECTION('center_axis',(0.,-1.,0.));
#7917=DIRECTION('ref_axis',(-1.,0.,0.));
#7918=DIRECTION('',(-1.,0.,0.));
#7919=DIRECTION('',(0.,0.,-1.));
#7920=DIRECTION('center_axis',(1.,0.,0.));
#7921=DIRECTION('ref_axis',(0.,-1.,0.));
#7922=DIRECTION('',(0.,0.,1.));
#7923=DIRECTION('',(0.,-1.,0.));
#7924=DIRECTION('center_axis',(0.,0.,1.));
#7925=DIRECTION('ref_axis',(1.,0.,0.));
#7926=DIRECTION('center_axis',(-1.,-2.4479785049328E-16,0.));
#7927=DIRECTION('ref_axis',(2.4479785049328E-16,-1.,0.));
#7928=DIRECTION('',(-2.4479785049328E-16,1.,0.));
#7929=DIRECTION('',(0.,0.,-1.));
#7930=DIRECTION('',(-2.4479785049328E-16,1.,0.));
#7931=DIRECTION('',(0.,0.,-1.));
#7932=DIRECTION('center_axis',(-3.15659346619314E-16,1.,0.));
#7933=DIRECTION('ref_axis',(-1.,-3.15659346619314E-16,0.));
#7934=DIRECTION('',(1.,3.15659346619314E-16,0.));
#7935=DIRECTION('',(0.,0.,-1.));
#7936=DIRECTION('',(1.,3.15659346619314E-16,0.));
#7937=DIRECTION('center_axis',(-1.,-2.91480231285021E-16,0.));
#7938=DIRECTION('ref_axis',(2.91480231285021E-16,-1.,0.));
#7939=DIRECTION('',(-2.91480231285021E-16,1.,0.));
#7940=DIRECTION('',(0.,0.,-1.));
#7941=DIRECTION('',(-2.91480231285021E-16,1.,0.));
#7942=DIRECTION('center_axis',(1.,-1.7701259958947E-16,0.));
#7943=DIRECTION('ref_axis',(1.7701259958947E-16,1.,0.));
#7944=DIRECTION('',(-1.7701259958947E-16,-1.,0.));
#7945=DIRECTION('',(0.,0.,-1.));
#7946=DIRECTION('',(-1.7701259958947E-16,-1.,0.));
#7947=DIRECTION('',(0.,0.,-1.));
#7948=DIRECTION('center_axis',(1.79810673850926E-16,1.,0.));
#7949=DIRECTION('ref_axis',(-1.,1.79810673850926E-16,0.));
#7950=DIRECTION('',(1.,-1.79810673850926E-16,0.));
#7951=DIRECTION('',(0.,0.,-1.));
#7952=DIRECTION('',(1.,-1.79810673850926E-16,0.));
#7953=DIRECTION('center_axis',(1.,0.,0.));
#7954=DIRECTION('ref_axis',(0.,0.,-1.));
#7955=DIRECTION('',(0.,-1.,0.));
#7956=DIRECTION('',(0.,0.,-1.));
#7957=DIRECTION('',(0.,-1.,0.));
#7958=DIRECTION('center_axis',(0.,0.,-1.));
#7959=DIRECTION('ref_axis',(-1.,0.,0.));
#7960=DIRECTION('center_axis',(0.,0.,1.));
#7961=DIRECTION('ref_axis',(1.,0.,0.));
#7962=DIRECTION('',(0.,0.,-1.));
#7963=DIRECTION('center_axis',(0.,0.,1.));
#7964=DIRECTION('ref_axis',(1.,0.,0.));
#7965=DIRECTION('center_axis',(0.,0.,-1.));
#7966=DIRECTION('ref_axis',(-1.,0.,0.));
#7967=DIRECTION('center_axis',(0.,0.,1.));
#7968=DIRECTION('ref_axis',(1.,0.,0.));
#7969=DIRECTION('',(0.,0.,-1.));
#7970=DIRECTION('center_axis',(0.,0.,1.));
#7971=DIRECTION('ref_axis',(1.,0.,0.));
#7972=DIRECTION('center_axis',(0.,0.,-1.));
#7973=DIRECTION('ref_axis',(-1.,0.,0.));
#7974=DIRECTION('center_axis',(0.,0.,1.));
#7975=DIRECTION('ref_axis',(1.,0.,0.));
#7976=DIRECTION('',(0.,0.,-1.));
#7977=DIRECTION('center_axis',(0.,0.,1.));
#7978=DIRECTION('ref_axis',(1.,0.,0.));
#7979=DIRECTION('center_axis',(-2.80586085883834E-16,1.,0.));
#7980=DIRECTION('ref_axis',(-1.,-2.80586085883834E-16,0.));
#7981=DIRECTION('',(1.,2.80586085883834E-16,0.));
#7982=DIRECTION('',(1.,2.80586085883834E-16,0.));
#7983=DIRECTION('center_axis',(-4.49526684627314E-17,1.,0.));
#7984=DIRECTION('ref_axis',(-1.,-4.49526684627314E-17,0.));
#7985=DIRECTION('',(1.,4.49526684627314E-17,0.));
#7986=DIRECTION('',(1.,4.49526684627314E-17,0.));
#7987=DIRECTION('',(1.,4.49526684627314E-17,0.));
#7988=DIRECTION('',(1.,4.49526684627314E-17,0.));
#7989=DIRECTION('',(1.,4.49526684627314E-17,0.));
#7990=DIRECTION('',(1.,4.49526684627314E-17,0.));
#7991=DIRECTION('center_axis',(0.,0.,-1.));
#7992=DIRECTION('ref_axis',(-1.,0.,0.));
#7993=DIRECTION('center_axis',(0.,0.,1.));
#7994=DIRECTION('ref_axis',(1.,0.,0.));
#7995=DIRECTION('',(0.,0.,-1.));
#7996=DIRECTION('center_axis',(0.,0.,1.));
#7997=DIRECTION('ref_axis',(1.,0.,0.));
#7998=DIRECTION('center_axis',(0.,0.,1.));
#7999=DIRECTION('ref_axis',(1.,0.,0.));
#8000=DIRECTION('center_axis',(0.,0.,1.));
#8001=DIRECTION('ref_axis',(1.,0.,0.));
#8002=DIRECTION('axis',(0.,0.,1.));
#8003=DIRECTION('refdir',(1.,0.,0.));
#8004=DIRECTION('center_axis',(0.,1.,0.));
#8005=DIRECTION('ref_axis',(0.,0.,1.));
#8006=DIRECTION('',(1.,2.91480231285021E-16,0.));
#8007=DIRECTION('',(0.,0.,-1.));
#8008=DIRECTION('',(1.,0.,0.));
#8009=DIRECTION('',(0.,0.,-1.));
#8010=DIRECTION('center_axis',(0.,-1.,0.));
#8011=DIRECTION('ref_axis',(0.,0.,-1.));
#8012=DIRECTION('',(0.,0.,-1.));
#8013=DIRECTION('',(1.,2.91480231285021E-16,0.));
#8014=DIRECTION('',(0.,0.,-1.));
#8015=DIRECTION('',(-1.,0.,0.));
#8016=DIRECTION('center_axis',(2.80586085883834E-16,-1.,0.));
#8017=DIRECTION('ref_axis',(1.,2.80586085883834E-16,0.));
#8018=DIRECTION('',(0.,0.,1.));
#8019=DIRECTION('',(1.,2.80586085883834E-16,0.));
#8020=DIRECTION('',(0.,0.,1.));
#8021=DIRECTION('',(1.,2.80586085883834E-16,0.));
#8022=DIRECTION('',(-1.,-2.80586085883834E-16,5.36236004938735E-16));
#8023=DIRECTION('',(0.,0.,-1.));
#8024=DIRECTION('',(-1.,-2.80586085883834E-16,0.));
#8025=DIRECTION('',(0.,0.,-1.));
#8026=DIRECTION('center_axis',(3.05274698808061E-16,-1.,0.));
#8027=DIRECTION('ref_axis',(1.,3.05274698808061E-16,0.));
#8028=DIRECTION('',(-1.,-3.05274698808061E-16,0.));
#8029=DIRECTION('',(0.,0.,-1.));
#8030=DIRECTION('',(-1.,-3.05274698808061E-16,0.));
#8031=DIRECTION('',(0.,0.,-1.));
#8032=DIRECTION('',(-1.,-3.05274698808061E-16,0.));
#8033=DIRECTION('',(0.,0.,-1.));
#8034=DIRECTION('',(-1.,-3.05274698808061E-16,0.));
#8035=DIRECTION('',(0.,0.,-1.));
#8036=DIRECTION('',(0.,0.,1.));
#8037=DIRECTION('',(1.,3.05274698808061E-16,-5.36236004938735E-16));
#8038=DIRECTION('',(0.,0.,1.));
#8039=DIRECTION('',(1.,3.05274698808061E-16,0.));
#8040=DIRECTION('center_axis',(0.,1.,0.));
#8041=DIRECTION('ref_axis',(0.,0.,1.));
#8042=DIRECTION('',(1.,0.,0.));
#8043=DIRECTION('',(0.,0.,-1.));
#8044=DIRECTION('',(1.,0.,0.));
#8045=DIRECTION('',(0.,0.,-1.));
#8046=DIRECTION('',(0.,0.,1.));
#8047=DIRECTION('',(-1.,0.,0.));
#8048=DIRECTION('',(3.75075346157147E-16,0.,-1.));
#8049=DIRECTION('',(1.,0.,0.));
#8050=DIRECTION('center_axis',(3.15659346619314E-16,-1.,0.));
#8051=DIRECTION('ref_axis',(1.,3.15659346619314E-16,0.));
#8052=DIRECTION('',(0.,0.,1.));
#8053=DIRECTION('',(1.,3.15659346619314E-16,0.));
#8054=DIRECTION('',(0.,0.,1.));
#8055=DIRECTION('',(1.,3.15659346619314E-16,0.));
#8056=DIRECTION('',(-3.75075346157147E-16,-1.18396038700978E-31,1.));
#8057=DIRECTION('',(1.,3.15659346619314E-16,0.));
#8058=DIRECTION('',(0.,0.,-1.));
#8059=DIRECTION('',(-1.,-3.15659346619314E-16,0.));
#8060=DIRECTION('center_axis',(0.,0.,1.));
#8061=DIRECTION('ref_axis',(1.,0.,0.));
#8062=DIRECTION('',(0.,1.,0.));
#8063=DIRECTION('',(1.,0.,0.));
#8064=DIRECTION('',(-1.62841178518936E-16,1.,0.));
#8065=DIRECTION('',(-1.,0.,0.));
#8066=DIRECTION('center_axis',(0.,0.,1.));
#8067=DIRECTION('ref_axis',(1.,0.,0.));
#8068=DIRECTION('center_axis',(1.,1.22130883889202E-16,0.));
#8069=DIRECTION('ref_axis',(-1.22130883889202E-16,1.,0.));
#8070=DIRECTION('center_axis',(1.,1.22130883889202E-16,0.));
#8071=DIRECTION('ref_axis',(-1.22130883889202E-16,1.,0.));
#8072=DIRECTION('',(0.,0.,-1.));
#8073=DIRECTION('',(1.22130883889202E-16,-1.,0.));
#8074=DIRECTION('',(0.,0.,-1.));
#8075=DIRECTION('',(1.22130883889202E-16,-1.,0.));
#8076=DIRECTION('',(1.22130883889202E-16,-1.,0.));
#8077=DIRECTION('',(0.,0.,-1.));
#8078=DIRECTION('',(1.22130883889202E-16,-1.,0.));
#8079=DIRECTION('center_axis',(1.,1.22130883889202E-16,0.));
#8080=DIRECTION('ref_axis',(-1.22130883889202E-16,1.,0.));
#8081=DIRECTION('center_axis',(1.,1.22130883889202E-16,0.));
#8082=DIRECTION('ref_axis',(-1.22130883889202E-16,1.,0.));
#8083=DIRECTION('center_axis',(1.,1.22130883889202E-16,0.));
#8084=DIRECTION('ref_axis',(-1.22130883889202E-16,1.,0.));
#8085=DIRECTION('center_axis',(1.,1.22130883889202E-16,0.));
#8086=DIRECTION('ref_axis',(-1.22130883889202E-16,1.,0.));
#8087=DIRECTION('center_axis',(0.,0.,1.));
#8088=DIRECTION('ref_axis',(1.,0.,0.));
#8089=DIRECTION('',(-1.5770213417971E-16,1.,0.));
#8090=DIRECTION('',(1.,0.,0.));
#8091=DIRECTION('',(0.,-1.,0.));
#8092=DIRECTION('',(1.,0.,0.));
#8093=DIRECTION('',(0.,1.,0.));
#8094=DIRECTION('',(0.,1.,0.));
#8095=DIRECTION('',(-1.,0.,0.));
#8096=DIRECTION('',(0.,1.,0.));
#8097=DIRECTION('',(-1.62841178518936E-16,1.,0.));
#8098=DIRECTION('',(-1.,0.,0.));
#8099=DIRECTION('',(0.,-1.,0.));
#8100=DIRECTION('',(0.,-1.,0.));
#8101=DIRECTION('',(1.,0.,0.));
#8102=DIRECTION('',(1.,0.,0.));
#8103=DIRECTION('center_axis',(1.,2.4479785049328E-16,0.));
#8104=DIRECTION('ref_axis',(-2.4479785049328E-16,1.,0.));
#8105=DIRECTION('',(-2.4479785049328E-16,1.,0.));
#8106=DIRECTION('',(-2.4479785049328E-16,1.,0.));
#8107=DIRECTION('center_axis',(1.,2.4479785049328E-16,0.));
#8108=DIRECTION('ref_axis',(-2.4479785049328E-16,1.,0.));
#8109=DIRECTION('center_axis',(1.,2.4479785049328E-16,0.));
#8110=DIRECTION('ref_axis',(-2.4479785049328E-16,1.,0.));
#8111=DIRECTION('center_axis',(1.,2.4479785049328E-16,0.));
#8112=DIRECTION('ref_axis',(-2.4479785049328E-16,1.,0.));
#8113=DIRECTION('center_axis',(1.,2.4479785049328E-16,0.));
#8114=DIRECTION('ref_axis',(-2.4479785049328E-16,1.,0.));
#8115=DIRECTION('center_axis',(1.,2.4479785049328E-16,0.));
#8116=DIRECTION('ref_axis',(-2.4479785049328E-16,1.,0.));
#8117=DIRECTION('center_axis',(1.,2.91480231285021E-16,0.));
#8118=DIRECTION('ref_axis',(-2.91480231285021E-16,1.,0.));
#8119=DIRECTION('',(-2.91480231285021E-16,1.,0.));
#8120=DIRECTION('',(-2.91480231285021E-16,1.,0.));
#8121=DIRECTION('center_axis',(1.,2.91480231285021E-16,0.));
#8122=DIRECTION('ref_axis',(-2.91480231285021E-16,1.,0.));
#8123=DIRECTION('center_axis',(1.,2.91480231285021E-16,0.));
#8124=DIRECTION('ref_axis',(-2.91480231285021E-16,1.,0.));
#8125=DIRECTION('center_axis',(1.,2.91480231285021E-16,0.));
#8126=DIRECTION('ref_axis',(-2.91480231285021E-16,1.,0.));
#8127=DIRECTION('center_axis',(1.,2.91480231285021E-16,0.));
#8128=DIRECTION('ref_axis',(-2.91480231285021E-16,1.,0.));
#8129=DIRECTION('center_axis',(1.,2.91480231285021E-16,0.));
#8130=DIRECTION('ref_axis',(-2.91480231285021E-16,1.,0.));
#8131=DIRECTION('center_axis',(0.,0.,1.));
#8132=DIRECTION('ref_axis',(1.,0.,0.));
#8133=DIRECTION('center_axis',(-1.,-1.62841178518936E-16,0.));
#8134=DIRECTION('ref_axis',(1.62841178518936E-16,-1.,0.));
#8135=DIRECTION('center_axis',(-1.,-1.62841178518936E-16,0.));
#8136=DIRECTION('ref_axis',(1.62841178518936E-16,-1.,0.));
#8137=DIRECTION('',(0.,0.,-1.));
#8138=DIRECTION('',(0.,0.,-1.));
#8139=DIRECTION('',(-1.62841178518936E-16,1.,0.));
#8140=DIRECTION('',(-1.62841178518936E-16,1.,0.));
#8141=DIRECTION('',(0.,0.,-1.));
#8142=DIRECTION('center_axis',(-1.,-1.62841178518936E-16,0.));
#8143=DIRECTION('ref_axis',(1.62841178518936E-16,-1.,0.));
#8144=DIRECTION('center_axis',(-1.,-1.62841178518936E-16,0.));
#8145=DIRECTION('ref_axis',(1.62841178518936E-16,-1.,0.));
#8146=DIRECTION('center_axis',(-1.,-1.62841178518936E-16,0.));
#8147=DIRECTION('ref_axis',(1.62841178518936E-16,-1.,0.));
#8148=DIRECTION('center_axis',(-1.,-1.62841178518936E-16,0.));
#8149=DIRECTION('ref_axis',(1.62841178518936E-16,-1.,0.));
#8150=DIRECTION('center_axis',(0.,0.,1.));
#8151=DIRECTION('ref_axis',(1.,0.,0.));
#8152=DIRECTION('center_axis',(0.,0.,1.));
#8153=DIRECTION('ref_axis',(1.,0.,0.));
#8154=DIRECTION('center_axis',(0.,0.,1.));
#8155=DIRECTION('ref_axis',(1.,0.,0.));
#8156=DIRECTION('center_axis',(0.,0.,1.));
#8157=DIRECTION('ref_axis',(1.,0.,0.));
#8158=DIRECTION('center_axis',(0.,0.,1.));
#8159=DIRECTION('ref_axis',(1.,0.,0.));
#8160=DIRECTION('',(0.,1.,0.));
#8161=DIRECTION('',(1.,0.,0.));
#8162=DIRECTION('',(0.,-1.,0.));
#8163=DIRECTION('',(1.,0.,0.));
#8164=DIRECTION('',(1.,0.,0.));
#8165=DIRECTION('',(0.,1.,0.));
#8166=DIRECTION('center_axis',(-1.,-1.5770213417971E-16,0.));
#8167=DIRECTION('ref_axis',(1.5770213417971E-16,-1.,0.));
#8168=DIRECTION('',(0.,0.,-1.));
#8169=DIRECTION('center_axis',(-1.,-1.5770213417971E-16,0.));
#8170=DIRECTION('ref_axis',(1.5770213417971E-16,-1.,0.));
#8171=DIRECTION('center_axis',(-1.,-1.5770213417971E-16,0.));
#8172=DIRECTION('ref_axis',(1.5770213417971E-16,-1.,0.));
#8173=DIRECTION('',(-1.5770213417971E-16,1.,0.));
#8174=DIRECTION('',(0.,0.,-1.));
#8175=DIRECTION('center_axis',(0.,1.,0.));
#8176=DIRECTION('ref_axis',(0.,0.,1.));
#8177=DIRECTION('',(1.,2.91480231285021E-16,0.));
#8178=DIRECTION('center_axis',(0.,0.,-1.));
#8179=DIRECTION('ref_axis',(-1.,0.,0.));
#8180=DIRECTION('center_axis',(0.,0.,1.));
#8181=DIRECTION('ref_axis',(1.,0.,0.));
#8182=DIRECTION('',(0.,0.,-1.));
#8183=DIRECTION('center_axis',(0.,0.,1.));
#8184=DIRECTION('ref_axis',(1.,0.,0.));
#8185=DIRECTION('center_axis',(0.,0.,1.));
#8186=DIRECTION('ref_axis',(1.,0.,0.));
#8187=DIRECTION('',(-1.,-1.33599967782821E-16,0.));
#8188=DIRECTION('center_axis',(0.,0.,1.));
#8189=DIRECTION('ref_axis',(1.,0.,0.));
#8190=DIRECTION('center_axis',(0.,-1.,0.));
#8191=DIRECTION('ref_axis',(0.,0.,-1.));
#8192=DIRECTION('',(-1.,0.,0.));
#8193=DIRECTION('',(0.,0.,-1.));
#8194=DIRECTION('center_axis',(1.,0.,0.));
#8195=DIRECTION('ref_axis',(0.,0.,-1.));
#8196=DIRECTION('',(0.,-1.,0.));
#8197=DIRECTION('center_axis',(0.,0.,-1.));
#8198=DIRECTION('ref_axis',(-1.,0.,0.));
#8199=DIRECTION('center_axis',(0.,0.,1.));
#8200=DIRECTION('ref_axis',(1.,0.,0.));
#8201=DIRECTION('',(0.,0.,-1.));
#8202=DIRECTION('center_axis',(0.,0.,1.));
#8203=DIRECTION('ref_axis',(1.,0.,0.));
#8204=DIRECTION('center_axis',(0.,0.,1.));
#8205=DIRECTION('ref_axis',(1.,0.,0.));
#8206=DIRECTION('center_axis',(0.,0.,1.));
#8207=DIRECTION('ref_axis',(1.,0.,0.));
#8208=DIRECTION('center_axis',(0.,1.,0.));
#8209=DIRECTION('ref_axis',(0.,0.,1.));
#8210=DIRECTION('',(0.,0.,-1.));
#8211=DIRECTION('',(1.,0.,0.));
#8212=DIRECTION('center_axis',(1.,0.,0.));
#8213=DIRECTION('ref_axis',(0.,0.,-1.));
#8214=DIRECTION('',(0.,-1.,0.));
#8215=DIRECTION('center_axis',(0.,0.,-1.));
#8216=DIRECTION('ref_axis',(-1.,0.,0.));
#8217=DIRECTION('center_axis',(0.,0.,1.));
#8218=DIRECTION('ref_axis',(1.,0.,0.));
#8219=DIRECTION('',(0.,0.,-1.));
#8220=DIRECTION('center_axis',(0.,0.,1.));
#8221=DIRECTION('ref_axis',(1.,0.,0.));
#8222=DIRECTION('center_axis',(0.,0.,1.));
#8223=DIRECTION('ref_axis',(1.,0.,0.));
#8224=DIRECTION('center_axis',(0.,0.,1.));
#8225=DIRECTION('ref_axis',(1.,0.,0.));
#8226=DIRECTION('center_axis',(-1.,0.,0.));
#8227=DIRECTION('ref_axis',(0.,0.,1.));
#8228=DIRECTION('center_axis',(-1.,0.,0.));
#8229=DIRECTION('ref_axis',(0.,0.,1.));
#8230=DIRECTION('',(0.,0.,-1.));
#8231=DIRECTION('',(0.,0.,-1.));
#8232=DIRECTION('center_axis',(-1.,0.,0.));
#8233=DIRECTION('ref_axis',(0.,0.,1.));
#8234=DIRECTION('center_axis',(0.,-1.,0.));
#8235=DIRECTION('ref_axis',(0.,0.,-1.));
#8236=DIRECTION('',(0.,0.,-1.));
#8237=DIRECTION('center_axis',(-1.,0.,0.));
#8238=DIRECTION('ref_axis',(0.,0.,1.));
#8239=DIRECTION('center_axis',(0.,-1.,0.));
#8240=DIRECTION('ref_axis',(0.,0.,-1.));
#8241=DIRECTION('',(1.,2.91480231285021E-16,0.));
#8242=DIRECTION('center_axis',(0.,0.,-1.));
#8243=DIRECTION('ref_axis',(-1.,0.,0.));
#8244=DIRECTION('',(0.,0.,-1.));
#8245=DIRECTION('center_axis',(0.,0.,1.));
#8246=DIRECTION('ref_axis',(1.,0.,0.));
#8247=DIRECTION('center_axis',(0.,0.,1.));
#8248=DIRECTION('ref_axis',(1.,0.,0.));
#8249=DIRECTION('center_axis',(0.,1.,0.));
#8250=DIRECTION('ref_axis',(0.,0.,1.));
#8251=DIRECTION('',(0.,0.,-1.));
#8252=DIRECTION('center_axis',(-1.,0.,0.));
#8253=DIRECTION('ref_axis',(0.,0.,1.));
#8254=DIRECTION('',(0.,0.,-1.));
#8255=DIRECTION('center_axis',(0.,1.,0.));
#8256=DIRECTION('ref_axis',(0.,0.,1.));
#8257=DIRECTION('',(0.,0.,-1.));
#8258=DIRECTION('center_axis',(1.,0.,0.));
#8259=DIRECTION('ref_axis',(0.,0.,-1.));
#8260=DIRECTION('center_axis',(0.,0.,1.));
#8261=DIRECTION('ref_axis',(1.,0.,0.));
#8262=DIRECTION('center_axis',(0.,0.,1.));
#8263=DIRECTION('ref_axis',(1.,0.,0.));
#8264=DIRECTION('',(0.,0.,1.));
#8265=DIRECTION('center_axis',(0.,0.,1.));
#8266=DIRECTION('ref_axis',(1.,0.,0.));
#8267=DIRECTION('center_axis',(0.,0.,1.));
#8268=DIRECTION('ref_axis',(1.,0.,0.));
#8269=DIRECTION('center_axis',(0.,0.,1.));
#8270=DIRECTION('ref_axis',(1.,0.,0.));
#8271=DIRECTION('',(0.,0.,1.));
#8272=DIRECTION('center_axis',(0.,0.,1.));
#8273=DIRECTION('ref_axis',(1.,0.,0.));
#8274=DIRECTION('center_axis',(0.,0.,1.));
#8275=DIRECTION('ref_axis',(1.,0.,0.));
#8276=DIRECTION('center_axis',(0.,0.,1.));
#8277=DIRECTION('ref_axis',(1.,0.,0.));
#8278=DIRECTION('',(0.,0.,1.));
#8279=DIRECTION('center_axis',(0.,0.,1.));
#8280=DIRECTION('ref_axis',(1.,0.,0.));
#8281=DIRECTION('center_axis',(0.,0.,1.));
#8282=DIRECTION('ref_axis',(1.,0.,0.));
#8283=DIRECTION('center_axis',(0.,0.,1.));
#8284=DIRECTION('ref_axis',(1.,0.,0.));
#8285=DIRECTION('',(0.,0.,1.));
#8286=DIRECTION('center_axis',(0.,0.,1.));
#8287=DIRECTION('ref_axis',(1.,0.,0.));
#8288=DIRECTION('center_axis',(0.,0.,-1.));
#8289=DIRECTION('ref_axis',(-1.,0.,0.));
#8290=DIRECTION('',(3.15659346619314E-16,-1.,0.));
#8291=DIRECTION('',(3.15659346619314E-16,-1.,0.));
#8292=DIRECTION('center_axis',(1.,3.15659346619314E-16,3.75075346157147E-16));
#8293=DIRECTION('ref_axis',(3.75075346157147E-16,0.,-1.));
#8294=DIRECTION('',(3.15659346619314E-16,-1.,0.));
#8295=DIRECTION('center_axis',(0.,0.,1.));
#8296=DIRECTION('ref_axis',(1.,0.,0.));
#8297=DIRECTION('',(3.15659346619314E-16,-1.,0.));
#8298=DIRECTION('center_axis',(-1.,-3.15659346619314E-16,0.));
#8299=DIRECTION('ref_axis',(3.15659346619314E-16,-1.,0.));
#8300=DIRECTION('center_axis',(-5.36236004938735E-16,-1.50460361735744E-31,
-1.));
#8301=DIRECTION('ref_axis',(-1.,0.,5.36236004938735E-16));
#8302=DIRECTION('',(-2.80586085883834E-16,1.,0.));
#8303=DIRECTION('',(-2.80586085883834E-16,1.,0.));
#8304=DIRECTION('center_axis',(1.,2.80586085883834E-16,0.));
#8305=DIRECTION('ref_axis',(-2.80586085883834E-16,1.,0.));
#8306=DIRECTION('',(-2.80586085883834E-16,1.,0.));
#8307=DIRECTION('center_axis',(0.,0.,-1.));
#8308=DIRECTION('ref_axis',(-1.,0.,0.));
#8309=DIRECTION('',(-2.80586085883834E-16,1.,0.));
#8310=DIRECTION('center_axis',(1.,2.80586085883834E-16,0.));
#8311=DIRECTION('ref_axis',(-2.80586085883834E-16,1.,0.));
#8312=DIRECTION('center_axis',(1.,2.91480231285021E-16,0.));
#8313=DIRECTION('ref_axis',(-2.91480231285021E-16,1.,0.));
#8314=DIRECTION('',(1.,2.91480231285021E-16,0.));
#8315=DIRECTION('center_axis',(1.,2.91480231285021E-16,0.));
#8316=DIRECTION('ref_axis',(-2.91480231285021E-16,1.,0.));
#8317=DIRECTION('',(1.,2.91480231285021E-16,0.));
#8318=DIRECTION('center_axis',(1.,2.91480231285021E-16,0.));
#8319=DIRECTION('ref_axis',(-2.91480231285021E-16,1.,0.));
#8320=DIRECTION('',(1.,2.91480231285021E-16,0.));
#8321=DIRECTION('center_axis',(1.,2.91480231285021E-16,0.));
#8322=DIRECTION('ref_axis',(-2.91480231285021E-16,1.,0.));
#8323=DIRECTION('',(1.,2.91480231285021E-16,0.));
#8324=DIRECTION('center_axis',(1.,2.91480231285021E-16,0.));
#8325=DIRECTION('ref_axis',(-2.91480231285021E-16,1.,0.));
#8326=DIRECTION('',(1.,2.91480231285021E-16,0.));
#8327=DIRECTION('center_axis',(1.,2.91480231285021E-16,0.));
#8328=DIRECTION('ref_axis',(-2.91480231285021E-16,1.,0.));
#8329=DIRECTION('',(1.,2.91480231285021E-16,0.));
#8330=DIRECTION('center_axis',(1.,2.91480231285021E-16,0.));
#8331=DIRECTION('ref_axis',(-2.91480231285021E-16,1.,0.));
#8332=DIRECTION('',(1.,2.91480231285021E-16,0.));
#8333=DIRECTION('center_axis',(1.,2.91480231285021E-16,0.));
#8334=DIRECTION('ref_axis',(-2.91480231285021E-16,1.,0.));
#8335=DIRECTION('',(1.,2.91480231285021E-16,0.));
#8336=DIRECTION('center_axis',(1.,2.91480231285021E-16,0.));
#8337=DIRECTION('ref_axis',(-2.91480231285021E-16,1.,0.));
#8338=DIRECTION('',(1.,2.91480231285021E-16,0.));
#8339=DIRECTION('center_axis',(1.,2.91480231285021E-16,0.));
#8340=DIRECTION('ref_axis',(-2.91480231285021E-16,1.,0.));
#8341=DIRECTION('',(1.,2.91480231285021E-16,0.));
#8342=DIRECTION('',(0.,0.,1.));
#8343=DIRECTION('',(1.,0.,0.));
#8344=DIRECTION('',(0.,0.,1.));
#8345=DIRECTION('',(1.,0.,0.));
#8346=CARTESIAN_POINT('',(0.,0.,0.));
#8347=CARTESIAN_POINT('',(0.,0.,0.));
#8348=CARTESIAN_POINT('Origin',(0.087912157869339,0.00169991760730744,0.0352));
#8349=CARTESIAN_POINT('',(0.086049946641922,0.00169991760730744,0.0352));
#8350=CARTESIAN_POINT('',(0.087912157869339,0.00169991760730744,0.0352));
#8351=CARTESIAN_POINT('',(0.0892060344969699,0.00169991760730744,0.0352));
#8352=CARTESIAN_POINT('',(0.087912157869339,0.00169991760730744,0.0342));
#8353=CARTESIAN_POINT('',(0.087912157869339,0.00169991760730744,0.0352));
#8354=CARTESIAN_POINT('',(0.086049946641922,0.00169991760730744,0.0342));
#8355=CARTESIAN_POINT('',(0.087912157869339,0.00169991760730744,0.0342));
#8356=CARTESIAN_POINT('',(0.086049946641922,0.00169991760730744,0.0352));
#8357=CARTESIAN_POINT('Origin',(0.087912157869339,0.00422720342159272,0.0352));
#8358=CARTESIAN_POINT('',(0.087912157869339,0.00422720342159272,0.0352));
#8359=CARTESIAN_POINT('',(0.087912157869339,-0.000954803882855593,0.0352));
#8360=CARTESIAN_POINT('',(0.087912157869339,0.00422720342159272,0.0342));
#8361=CARTESIAN_POINT('',(0.087912157869339,0.00422720342159272,0.0352));
#8362=CARTESIAN_POINT('',(0.087912157869339,0.00422720342159272,0.0342));
#8363=CARTESIAN_POINT('Ctrl Pts',(0.0688513714757846,0.0568641012080615,
0.0352));
#8364=CARTESIAN_POINT('Ctrl Pts',(0.0688513714757846,0.0568641012080615,
0.0342));
#8365=CARTESIAN_POINT('Ctrl Pts',(0.0687064772191928,0.0568641012080615,
0.0352));
#8366=CARTESIAN_POINT('Ctrl Pts',(0.0687064772191928,0.0568641012080615,
0.0342));
#8367=CARTESIAN_POINT('Ctrl Pts',(0.0684661091390537,0.0564101681598132,
0.0352));
#8368=CARTESIAN_POINT('Ctrl Pts',(0.0684661091390537,0.0564101681598132,
0.0342));
#8369=CARTESIAN_POINT('Ctrl Pts',(0.0685608417287754,0.0563154379924243,
0.0352));
#8370=CARTESIAN_POINT('Ctrl Pts',(0.0685608417287754,0.0563154379924243,
0.0342));
#8371=CARTESIAN_POINT('',(0.0688513714757846,0.0568641012080615,0.0352));
#8372=CARTESIAN_POINT('',(0.0685608417287754,0.0563154379924243,0.0352));
#8373=CARTESIAN_POINT('Ctrl Pts',(0.0688513714757846,0.0568641012080615,
0.0352));
#8374=CARTESIAN_POINT('Ctrl Pts',(0.0687064772191928,0.0568641012080615,
0.0352));
#8375=CARTESIAN_POINT('Ctrl Pts',(0.0684661091390537,0.0564101681598132,
0.0352));
#8376=CARTESIAN_POINT('Ctrl Pts',(0.0685608417287754,0.0563154379924243,
0.0352));
#8377=CARTESIAN_POINT('',(0.0688513714757846,0.0568641012080615,0.0342));
#8378=CARTESIAN_POINT('',(0.0688513714757846,0.0568641012080615,0.0352));
#8379=CARTESIAN_POINT('',(0.0685608417287754,0.0563154379924243,0.0342));
#8380=CARTESIAN_POINT('Ctrl Pts',(0.0688513714757846,0.0568641012080615,
0.0342));
#8381=CARTESIAN_POINT('Ctrl Pts',(0.0687064772191928,0.0568641012080615,
0.0342));
#8382=CARTESIAN_POINT('Ctrl Pts',(0.0684661091390537,0.0564101681598132,
0.0342));
#8383=CARTESIAN_POINT('Ctrl Pts',(0.0685608417287754,0.0563154379924243,
0.0342));
#8384=CARTESIAN_POINT('',(0.0685608417287754,0.0563154379924243,0.0352));
#8385=CARTESIAN_POINT('Ctrl Pts',(0.0690456667867588,0.0563570100673145,
0.0352));
#8386=CARTESIAN_POINT('Ctrl Pts',(0.0690456667867588,0.0563570100673145,
0.0342));
#8387=CARTESIAN_POINT('Ctrl Pts',(0.0691384760442661,0.0565071801646655,
0.0352));
#8388=CARTESIAN_POINT('Ctrl Pts',(0.0691384760442661,0.0565071801646655,
0.0342));
#8389=CARTESIAN_POINT('Ctrl Pts',(0.0690017208257602,0.0568641012080615,
0.0352));
#8390=CARTESIAN_POINT('Ctrl Pts',(0.0690017208257602,0.0568641012080615,
0.0342));
#8391=CARTESIAN_POINT('Ctrl Pts',(0.0688513714757846,0.0568641012080615,
0.0352));
#8392=CARTESIAN_POINT('Ctrl Pts',(0.0688513714757846,0.0568641012080615,
0.0342));
#8393=CARTESIAN_POINT('',(0.0690456667867588,0.0563570100673145,0.0352));
#8394=CARTESIAN_POINT('Ctrl Pts',(0.0690456667867588,0.0563570100673145,
0.0352));
#8395=CARTESIAN_POINT('Ctrl Pts',(0.0691384760442661,0.0565071801646655,
0.0352));
#8396=CARTESIAN_POINT('Ctrl Pts',(0.0690017208257602,0.0568641012080615,
0.0352));
#8397=CARTESIAN_POINT('Ctrl Pts',(0.0688513714757846,0.0568641012080615,
0.0352));
#8398=CARTESIAN_POINT('',(0.0690456667867588,0.0563570100673145,0.0342));
#8399=CARTESIAN_POINT('',(0.0690456667867588,0.0563570100673145,0.0352));
#8400=CARTESIAN_POINT('Ctrl Pts',(0.0690456667867588,0.0563570100673145,
0.0342));
#8401=CARTESIAN_POINT('Ctrl Pts',(0.0691384760442661,0.0565071801646655,
0.0342));
#8402=CARTESIAN_POINT('Ctrl Pts',(0.0690017208257602,0.0568641012080615,
0.0342));
#8403=CARTESIAN_POINT('Ctrl Pts',(0.0688513714757846,0.0568641012080615,
0.0342));
#8404=CARTESIAN_POINT('Ctrl Pts',(0.0685608417287754,0.0563154379924243,
0.0352));
#8405=CARTESIAN_POINT('Ctrl Pts',(0.0685608417287754,0.0563154379924243,
0.0342));
#8406=CARTESIAN_POINT('Ctrl Pts',(0.0686584278264926,0.056217851894707,
0.0352));
#8407=CARTESIAN_POINT('Ctrl Pts',(0.0686584278264926,0.056217851894707,
0.0342));
#8408=CARTESIAN_POINT('Ctrl Pts',(0.0689765237203525,0.056245127361626,
0.0352));
#8409=CARTESIAN_POINT('Ctrl Pts',(0.0689765237203525,0.056245127361626,
0.0342));
#8410=CARTESIAN_POINT('Ctrl Pts',(0.0690456667867588,0.0563570100673145,
0.0352));
#8411=CARTESIAN_POINT('Ctrl Pts',(0.0690456667867588,0.0563570100673145,
0.0342));
#8412=CARTESIAN_POINT('Ctrl Pts',(0.0685608417287754,0.0563154379924243,
0.0352));
#8413=CARTESIAN_POINT('Ctrl Pts',(0.0686584278264926,0.056217851894707,
0.0352));
#8414=CARTESIAN_POINT('Ctrl Pts',(0.0689765237203525,0.056245127361626,
0.0352));
#8415=CARTESIAN_POINT('Ctrl Pts',(0.0690456667867588,0.0563570100673145,
0.0352));
#8416=CARTESIAN_POINT('Ctrl Pts',(0.0685608417287754,0.0563154379924243,
0.0342));
#8417=CARTESIAN_POINT('Ctrl Pts',(0.0686584278264926,0.056217851894707,
0.0342));
#8418=CARTESIAN_POINT('Ctrl Pts',(0.0689765237203525,0.056245127361626,
0.0342));
#8419=CARTESIAN_POINT('Ctrl Pts',(0.0690456667867588,0.0563570100673145,
0.0342));
#8420=CARTESIAN_POINT('Ctrl Pts',(0.0747291813054966,0.0481772961696094,
0.0352));
#8421=CARTESIAN_POINT('Ctrl Pts',(0.0747291813054966,0.0481772961696094,
0.0342));
#8422=CARTESIAN_POINT('Ctrl Pts',(0.0748550747838901,0.0477435677989429,
0.0352));
#8423=CARTESIAN_POINT('Ctrl Pts',(0.0748550747838901,0.0477435677989429,
0.0342));
#8424=CARTESIAN_POINT('Ctrl Pts',(0.0746671114507602,0.047670197761864,
0.0352));
#8425=CARTESIAN_POINT('Ctrl Pts',(0.0746671114507602,0.047670197761864,
0.0342));
#8426=CARTESIAN_POINT('Ctrl Pts',(0.0733921408239292,0.0476553803523486,
0.0352));
#8427=CARTESIAN_POINT('Ctrl Pts',(0.0733921408239292,0.0476553803523486,
0.0342));
#8428=CARTESIAN_POINT('',(0.0747291813054966,0.0481772961696094,0.0352));
#8429=CARTESIAN_POINT('',(0.0733921408239292,0.0476553803523486,0.0352));
#8430=CARTESIAN_POINT('Ctrl Pts',(0.0747291813054966,0.0481772961696094,
0.0352));
#8431=CARTESIAN_POINT('Ctrl Pts',(0.0748550747838901,0.0477435677989429,
0.0352));
#8432=CARTESIAN_POINT('Ctrl Pts',(0.0746671114507602,0.047670197761864,
0.0352));
#8433=CARTESIAN_POINT('Ctrl Pts',(0.0733921408239292,0.0476553803523486,
0.0352));
#8434=CARTESIAN_POINT('',(0.0747291813054966,0.0481772961696094,0.0342));
#8435=CARTESIAN_POINT('',(0.0747291813054966,0.0481772961696094,0.0352));
#8436=CARTESIAN_POINT('',(0.0733921408239292,0.0476553803523486,0.0342));
#8437=CARTESIAN_POINT('Ctrl Pts',(0.0747291813054966,0.0481772961696094,
0.0342));
#8438=CARTESIAN_POINT('Ctrl Pts',(0.0748550747838901,0.0477435677989429,
0.0342));
#8439=CARTESIAN_POINT('Ctrl Pts',(0.0746671114507602,0.047670197761864,
0.0342));
#8440=CARTESIAN_POINT('Ctrl Pts',(0.0733921408239292,0.0476553803523486,
0.0342));
#8441=CARTESIAN_POINT('',(0.0733921408239292,0.0476553803523486,0.0352));
#8442=CARTESIAN_POINT('Ctrl Pts',(0.0745878575673984,0.0487031652339404,
0.0352));
#8443=CARTESIAN_POINT('Ctrl Pts',(0.0745878575673984,0.0487031652339404,
0.0342));
#8444=CARTESIAN_POINT('Ctrl Pts',(0.074633145500748,0.0485256978686755,
0.0352));
#8445=CARTESIAN_POINT('Ctrl Pts',(0.074633145500748,0.0485256978686755,
0.0342));
#8446=CARTESIAN_POINT('Ctrl Pts',(0.0746967414251255,0.0482890553363269,
0.0352));
#8447=CARTESIAN_POINT('Ctrl Pts',(0.0746967414251255,0.0482890553363269,
0.0342));
#8448=CARTESIAN_POINT('Ctrl Pts',(0.0747291813054966,0.0481772961696094,
0.0352));
#8449=CARTESIAN_POINT('Ctrl Pts',(0.0747291813054966,0.0481772961696094,
0.0342));
#8450=CARTESIAN_POINT('',(0.0745878575673984,0.0487031652339404,0.0352));
#8451=CARTESIAN_POINT('Ctrl Pts',(0.0745878575673984,0.0487031652339404,
0.0352));
#8452=CARTESIAN_POINT('Ctrl Pts',(0.074633145500748,0.0485256978686755,
0.0352));
#8453=CARTESIAN_POINT('Ctrl Pts',(0.0746967414251255,0.0482890553363269,
0.0352));
#8454=CARTESIAN_POINT('Ctrl Pts',(0.0747291813054966,0.0481772961696094,
0.0352));
#8455=CARTESIAN_POINT('',(0.0745878575673984,0.0487031652339404,0.0342));
#8456=CARTESIAN_POINT('',(0.0745878575673984,0.0487031652339404,0.0352));
#8457=CARTESIAN_POINT('Ctrl Pts',(0.0745878575673984,0.0487031652339404,
0.0342));
#8458=CARTESIAN_POINT('Ctrl Pts',(0.074633145500748,0.0485256978686755,
0.0342));
#8459=CARTESIAN_POINT('Ctrl Pts',(0.0746967414251255,0.0482890553363269,
0.0342));
#8460=CARTESIAN_POINT('Ctrl Pts',(0.0747291813054966,0.0481772961696094,
0.0342));
#8461=CARTESIAN_POINT('Ctrl Pts',(0.0740909208455967,0.0495175171740955,
0.0352));
#8462=CARTESIAN_POINT('Ctrl Pts',(0.0740909208455967,0.0495175171740955,
0.0342));
#8463=CARTESIAN_POINT('Ctrl Pts',(0.0743189495626377,0.0492470927890247,
0.0352));
#8464=CARTESIAN_POINT('Ctrl Pts',(0.0743189495626377,0.0492470927890247,
0.0342));
#8465=CARTESIAN_POINT('Ctrl Pts',(0.0745425696340488,0.0488806350215381,
0.0352));
#8466=CARTESIAN_POINT('Ctrl Pts',(0.0745425696340488,0.0488806350215381,
0.0342));
#8467=CARTESIAN_POINT('Ctrl Pts',(0.0745878575673984,0.0487031652339404,
0.0352));
#8468=CARTESIAN_POINT('Ctrl Pts',(0.0745878575673984,0.0487031652339404,
0.0342));
#8469=CARTESIAN_POINT('',(0.0740909208455967,0.0495175171740955,0.0352));
#8470=CARTESIAN_POINT('Ctrl Pts',(0.0740909208455967,0.0495175171740955,
0.0352));
#8471=CARTESIAN_POINT('Ctrl Pts',(0.0743189495626377,0.0492470927890247,
0.0352));
#8472=CARTESIAN_POINT('Ctrl Pts',(0.0745425696340488,0.0488806350215381,
0.0352));
#8473=CARTESIAN_POINT('Ctrl Pts',(0.0745878575673984,0.0487031652339404,
0.0352));
#8474=CARTESIAN_POINT('',(0.0740909208455967,0.0495175171740955,0.0342));
#8475=CARTESIAN_POINT('',(0.0740909208455967,0.0495175171740955,0.0352));
#8476=CARTESIAN_POINT('Ctrl Pts',(0.0740909208455967,0.0495175171740955,
0.0342));
#8477=CARTESIAN_POINT('Ctrl Pts',(0.0743189495626377,0.0492470927890247,
0.0342));
#8478=CARTESIAN_POINT('Ctrl Pts',(0.0745425696340488,0.0488806350215381,
0.0342));
#8479=CARTESIAN_POINT('Ctrl Pts',(0.0745878575673984,0.0487031652339404,
0.0342));
#8480=CARTESIAN_POINT('Ctrl Pts',(0.0731122644964145,0.0512050474055713,
0.0352));
#8481=CARTESIAN_POINT('Ctrl Pts',(0.0731122644964145,0.0512050474055713,
0.0342));
#8482=CARTESIAN_POINT('Ctrl Pts',(0.0734224974981235,0.0505473331912463,
0.0352));
#8483=CARTESIAN_POINT('Ctrl Pts',(0.0734224974981235,0.0505473331912463,
0.0342));
#8484=CARTESIAN_POINT('Ctrl Pts',(0.0738628969732212,0.0497879464038318,
0.0352));
#8485=CARTESIAN_POINT('Ctrl Pts',(0.0738628969732212,0.0497879464038318,
0.0342));
#8486=CARTESIAN_POINT('Ctrl Pts',(0.0740909208455967,0.0495175171740955,
0.0352));
#8487=CARTESIAN_POINT('Ctrl Pts',(0.0740909208455967,0.0495175171740955,
0.0342));
#8488=CARTESIAN_POINT('',(0.0731122644964145,0.0512050474055713,0.0352));
#8489=CARTESIAN_POINT('Ctrl Pts',(0.0731122644964145,0.0512050474055713,
0.0352));
#8490=CARTESIAN_POINT('Ctrl Pts',(0.0734224974981235,0.0505473331912463,
0.0352));
#8491=CARTESIAN_POINT('Ctrl Pts',(0.0738628969732212,0.0497879464038318,
0.0352));
#8492=CARTESIAN_POINT('Ctrl Pts',(0.0740909208455967,0.0495175171740955,
0.0352));
#8493=CARTESIAN_POINT('',(0.0731122644964145,0.0512050474055713,0.0342));
#8494=CARTESIAN_POINT('',(0.0731122644964145,0.0512050474055713,0.0352));
#8495=CARTESIAN_POINT('Ctrl Pts',(0.0731122644964145,0.0512050474055713,
0.0342));
#8496=CARTESIAN_POINT('Ctrl Pts',(0.0734224974981235,0.0505473331912463,
0.0342));
#8497=CARTESIAN_POINT('Ctrl Pts',(0.0738628969732212,0.0497879464038318,
0.0342));
#8498=CARTESIAN_POINT('Ctrl Pts',(0.0740909208455967,0.0495175171740955,
0.0342));
#8499=CARTESIAN_POINT('Ctrl Pts',(0.0724060285345005,0.0524554458888477,
0.0352));
#8500=CARTESIAN_POINT('Ctrl Pts',(0.0724060285345005,0.0524554458888477,
0.0342));
#8501=CARTESIAN_POINT('Ctrl Pts',(0.0724842214361118,0.0524254428752368,
0.0352));
#8502=CARTESIAN_POINT('Ctrl Pts',(0.0724842214361118,0.0524254428752368,
0.0342));
#8503=CARTESIAN_POINT('Ctrl Pts',(0.07280202665004,0.0518627591975635,0.0352));
#8504=CARTESIAN_POINT('Ctrl Pts',(0.07280202665004,0.0518627591975635,0.0342));
#8505=CARTESIAN_POINT('Ctrl Pts',(0.0731122644964145,0.0512050474055713,
0.0352));
#8506=CARTESIAN_POINT('Ctrl Pts',(0.0731122644964145,0.0512050474055713,
0.0342));
#8507=CARTESIAN_POINT('',(0.0724060285345005,0.0524554458888477,0.0352));
#8508=CARTESIAN_POINT('Ctrl Pts',(0.0724060285345005,0.0524554458888477,
0.0352));
#8509=CARTESIAN_POINT('Ctrl Pts',(0.0724842214361118,0.0524254428752368,
0.0352));
#8510=CARTESIAN_POINT('Ctrl Pts',(0.07280202665004,0.0518627591975635,0.0352));
#8511=CARTESIAN_POINT('Ctrl Pts',(0.0731122644964145,0.0512050474055713,
0.0352));
#8512=CARTESIAN_POINT('',(0.0724060285345005,0.0524554458888477,0.0342));
#8513=CARTESIAN_POINT('',(0.0724060285345005,0.0524554458888477,0.0352));
#8514=CARTESIAN_POINT('Ctrl Pts',(0.0724060285345005,0.0524554458888477,
0.0342));
#8515=CARTESIAN_POINT('Ctrl Pts',(0.0724842214361118,0.0524254428752368,
0.0342));
#8516=CARTESIAN_POINT('Ctrl Pts',(0.07280202665004,0.0518627591975635,0.0342));
#8517=CARTESIAN_POINT('Ctrl Pts',(0.0731122644964145,0.0512050474055713,
0.0342));
#8518=CARTESIAN_POINT('Ctrl Pts',(0.0721984927526401,0.0527820514377063,
0.0352));
#8519=CARTESIAN_POINT('Ctrl Pts',(0.0721984927526401,0.0527820514377063,
0.0342));
#8520=CARTESIAN_POINT('Ctrl Pts',(0.0722344450155185,0.0526324239428943,
0.0352));
#8521=CARTESIAN_POINT('Ctrl Pts',(0.0722344450155185,0.0526324239428943,
0.0342));
#8522=CARTESIAN_POINT('Ctrl Pts',(0.0723278307882236,0.0524854513247912,
0.0352));
#8523=CARTESIAN_POINT('Ctrl Pts',(0.0723278307882236,0.0524854513247912,
0.0342));
#8524=CARTESIAN_POINT('Ctrl Pts',(0.0724060285345005,0.0524554458888477,
0.0352));
#8525=CARTESIAN_POINT('Ctrl Pts',(0.0724060285345005,0.0524554458888477,
0.0342));
#8526=CARTESIAN_POINT('',(0.0721984927526401,0.0527820514377063,0.0352));
#8527=CARTESIAN_POINT('Ctrl Pts',(0.0721984927526401,0.0527820514377063,
0.0352));
#8528=CARTESIAN_POINT('Ctrl Pts',(0.0722344450155185,0.0526324239428943,
0.0352));
#8529=CARTESIAN_POINT('Ctrl Pts',(0.0723278307882236,0.0524854513247912,
0.0352));
#8530=CARTESIAN_POINT('Ctrl Pts',(0.0724060285345005,0.0524554458888477,
0.0352));
#8531=CARTESIAN_POINT('',(0.0721984927526401,0.0527820514377063,0.0342));
#8532=CARTESIAN_POINT('',(0.0721984927526401,0.0527820514377063,0.0352));
#8533=CARTESIAN_POINT('Ctrl Pts',(0.0721984927526401,0.0527820514377063,
0.0342));
#8534=CARTESIAN_POINT('Ctrl Pts',(0.0722344450155185,0.0526324239428943,
0.0342));
#8535=CARTESIAN_POINT('Ctrl Pts',(0.0723278307882236,0.0524854513247912,
0.0342));
#8536=CARTESIAN_POINT('Ctrl Pts',(0.0724060285345005,0.0524554458888477,
0.0342));
#8537=CARTESIAN_POINT('Ctrl Pts',(0.0710128819814609,0.055822699173302,
0.0352));
#8538=CARTESIAN_POINT('Ctrl Pts',(0.0710128819814609,0.055822699173302,
0.0342));
#8539=CARTESIAN_POINT('Ctrl Pts',(0.0713664069143222,0.055062568729729,
0.0352));
#8540=CARTESIAN_POINT('Ctrl Pts',(0.0713664069143222,0.055062568729729,
0.0342));
#8541=CARTESIAN_POINT('Ctrl Pts',(0.0721067687002109,0.0531638086589282,
0.0352));
#8542=CARTESIAN_POINT('Ctrl Pts',(0.0721067687002109,0.0531638086589282,
0.0342));
#8543=CARTESIAN_POINT('Ctrl Pts',(0.0721984927526401,0.0527820514377063,
0.0352));
#8544=CARTESIAN_POINT('Ctrl Pts',(0.0721984927526401,0.0527820514377063,
0.0342));
#8545=CARTESIAN_POINT('',(0.0710128819814609,0.055822699173302,0.0352));
#8546=CARTESIAN_POINT('Ctrl Pts',(0.0710128819814609,0.055822699173302,
0.0352));
#8547=CARTESIAN_POINT('Ctrl Pts',(0.0713664069143222,0.055062568729729,
0.0352));
#8548=CARTESIAN_POINT('Ctrl Pts',(0.0721067687002109,0.0531638086589282,
0.0352));
#8549=CARTESIAN_POINT('Ctrl Pts',(0.0721984927526401,0.0527820514377063,
0.0352));
#8550=CARTESIAN_POINT('',(0.0710128819814609,0.055822699173302,0.0342));
#8551=CARTESIAN_POINT('',(0.0710128819814609,0.055822699173302,0.0352));
#8552=CARTESIAN_POINT('Ctrl Pts',(0.0710128819814609,0.055822699173302,
0.0342));
#8553=CARTESIAN_POINT('Ctrl Pts',(0.0713664069143222,0.055062568729729,
0.0342));
#8554=CARTESIAN_POINT('Ctrl Pts',(0.0721067687002109,0.0531638086589282,
0.0342));
#8555=CARTESIAN_POINT('Ctrl Pts',(0.0721984927526401,0.0527820514377063,
0.0342));
#8556=CARTESIAN_POINT('Ctrl Pts',(0.0705286576620029,0.056457699173302,
0.0352));
#8557=CARTESIAN_POINT('Ctrl Pts',(0.0705286576620029,0.056457699173302,
0.0342));
#8558=CARTESIAN_POINT('Ctrl Pts',(0.0706611301961826,0.056457699173302,
0.0352));
#8559=CARTESIAN_POINT('Ctrl Pts',(0.0706611301961826,0.056457699173302,
0.0342));
#8560=CARTESIAN_POINT('Ctrl Pts',(0.0708057579961704,0.056268035362572,
0.0352));
#8561=CARTESIAN_POINT('Ctrl Pts',(0.0708057579961704,0.056268035362572,
0.0342));
#8562=CARTESIAN_POINT('Ctrl Pts',(0.0710128819814609,0.055822699173302,
0.0352));
#8563=CARTESIAN_POINT('Ctrl Pts',(0.0710128819814609,0.055822699173302,
0.0342));
#8564=CARTESIAN_POINT('',(0.0705286576620029,0.056457699173302,0.0352));
#8565=CARTESIAN_POINT('Ctrl Pts',(0.0705286576620029,0.056457699173302,
0.0352));
#8566=CARTESIAN_POINT('Ctrl Pts',(0.0706611301961826,0.056457699173302,
0.0352));
#8567=CARTESIAN_POINT('Ctrl Pts',(0.0708057579961704,0.056268035362572,
0.0352));
#8568=CARTESIAN_POINT('Ctrl Pts',(0.0710128819814609,0.055822699173302,
0.0352));
#8569=CARTESIAN_POINT('',(0.0705286576620029,0.056457699173302,0.0342));
#8570=CARTESIAN_POINT('',(0.0705286576620029,0.056457699173302,0.0352));
#8571=CARTESIAN_POINT('Ctrl Pts',(0.0705286576620029,0.056457699173302,
0.0342));
#8572=CARTESIAN_POINT('Ctrl Pts',(0.0706611301961826,0.056457699173302,
0.0342));
#8573=CARTESIAN_POINT('Ctrl Pts',(0.0708057579961704,0.056268035362572,
0.0342));
#8574=CARTESIAN_POINT('Ctrl Pts',(0.0710128819814609,0.055822699173302,
0.0342));
#8575=CARTESIAN_POINT('Ctrl Pts',(0.0701670082250522,0.0574100683673328,
0.0352));
#8576=CARTESIAN_POINT('Ctrl Pts',(0.0701670082250522,0.0574100683673328,
0.0342));
#8577=CARTESIAN_POINT('Ctrl Pts',(0.0700808264699863,0.0569506778033679,
0.0352));
#8578=CARTESIAN_POINT('Ctrl Pts',(0.0700808264699863,0.0569506778033679,
0.0342));
#8579=CARTESIAN_POINT('Ctrl Pts',(0.0702680291906284,0.056457699173302,
0.0352));
#8580=CARTESIAN_POINT('Ctrl Pts',(0.0702680291906284,0.056457699173302,
0.0342));
#8581=CARTESIAN_POINT('Ctrl Pts',(0.0705286576620029,0.056457699173302,
0.0352));
#8582=CARTESIAN_POINT('Ctrl Pts',(0.0705286576620029,0.056457699173302,
0.0342));
#8583=CARTESIAN_POINT('',(0.0701670082250522,0.0574100683673328,0.0352));
#8584=CARTESIAN_POINT('Ctrl Pts',(0.0701670082250522,0.0574100683673328,
0.0352));
#8585=CARTESIAN_POINT('Ctrl Pts',(0.0700808264699863,0.0569506778033679,
0.0352));
#8586=CARTESIAN_POINT('Ctrl Pts',(0.0702680291906284,0.056457699173302,
0.0352));
#8587=CARTESIAN_POINT('Ctrl Pts',(0.0705286576620029,0.056457699173302,
0.0352));
#8588=CARTESIAN_POINT('',(0.0701670082250522,0.0574100683673328,0.0342));
#8589=CARTESIAN_POINT('',(0.0701670082250522,0.0574100683673328,0.0352));
#8590=CARTESIAN_POINT('Ctrl Pts',(0.0701670082250522,0.0574100683673328,
0.0342));
#8591=CARTESIAN_POINT('Ctrl Pts',(0.0700808264699863,0.0569506778033679,
0.0342));
#8592=CARTESIAN_POINT('Ctrl Pts',(0.0702680291906284,0.056457699173302,
0.0342));
#8593=CARTESIAN_POINT('Ctrl Pts',(0.0705286576620029,0.056457699173302,
0.0342));
#8594=CARTESIAN_POINT('Ctrl Pts',(0.0705213083043979,0.057778497913689,
0.0352));
#8595=CARTESIAN_POINT('Ctrl Pts',(0.0705213083043979,0.057778497913689,
0.0342));
#8596=CARTESIAN_POINT('Ctrl Pts',(0.0702739299932407,0.057778497913689,
0.0352));
#8597=CARTESIAN_POINT('Ctrl Pts',(0.0702739299932407,0.057778497913689,
0.0342));
#8598=CARTESIAN_POINT('Ctrl Pts',(0.0702269609609531,0.0577296539958423,
0.0352));
#8599=CARTESIAN_POINT('Ctrl Pts',(0.0702269609609531,0.0577296539958423,
0.0342));
#8600=CARTESIAN_POINT('Ctrl Pts',(0.0701670082250522,0.0574100683673328,
0.0352));
#8601=CARTESIAN_POINT('Ctrl Pts',(0.0701670082250522,0.0574100683673328,
0.0342));
#8602=CARTESIAN_POINT('',(0.0705213083043979,0.057778497913689,0.0352));
#8603=CARTESIAN_POINT('Ctrl Pts',(0.0705213083043979,0.057778497913689,
0.0352));
#8604=CARTESIAN_POINT('Ctrl Pts',(0.0702739299932407,0.057778497913689,
0.0352));
#8605=CARTESIAN_POINT('Ctrl Pts',(0.0702269609609531,0.0577296539958423,
0.0352));
#8606=CARTESIAN_POINT('Ctrl Pts',(0.0701670082250522,0.0574100683673328,
0.0352));
#8607=CARTESIAN_POINT('',(0.0705213083043979,0.057778497913689,0.0342));
#8608=CARTESIAN_POINT('',(0.0705213083043979,0.057778497913689,0.0352));
#8609=CARTESIAN_POINT('Ctrl Pts',(0.0705213083043979,0.057778497913689,
0.0342));
#8610=CARTESIAN_POINT('Ctrl Pts',(0.0702739299932407,0.057778497913689,
0.0342));
#8611=CARTESIAN_POINT('Ctrl Pts',(0.0702269609609531,0.0577296539958423,
0.0342));
#8612=CARTESIAN_POINT('Ctrl Pts',(0.0701670082250522,0.0574100683673328,
0.0342));
#8613=CARTESIAN_POINT('Ctrl Pts',(0.0711279088750766,0.0583092189105456,
0.0352));
#8614=CARTESIAN_POINT('Ctrl Pts',(0.0711279088750766,0.0583092189105456,
0.0342));
#8615=CARTESIAN_POINT('Ctrl Pts',(0.0711279088750766,0.0578697350772327,
0.0352));
#8616=CARTESIAN_POINT('Ctrl Pts',(0.0711279088750766,0.0578697350772327,
0.0342));
#8617=CARTESIAN_POINT('Ctrl Pts',(0.0710236274496006,0.057778497913689,
0.0352));
#8618=CARTESIAN_POINT('Ctrl Pts',(0.0710236274496006,0.057778497913689,
0.0342));
#8619=CARTESIAN_POINT('Ctrl Pts',(0.0705213083043979,0.057778497913689,
0.0352));
#8620=CARTESIAN_POINT('Ctrl Pts',(0.0705213083043979,0.057778497913689,
0.0342));
#8621=CARTESIAN_POINT('',(0.0711279088750766,0.0583092189105456,0.0352));
#8622=CARTESIAN_POINT('Ctrl Pts',(0.0711279088750766,0.0583092189105456,
0.0352));
#8623=CARTESIAN_POINT('Ctrl Pts',(0.0711279088750766,0.0578697350772327,
0.0352));
#8624=CARTESIAN_POINT('Ctrl Pts',(0.0710236274496006,0.057778497913689,
0.0352));
#8625=CARTESIAN_POINT('Ctrl Pts',(0.0705213083043979,0.057778497913689,
0.0352));
#8626=CARTESIAN_POINT('',(0.0711279088750766,0.0583092189105456,0.0342));
#8627=CARTESIAN_POINT('',(0.0711279088750766,0.0583092189105456,0.0352));
#8628=CARTESIAN_POINT('Ctrl Pts',(0.0711279088750766,0.0583092189105456,
0.0342));
#8629=CARTESIAN_POINT('Ctrl Pts',(0.0711279088750766,0.0578697350772327,
0.0342));
#8630=CARTESIAN_POINT('Ctrl Pts',(0.0710236274496006,0.057778497913689,
0.0342));
#8631=CARTESIAN_POINT('Ctrl Pts',(0.0705213083043979,0.057778497913689,
0.0342));
#8632=CARTESIAN_POINT('Ctrl Pts',(0.0713565092626499,0.0586419650729602,
0.0352));
#8633=CARTESIAN_POINT('Ctrl Pts',(0.0713565092626499,0.0586419650729602,
0.0342));
#8634=CARTESIAN_POINT('Ctrl Pts',(0.0711450444570468,0.0587110064013904,
0.0352));
#8635=CARTESIAN_POINT('Ctrl Pts',(0.0711450444570468,0.0587110064013904,
0.0342));
#8636=CARTESIAN_POINT('Ctrl Pts',(0.0711279088750766,0.0586860660632556,
0.0352));
#8637=CARTESIAN_POINT('Ctrl Pts',(0.0711279088750766,0.0586860660632556,
0.0342));
#8638=CARTESIAN_POINT('Ctrl Pts',(0.0711279088750766,0.0583092189105456,
0.0352));
#8639=CARTESIAN_POINT('Ctrl Pts',(0.0711279088750766,0.0583092189105456,
0.0342));
#8640=CARTESIAN_POINT('',(0.0713565092626499,0.0586419650729602,0.0352));
#8641=CARTESIAN_POINT('Ctrl Pts',(0.0713565092626499,0.0586419650729602,
0.0352));
#8642=CARTESIAN_POINT('Ctrl Pts',(0.0711450444570468,0.0587110064013904,
0.0352));
#8643=CARTESIAN_POINT('Ctrl Pts',(0.0711279088750766,0.0586860660632556,
0.0352));
#8644=CARTESIAN_POINT('Ctrl Pts',(0.0711279088750766,0.0583092189105456,
0.0352));
#8645=CARTESIAN_POINT('',(0.0713565092626499,0.0586419650729602,0.0342));
#8646=CARTESIAN_POINT('',(0.0713565092626499,0.0586419650729602,0.0352));
#8647=CARTESIAN_POINT('Ctrl Pts',(0.0713565092626499,0.0586419650729602,
0.0342));
#8648=CARTESIAN_POINT('Ctrl Pts',(0.0711450444570468,0.0587110064013904,
0.0342));
#8649=CARTESIAN_POINT('Ctrl Pts',(0.0711279088750766,0.0586860660632556,
0.0342));
#8650=CARTESIAN_POINT('Ctrl Pts',(0.0711279088750766,0.0583092189105456,
0.0342));
#8651=CARTESIAN_POINT('Ctrl Pts',(0.0723942317739414,0.0588687802012866,
0.0352));
#8652=CARTESIAN_POINT('Ctrl Pts',(0.0723942317739414,0.0588687802012866,
0.0342));
#8653=CARTESIAN_POINT('Ctrl Pts',(0.07217942899379,0.0585279240687793,0.0352));
#8654=CARTESIAN_POINT('Ctrl Pts',(0.07217942899379,0.0585279240687793,0.0342));
#8655=CARTESIAN_POINT('Ctrl Pts',(0.0718957350698398,0.0584659171946948,
0.0352));
#8656=CARTESIAN_POINT('Ctrl Pts',(0.0718957350698398,0.0584659171946948,
0.0342));
#8657=CARTESIAN_POINT('Ctrl Pts',(0.0713565092626499,0.0586419650729602,
0.0352));
#8658=CARTESIAN_POINT('Ctrl Pts',(0.0713565092626499,0.0586419650729602,
0.0342));
#8659=CARTESIAN_POINT('',(0.0723942317739414,0.0588687802012866,0.0352));
#8660=CARTESIAN_POINT('Ctrl Pts',(0.0723942317739414,0.0588687802012866,
0.0352));
#8661=CARTESIAN_POINT('Ctrl Pts',(0.07217942899379,0.0585279240687793,0.0352));
#8662=CARTESIAN_POINT('Ctrl Pts',(0.0718957350698398,0.0584659171946948,
0.0352));
#8663=CARTESIAN_POINT('Ctrl Pts',(0.0713565092626499,0.0586419650729602,
0.0352));
#8664=CARTESIAN_POINT('',(0.0723942317739414,0.0588687802012866,0.0342));
#8665=CARTESIAN_POINT('',(0.0723942317739414,0.0588687802012866,0.0352));
#8666=CARTESIAN_POINT('Ctrl Pts',(0.0723942317739414,0.0588687802012866,
0.0342));
#8667=CARTESIAN_POINT('Ctrl Pts',(0.07217942899379,0.0585279240687793,0.0342));
#8668=CARTESIAN_POINT('Ctrl Pts',(0.0718957350698398,0.0584659171946948,
0.0342));
#8669=CARTESIAN_POINT('Ctrl Pts',(0.0713565092626499,0.0586419650729602,
0.0342));
#8670=CARTESIAN_POINT('Ctrl Pts',(0.0729783918538974,0.0593034944613879,
0.0352));
#8671=CARTESIAN_POINT('Ctrl Pts',(0.0729783918538974,0.0593034944613879,
0.0342));
#8672=CARTESIAN_POINT('Ctrl Pts',(0.0727310232320713,0.0592337118991321,
0.0352));
#8673=CARTESIAN_POINT('Ctrl Pts',(0.0727310232320713,0.0592337118991321,
0.0342));
#8674=CARTESIAN_POINT('Ctrl Pts',(0.0725298775640415,0.0590840214236682,
0.0352));
#8675=CARTESIAN_POINT('Ctrl Pts',(0.0725298775640415,0.0590840214236682,
0.0342));
#8676=CARTESIAN_POINT('Ctrl Pts',(0.0723942317739414,0.0588687802012866,
0.0352));
#8677=CARTESIAN_POINT('Ctrl Pts',(0.0723942317739414,0.0588687802012866,
0.0342));
#8678=CARTESIAN_POINT('',(0.0729783918538974,0.0593034944613879,0.0352));
#8679=CARTESIAN_POINT('Ctrl Pts',(0.0729783918538974,0.0593034944613879,
0.0352));
#8680=CARTESIAN_POINT('Ctrl Pts',(0.0727310232320713,0.0592337118991321,
0.0352));
#8681=CARTESIAN_POINT('Ctrl Pts',(0.0725298775640415,0.0590840214236682,
0.0352));
#8682=CARTESIAN_POINT('Ctrl Pts',(0.0723942317739414,0.0588687802012866,
0.0352));
#8683=CARTESIAN_POINT('',(0.0729783918538974,0.0593034944613879,0.0342));
#8684=CARTESIAN_POINT('',(0.0729783918538974,0.0593034944613879,0.0352));
#8685=CARTESIAN_POINT('Ctrl Pts',(0.0729783918538974,0.0593034944613879,
0.0342));
#8686=CARTESIAN_POINT('Ctrl Pts',(0.0727310232320713,0.0592337118991321,
0.0342));
#8687=CARTESIAN_POINT('Ctrl Pts',(0.0725298775640415,0.0590840214236682,
0.0342));
#8688=CARTESIAN_POINT('Ctrl Pts',(0.0723942317739414,0.0588687802012866,
0.0342));
#8689=CARTESIAN_POINT('Ctrl Pts',(0.0736679088750766,0.060148062580437,
0.0352));
#8690=CARTESIAN_POINT('Ctrl Pts',(0.0736679088750766,0.060148062580437,
0.0342));
#8691=CARTESIAN_POINT('Ctrl Pts',(0.0736679088750766,0.0597344201930469,
0.0352));
#8692=CARTESIAN_POINT('Ctrl Pts',(0.0736679088750766,0.0597344201930469,
0.0342));
#8693=CARTESIAN_POINT('Ctrl Pts',(0.0734171441427158,0.0594272683986133,
0.0352));
#8694=CARTESIAN_POINT('Ctrl Pts',(0.0734171441427158,0.0594272683986133,
0.0342));
#8695=CARTESIAN_POINT('Ctrl Pts',(0.0729783918538974,0.0593034944613879,
0.0352));
#8696=CARTESIAN_POINT('Ctrl Pts',(0.0729783918538974,0.0593034944613879,
0.0342));
#8697=CARTESIAN_POINT('',(0.0736679088750766,0.060148062580437,0.0352));
#8698=CARTESIAN_POINT('Ctrl Pts',(0.0736679088750766,0.060148062580437,
0.0352));
#8699=CARTESIAN_POINT('Ctrl Pts',(0.0736679088750766,0.0597344201930469,
0.0352));
#8700=CARTESIAN_POINT('Ctrl Pts',(0.0734171441427158,0.0594272683986133,
0.0352));
#8701=CARTESIAN_POINT('Ctrl Pts',(0.0729783918538974,0.0593034944613879,
0.0352));
#8702=CARTESIAN_POINT('',(0.0736679088750766,0.060148062580437,0.0342));
#8703=CARTESIAN_POINT('',(0.0736679088750766,0.060148062580437,0.0352));
#8704=CARTESIAN_POINT('Ctrl Pts',(0.0736679088750766,0.060148062580437,
0.0342));
#8705=CARTESIAN_POINT('Ctrl Pts',(0.0736679088750766,0.0597344201930469,
0.0342));
#8706=CARTESIAN_POINT('Ctrl Pts',(0.0734171441427158,0.0594272683986133,
0.0342));
#8707=CARTESIAN_POINT('Ctrl Pts',(0.0729783918538974,0.0593034944613879,
0.0342));
#8708=CARTESIAN_POINT('Ctrl Pts',(0.0727128702703403,0.0611312971385425,
0.0352));
#8709=CARTESIAN_POINT('Ctrl Pts',(0.0727128702703403,0.0611312971385425,
0.0342));
#8710=CARTESIAN_POINT('Ctrl Pts',(0.0730837245717929,0.0611312971385425,
0.0352));
#8711=CARTESIAN_POINT('Ctrl Pts',(0.0730837245717929,0.0611312971385425,
0.0342));
#8712=CARTESIAN_POINT('Ctrl Pts',(0.0736679088750766,0.0605298609813159,
0.0352));
#8713=CARTESIAN_POINT('Ctrl Pts',(0.0736679088750766,0.0605298609813159,
0.0342));
#8714=CARTESIAN_POINT('Ctrl Pts',(0.0736679088750766,0.060148062580437,
0.0352));
#8715=CARTESIAN_POINT('Ctrl Pts',(0.0736679088750766,0.060148062580437,
0.0342));
#8716=CARTESIAN_POINT('',(0.0727128702703403,0.0611312971385425,0.0352));
#8717=CARTESIAN_POINT('Ctrl Pts',(0.0727128702703403,0.0611312971385425,
0.0352));
#8718=CARTESIAN_POINT('Ctrl Pts',(0.0730837245717929,0.0611312971385425,
0.0352));
#8719=CARTESIAN_POINT('Ctrl Pts',(0.0736679088750766,0.0605298609813159,
0.0352));
#8720=CARTESIAN_POINT('Ctrl Pts',(0.0736679088750766,0.060148062580437,
0.0352));
#8721=CARTESIAN_POINT('',(0.0727128702703403,0.0611312971385425,0.0342));
#8722=CARTESIAN_POINT('',(0.0727128702703403,0.0611312971385425,0.0352));
#8723=CARTESIAN_POINT('Ctrl Pts',(0.0727128702703403,0.0611312971385425,
0.0342));
#8724=CARTESIAN_POINT('Ctrl Pts',(0.0730837245717929,0.0611312971385425,
0.0342));
#8725=CARTESIAN_POINT('Ctrl Pts',(0.0736679088750766,0.0605298609813159,
0.0342));
#8726=CARTESIAN_POINT('Ctrl Pts',(0.0736679088750766,0.060148062580437,
0.0342));
#8727=CARTESIAN_POINT('Ctrl Pts',(0.0724487100377964,0.0613972498973315,
0.0352));
#8728=CARTESIAN_POINT('Ctrl Pts',(0.0724487100377964,0.0613972498973315,
0.0342));
#8729=CARTESIAN_POINT('Ctrl Pts',(0.0724487100377964,0.0611785713847583,
0.0352));
#8730=CARTESIAN_POINT('Ctrl Pts',(0.0724487100377964,0.0611785713847583,
0.0342));
#8731=CARTESIAN_POINT('Ctrl Pts',(0.0724956693807529,0.0611312971385425,
0.0352));
#8732=CARTESIAN_POINT('Ctrl Pts',(0.0724956693807529,0.0611312971385425,
0.0342));
#8733=CARTESIAN_POINT('Ctrl Pts',(0.0727128702703403,0.0611312971385425,
0.0352));
#8734=CARTESIAN_POINT('Ctrl Pts',(0.0727128702703403,0.0611312971385425,
0.0342));
#8735=CARTESIAN_POINT('',(0.0724487100377964,0.0613972498973315,0.0352));
#8736=CARTESIAN_POINT('Ctrl Pts',(0.0724487100377964,0.0613972498973315,
0.0352));
#8737=CARTESIAN_POINT('Ctrl Pts',(0.0724487100377964,0.0611785713847583,
0.0352));
#8738=CARTESIAN_POINT('Ctrl Pts',(0.0724956693807529,0.0611312971385425,
0.0352));
#8739=CARTESIAN_POINT('Ctrl Pts',(0.0727128702703403,0.0611312971385425,
0.0352));
#8740=CARTESIAN_POINT('',(0.0724487100377964,0.0613972498973315,0.0342));
#8741=CARTESIAN_POINT('',(0.0724487100377964,0.0613972498973315,0.0352));
#8742=CARTESIAN_POINT('Ctrl Pts',(0.0724487100377964,0.0613972498973315,
0.0342));
#8743=CARTESIAN_POINT('Ctrl Pts',(0.0724487100377964,0.0611785713847583,
0.0342));
#8744=CARTESIAN_POINT('Ctrl Pts',(0.0724956693807529,0.0611312971385425,
0.0342));
#8745=CARTESIAN_POINT('Ctrl Pts',(0.0727128702703403,0.0611312971385425,
0.0342));
#8746=CARTESIAN_POINT('Ctrl Pts',(0.0714876495138096,0.0624520958789294,
0.0352));
#8747=CARTESIAN_POINT('Ctrl Pts',(0.0714876495138096,0.0624520958789294,
0.0342));
#8748=CARTESIAN_POINT('Ctrl Pts',(0.0717652197805332,0.0624520958789294,
0.0352));
#8749=CARTESIAN_POINT('Ctrl Pts',(0.0717652197805332,0.0624520958789294,
0.0342));
#8750=CARTESIAN_POINT('Ctrl Pts',(0.0724487100377964,0.0617019042666858,
0.0352));
#8751=CARTESIAN_POINT('Ctrl Pts',(0.0724487100377964,0.0617019042666858,
0.0342));
#8752=CARTESIAN_POINT('Ctrl Pts',(0.0724487100377964,0.0613972498973315,
0.0352));
#8753=CARTESIAN_POINT('Ctrl Pts',(0.0724487100377964,0.0613972498973315,
0.0342));
#8754=CARTESIAN_POINT('',(0.0714876495138096,0.0624520958789294,0.0352));
#8755=CARTESIAN_POINT('Ctrl Pts',(0.0714876495138096,0.0624520958789294,
0.0352));
#8756=CARTESIAN_POINT('Ctrl Pts',(0.0717652197805332,0.0624520958789294,
0.0352));
#8757=CARTESIAN_POINT('Ctrl Pts',(0.0724487100377964,0.0617019042666858,
0.0352));
#8758=CARTESIAN_POINT('Ctrl Pts',(0.0724487100377964,0.0613972498973315,
0.0352));
#8759=CARTESIAN_POINT('',(0.0714876495138096,0.0624520958789294,0.0342));
#8760=CARTESIAN_POINT('',(0.0714876495138096,0.0624520958789294,0.0352));
#8761=CARTESIAN_POINT('Ctrl Pts',(0.0714876495138096,0.0624520958789294,
0.0342));
#8762=CARTESIAN_POINT('Ctrl Pts',(0.0717652197805332,0.0624520958789294,
0.0342));
#8763=CARTESIAN_POINT('Ctrl Pts',(0.0724487100377964,0.0617019042666858,
0.0342));
#8764=CARTESIAN_POINT('Ctrl Pts',(0.0724487100377964,0.0613972498973315,
0.0342));
#8765=CARTESIAN_POINT('Ctrl Pts',(0.0707215092626499,0.0616640456279224,
0.0352));
#8766=CARTESIAN_POINT('Ctrl Pts',(0.0707215092626499,0.0616640456279224,
0.0342));
#8767=CARTESIAN_POINT('Ctrl Pts',(0.0707215092626499,0.0619043737395709,
0.0352));
#8768=CARTESIAN_POINT('Ctrl Pts',(0.0707215092626499,0.0619043737395709,
0.0342));
#8769=CARTESIAN_POINT('Ctrl Pts',(0.0712540058294223,0.0624520958789294,
0.0352));
#8770=CARTESIAN_POINT('Ctrl Pts',(0.0712540058294223,0.0624520958789294,
0.0342));
#8771=CARTESIAN_POINT('Ctrl Pts',(0.0714876495138096,0.0624520958789294,
0.0352));
#8772=CARTESIAN_POINT('Ctrl Pts',(0.0714876495138096,0.0624520958789294,
0.0342));
#8773=CARTESIAN_POINT('',(0.0707215092626499,0.0616640456279224,0.0352));
#8774=CARTESIAN_POINT('Ctrl Pts',(0.0707215092626499,0.0616640456279224,
0.0352));
#8775=CARTESIAN_POINT('Ctrl Pts',(0.0707215092626499,0.0619043737395709,
0.0352));
#8776=CARTESIAN_POINT('Ctrl Pts',(0.0712540058294223,0.0624520958789294,
0.0352));
#8777=CARTESIAN_POINT('Ctrl Pts',(0.0714876495138096,0.0624520958789294,
0.0352));
#8778=CARTESIAN_POINT('',(0.0707215092626499,0.0616640456279224,0.0342));
#8779=CARTESIAN_POINT('',(0.0707215092626499,0.0616640456279224,0.0352));
#8780=CARTESIAN_POINT('Ctrl Pts',(0.0707215092626499,0.0616640456279224,
0.0342));
#8781=CARTESIAN_POINT('Ctrl Pts',(0.0707215092626499,0.0619043737395709,
0.0342));
#8782=CARTESIAN_POINT('Ctrl Pts',(0.0712540058294223,0.0624520958789294,
0.0342));
#8783=CARTESIAN_POINT('Ctrl Pts',(0.0714876495138096,0.0624520958789294,
0.0342));
#8784=CARTESIAN_POINT('Ctrl Pts',(0.070423431526749,0.0615546264346545,
0.0352));
#8785=CARTESIAN_POINT('Ctrl Pts',(0.070423431526749,0.0615546264346545,
0.0342));
#8786=CARTESIAN_POINT('Ctrl Pts',(0.070611157471268,0.0613227946551746,
0.0352));
#8787=CARTESIAN_POINT('Ctrl Pts',(0.070611157471268,0.0613227946551746,
0.0342));
#8788=CARTESIAN_POINT('Ctrl Pts',(0.0707215092626499,0.0613633009036487,
0.0352));
#8789=CARTESIAN_POINT('Ctrl Pts',(0.0707215092626499,0.0613633009036487,
0.0342));
#8790=CARTESIAN_POINT('Ctrl Pts',(0.0707215092626499,0.0616640456279224,
0.0352));
#8791=CARTESIAN_POINT('Ctrl Pts',(0.0707215092626499,0.0616640456279224,
0.0342));
#8792=CARTESIAN_POINT('',(0.070423431526749,0.0615546264346545,0.0352));
#8793=CARTESIAN_POINT('Ctrl Pts',(0.070423431526749,0.0615546264346545,
0.0352));
#8794=CARTESIAN_POINT('Ctrl Pts',(0.070611157471268,0.0613227946551746,
0.0352));
#8795=CARTESIAN_POINT('Ctrl Pts',(0.0707215092626499,0.0613633009036487,
0.0352));
#8796=CARTESIAN_POINT('Ctrl Pts',(0.0707215092626499,0.0616640456279224,
0.0352));
#8797=CARTESIAN_POINT('',(0.070423431526749,0.0615546264346545,0.0342));
#8798=CARTESIAN_POINT('',(0.070423431526749,0.0615546264346545,0.0352));
#8799=CARTESIAN_POINT('Ctrl Pts',(0.070423431526749,0.0615546264346545,
0.0342));
#8800=CARTESIAN_POINT('Ctrl Pts',(0.070611157471268,0.0613227946551746,
0.0342));
#8801=CARTESIAN_POINT('Ctrl Pts',(0.0707215092626499,0.0613633009036487,
0.0342));
#8802=CARTESIAN_POINT('Ctrl Pts',(0.0707215092626499,0.0616640456279224,
0.0342));
#8803=CARTESIAN_POINT('Ctrl Pts',(0.0699310536352085,0.0616000548633044,
0.0352));
#8804=CARTESIAN_POINT('Ctrl Pts',(0.0699310536352085,0.0616000548633044,
0.0342));
#8805=CARTESIAN_POINT('Ctrl Pts',(0.0702378130117343,0.0617586837466663,
0.0352));
#8806=CARTESIAN_POINT('Ctrl Pts',(0.0702378130117343,0.0617586837466663,
0.0342));
#8807=CARTESIAN_POINT('Ctrl Pts',(0.0702598368612216,0.0617566514094775,
0.0352));
#8808=CARTESIAN_POINT('Ctrl Pts',(0.0702598368612216,0.0617566514094775,
0.0342));
#8809=CARTESIAN_POINT('Ctrl Pts',(0.070423431526749,0.0615546264346545,
0.0352));
#8810=CARTESIAN_POINT('Ctrl Pts',(0.070423431526749,0.0615546264346545,
0.0342));
#8811=CARTESIAN_POINT('',(0.0699310536352085,0.0616000548633044,0.0352));
#8812=CARTESIAN_POINT('Ctrl Pts',(0.0699310536352085,0.0616000548633044,
0.0352));
#8813=CARTESIAN_POINT('Ctrl Pts',(0.0702378130117343,0.0617586837466663,
0.0352));
#8814=CARTESIAN_POINT('Ctrl Pts',(0.0702598368612216,0.0617566514094775,
0.0352));
#8815=CARTESIAN_POINT('Ctrl Pts',(0.070423431526749,0.0615546264346545,
0.0352));
#8816=CARTESIAN_POINT('',(0.0699310536352085,0.0616000548633044,0.0342));
#8817=CARTESIAN_POINT('',(0.0699310536352085,0.0616000548633044,0.0352));
#8818=CARTESIAN_POINT('Ctrl Pts',(0.0699310536352085,0.0616000548633044,
0.0342));
#8819=CARTESIAN_POINT('Ctrl Pts',(0.0702378130117343,0.0617586837466663,
0.0342));
#8820=CARTESIAN_POINT('Ctrl Pts',(0.0702598368612216,0.0617566514094775,
0.0342));
#8821=CARTESIAN_POINT('Ctrl Pts',(0.070423431526749,0.0615546264346545,
0.0342));
#8822=CARTESIAN_POINT('Ctrl Pts',(0.0694240933004306,0.0607132291491931,
0.0352));
#8823=CARTESIAN_POINT('Ctrl Pts',(0.0694240933004306,0.0607132291491931,
0.0342));
#8824=CARTESIAN_POINT('Ctrl Pts',(0.069367376801102,0.0610996445163196,
0.0352));
#8825=CARTESIAN_POINT('Ctrl Pts',(0.069367376801102,0.0610996445163196,
0.0342));
#8826=CARTESIAN_POINT('Ctrl Pts',(0.069536930405228,0.0613962446292346,
0.0352));
#8827=CARTESIAN_POINT('Ctrl Pts',(0.069536930405228,0.0613962446292346,
0.0342));
#8828=CARTESIAN_POINT('Ctrl Pts',(0.0699310536352085,0.0616000548633044,
0.0352));
#8829=CARTESIAN_POINT('Ctrl Pts',(0.0699310536352085,0.0616000548633044,
0.0342));
#8830=CARTESIAN_POINT('',(0.0694240933004306,0.0607132291491931,0.0352));
#8831=CARTESIAN_POINT('Ctrl Pts',(0.0694240933004306,0.0607132291491931,
0.0352));
#8832=CARTESIAN_POINT('Ctrl Pts',(0.069367376801102,0.0610996445163196,
0.0352));
#8833=CARTESIAN_POINT('Ctrl Pts',(0.069536930405228,0.0613962446292346,
0.0352));
#8834=CARTESIAN_POINT('Ctrl Pts',(0.0699310536352085,0.0616000548633044,
0.0352));
#8835=CARTESIAN_POINT('',(0.0694240933004306,0.0607132291491931,0.0342));
#8836=CARTESIAN_POINT('',(0.0694240933004306,0.0607132291491931,0.0352));
#8837=CARTESIAN_POINT('Ctrl Pts',(0.0694240933004306,0.0607132291491931,
0.0342));
#8838=CARTESIAN_POINT('Ctrl Pts',(0.069367376801102,0.0610996445163196,
0.0342));
#8839=CARTESIAN_POINT('Ctrl Pts',(0.069536930405228,0.0613962446292346,
0.0342));
#8840=CARTESIAN_POINT('Ctrl Pts',(0.0699310536352085,0.0616000548633044,
0.0342));
#8841=CARTESIAN_POINT('Ctrl Pts',(0.0692871782079624,0.0604200978167956,
0.0352));
#8842=CARTESIAN_POINT('Ctrl Pts',(0.0692871782079624,0.0604200978167956,
0.0342));
#8843=CARTESIAN_POINT('Ctrl Pts',(0.0694277267995762,0.0604200978167956,
0.0352));
#8844=CARTESIAN_POINT('Ctrl Pts',(0.0694277267995762,0.0604200978167956,
0.0342));
#8845=CARTESIAN_POINT('Ctrl Pts',(0.0694576959005283,0.0604842678340381,
0.0352));
#8846=CARTESIAN_POINT('Ctrl Pts',(0.0694576959005283,0.0604842678340381,
0.0342));
#8847=CARTESIAN_POINT('Ctrl Pts',(0.0694240933004306,0.0607132291491931,
0.0352));
#8848=CARTESIAN_POINT('Ctrl Pts',(0.0694240933004306,0.0607132291491931,
0.0342));
#8849=CARTESIAN_POINT('',(0.0692871782079624,0.0604200978167956,0.0352));
#8850=CARTESIAN_POINT('Ctrl Pts',(0.0692871782079624,0.0604200978167956,
0.0352));
#8851=CARTESIAN_POINT('Ctrl Pts',(0.0694277267995762,0.0604200978167956,
0.0352));
#8852=CARTESIAN_POINT('Ctrl Pts',(0.0694576959005283,0.0604842678340381,
0.0352));
#8853=CARTESIAN_POINT('Ctrl Pts',(0.0694240933004306,0.0607132291491931,
0.0352));
#8854=CARTESIAN_POINT('',(0.0692871782079624,0.0604200978167956,0.0342));
#8855=CARTESIAN_POINT('',(0.0692871782079624,0.0604200978167956,0.0352));
#8856=CARTESIAN_POINT('Ctrl Pts',(0.0692871782079624,0.0604200978167956,
0.0342));
#8857=CARTESIAN_POINT('Ctrl Pts',(0.0694277267995762,0.0604200978167956,
0.0342));
#8858=CARTESIAN_POINT('Ctrl Pts',(0.0694576959005283,0.0604842678340381,
0.0342));
#8859=CARTESIAN_POINT('Ctrl Pts',(0.0694240933004306,0.0607132291491931,
0.0342));
#8860=CARTESIAN_POINT('Ctrl Pts',(0.0688221726766513,0.0601744078715747,
0.0352));
#8861=CARTESIAN_POINT('Ctrl Pts',(0.0688221726766513,0.0601744078715747,
0.0342));
#8862=CARTESIAN_POINT('Ctrl Pts',(0.0689789557424472,0.0603095401271289,
0.0352));
#8863=CARTESIAN_POINT('Ctrl Pts',(0.0689789557424472,0.0603095401271289,
0.0342));
#8864=CARTESIAN_POINT('Ctrl Pts',(0.0691882065359043,0.0604200978167956,
0.0352));
#8865=CARTESIAN_POINT('Ctrl Pts',(0.0691882065359043,0.0604200978167956,
0.0342));
#8866=CARTESIAN_POINT('Ctrl Pts',(0.0692871782079624,0.0604200978167956,
0.0352));
#8867=CARTESIAN_POINT('Ctrl Pts',(0.0692871782079624,0.0604200978167956,
0.0342));
#8868=CARTESIAN_POINT('',(0.0688221726766513,0.0601744078715747,0.0352));
#8869=CARTESIAN_POINT('Ctrl Pts',(0.0688221726766513,0.0601744078715747,
0.0352));
#8870=CARTESIAN_POINT('Ctrl Pts',(0.0689789557424472,0.0603095401271289,
0.0352));
#8871=CARTESIAN_POINT('Ctrl Pts',(0.0691882065359043,0.0604200978167956,
0.0352));
#8872=CARTESIAN_POINT('Ctrl Pts',(0.0692871782079624,0.0604200978167956,
0.0352));
#8873=CARTESIAN_POINT('',(0.0688221726766513,0.0601744078715747,0.0342));
#8874=CARTESIAN_POINT('',(0.0688221726766513,0.0601744078715747,0.0352));
#8875=CARTESIAN_POINT('Ctrl Pts',(0.0688221726766513,0.0601744078715747,
0.0342));
#8876=CARTESIAN_POINT('Ctrl Pts',(0.0689789557424472,0.0603095401271289,
0.0342));
#8877=CARTESIAN_POINT('Ctrl Pts',(0.0691882065359043,0.0604200978167956,
0.0342));
#8878=CARTESIAN_POINT('Ctrl Pts',(0.0692871782079624,0.0604200978167956,
0.0342));
#8879=CARTESIAN_POINT('Ctrl Pts',(0.0685543886342929,0.0593205355723804,
0.0352));
#8880=CARTESIAN_POINT('Ctrl Pts',(0.0685543886342929,0.0593205355723804,
0.0342));
#8881=CARTESIAN_POINT('Ctrl Pts',(0.0685387355199741,0.0598713037951892,
0.0352));
#8882=CARTESIAN_POINT('Ctrl Pts',(0.0685387355199741,0.0598713037951892,
0.0342));
#8883=CARTESIAN_POINT('Ctrl Pts',(0.0685640101400302,0.0599519093402331,
0.0352));
#8884=CARTESIAN_POINT('Ctrl Pts',(0.0685640101400302,0.0599519093402331,
0.0342));
#8885=CARTESIAN_POINT('Ctrl Pts',(0.0688221726766513,0.0601744078715747,
0.0352));
#8886=CARTESIAN_POINT('Ctrl Pts',(0.0688221726766513,0.0601744078715747,
0.0342));
#8887=CARTESIAN_POINT('',(0.0685543886342929,0.0593205355723804,0.0352));
#8888=CARTESIAN_POINT('Ctrl Pts',(0.0685543886342929,0.0593205355723804,
0.0352));
#8889=CARTESIAN_POINT('Ctrl Pts',(0.0685387355199741,0.0598713037951892,
0.0352));
#8890=CARTESIAN_POINT('Ctrl Pts',(0.0685640101400302,0.0599519093402331,
0.0352));
#8891=CARTESIAN_POINT('Ctrl Pts',(0.0688221726766513,0.0601744078715747,
0.0352));
#8892=CARTESIAN_POINT('',(0.0685543886342929,0.0593205355723804,0.0342));
#8893=CARTESIAN_POINT('',(0.0685543886342929,0.0593205355723804,0.0352));
#8894=CARTESIAN_POINT('Ctrl Pts',(0.0685543886342929,0.0593205355723804,
0.0342));
#8895=CARTESIAN_POINT('Ctrl Pts',(0.0685387355199741,0.0598713037951892,
0.0342));
#8896=CARTESIAN_POINT('Ctrl Pts',(0.0685640101400302,0.0599519093402331,
0.0342));
#8897=CARTESIAN_POINT('Ctrl Pts',(0.0688221726766513,0.0601744078715747,
0.0342));
#8898=CARTESIAN_POINT('Ctrl Pts',(0.0683790359655307,0.0586619759639209,
0.0352));
#8899=CARTESIAN_POINT('Ctrl Pts',(0.0683790359655307,0.0586619759639209,
0.0342));
#8900=CARTESIAN_POINT('Ctrl Pts',(0.0685436964574741,0.0587050353511279,
0.0352));
#8901=CARTESIAN_POINT('Ctrl Pts',(0.0685436964574741,0.0587050353511279,
0.0342));
#8902=CARTESIAN_POINT('Ctrl Pts',(0.0685691600194858,0.058800676315636,
0.0352));
#8903=CARTESIAN_POINT('Ctrl Pts',(0.0685691600194858,0.058800676315636,
0.0342));
#8904=CARTESIAN_POINT('Ctrl Pts',(0.0685543886342929,0.0593205355723804,
0.0352));
#8905=CARTESIAN_POINT('Ctrl Pts',(0.0685543886342929,0.0593205355723804,
0.0342));
#8906=CARTESIAN_POINT('',(0.0683790359655307,0.0586619759639209,0.0352));
#8907=CARTESIAN_POINT('Ctrl Pts',(0.0683790359655307,0.0586619759639209,
0.0352));
#8908=CARTESIAN_POINT('Ctrl Pts',(0.0685436964574741,0.0587050353511279,
0.0352));
#8909=CARTESIAN_POINT('Ctrl Pts',(0.0685691600194858,0.058800676315636,
0.0352));
#8910=CARTESIAN_POINT('Ctrl Pts',(0.0685543886342929,0.0593205355723804,
0.0352));
#8911=CARTESIAN_POINT('',(0.0683790359655307,0.0586619759639209,0.0342));
#8912=CARTESIAN_POINT('',(0.0683790359655307,0.0586619759639209,0.0352));
#8913=CARTESIAN_POINT('Ctrl Pts',(0.0683790359655307,0.0586619759639209,
0.0342));
#8914=CARTESIAN_POINT('Ctrl Pts',(0.0685436964574741,0.0587050353511279,
0.0342));
#8915=CARTESIAN_POINT('Ctrl Pts',(0.0685691600194858,0.058800676315636,
0.0342));
#8916=CARTESIAN_POINT('Ctrl Pts',(0.0685543886342929,0.0593205355723804,
0.0342));
#8917=CARTESIAN_POINT('Ctrl Pts',(0.0680927356115268,0.0583728487475818,
0.0352));
#8918=CARTESIAN_POINT('Ctrl Pts',(0.0680927356115268,0.0583728487475818,
0.0342));
#8919=CARTESIAN_POINT('Ctrl Pts',(0.0681442489400791,0.0585041634067004,
0.0352));
#8920=CARTESIAN_POINT('Ctrl Pts',(0.0681442489400791,0.0585041634067004,
0.0342));
#8921=CARTESIAN_POINT('Ctrl Pts',(0.0682730831304477,0.0586342717441028,
0.0352));
#8922=CARTESIAN_POINT('Ctrl Pts',(0.0682730831304477,0.0586342717441028,
0.0342));
#8923=CARTESIAN_POINT('Ctrl Pts',(0.0683790359655307,0.0586619759639209,
0.0352));
#8924=CARTESIAN_POINT('Ctrl Pts',(0.0683790359655307,0.0586619759639209,
0.0342));
#8925=CARTESIAN_POINT('',(0.0680927356115268,0.0583728487475818,0.0352));
#8926=CARTESIAN_POINT('Ctrl Pts',(0.0680927356115268,0.0583728487475818,
0.0352));
#8927=CARTESIAN_POINT('Ctrl Pts',(0.0681442489400791,0.0585041634067004,
0.0352));
#8928=CARTESIAN_POINT('Ctrl Pts',(0.0682730831304477,0.0586342717441028,
0.0352));
#8929=CARTESIAN_POINT('Ctrl Pts',(0.0683790359655307,0.0586619759639209,
0.0352));
#8930=CARTESIAN_POINT('',(0.0680927356115268,0.0583728487475818,0.0342));
#8931=CARTESIAN_POINT('',(0.0680927356115268,0.0583728487475818,0.0352));
#8932=CARTESIAN_POINT('Ctrl Pts',(0.0680927356115268,0.0583728487475818,
0.0342));
#8933=CARTESIAN_POINT('Ctrl Pts',(0.0681442489400791,0.0585041634067004,
0.0342));
#8934=CARTESIAN_POINT('Ctrl Pts',(0.0682730831304477,0.0586342717441028,
0.0342));
#8935=CARTESIAN_POINT('Ctrl Pts',(0.0683790359655307,0.0586619759639209,
0.0342));
#8936=CARTESIAN_POINT('Ctrl Pts',(0.0675193791356967,0.0568410914691394,
0.0352));
#8937=CARTESIAN_POINT('Ctrl Pts',(0.0675193791356967,0.0568410914691394,
0.0342));
#8938=CARTESIAN_POINT('Ctrl Pts',(0.0677832099309848,0.0575522447665637,
0.0352));
#8939=CARTESIAN_POINT('Ctrl Pts',(0.0677832099309848,0.0575522447665637,
0.0342));
#8940=CARTESIAN_POINT('Ctrl Pts',(0.068041217438309,0.0582415365107959,
0.0352));
#8941=CARTESIAN_POINT('Ctrl Pts',(0.068041217438309,0.0582415365107959,
0.0342));
#8942=CARTESIAN_POINT('Ctrl Pts',(0.0680927356115268,0.0583728487475818,
0.0352));
#8943=CARTESIAN_POINT('Ctrl Pts',(0.0680927356115268,0.0583728487475818,
0.0342));
#8944=CARTESIAN_POINT('',(0.0675193791356967,0.0568410914691394,0.0352));
#8945=CARTESIAN_POINT('Ctrl Pts',(0.0675193791356967,0.0568410914691394,
0.0352));
#8946=CARTESIAN_POINT('Ctrl Pts',(0.0677832099309848,0.0575522447665637,
0.0352));
#8947=CARTESIAN_POINT('Ctrl Pts',(0.068041217438309,0.0582415365107959,
0.0352));
#8948=CARTESIAN_POINT('Ctrl Pts',(0.0680927356115268,0.0583728487475818,
0.0352));
#8949=CARTESIAN_POINT('',(0.0675193791356967,0.0568410914691394,0.0342));
#8950=CARTESIAN_POINT('',(0.0675193791356967,0.0568410914691394,0.0352));
#8951=CARTESIAN_POINT('Ctrl Pts',(0.0675193791356967,0.0568410914691394,
0.0342));
#8952=CARTESIAN_POINT('Ctrl Pts',(0.0677832099309848,0.0575522447665637,
0.0342));
#8953=CARTESIAN_POINT('Ctrl Pts',(0.068041217438309,0.0582415365107959,
0.0342));
#8954=CARTESIAN_POINT('Ctrl Pts',(0.0680927356115268,0.0583728487475818,
0.0342));
#8955=CARTESIAN_POINT('Ctrl Pts',(0.0669044796529697,0.0554358720096057,
0.0352));
#8956=CARTESIAN_POINT('Ctrl Pts',(0.0669044796529697,0.0554358720096057,
0.0342));
#8957=CARTESIAN_POINT('Ctrl Pts',(0.0669788452688144,0.0554975906260913,
0.0352));
#8958=CARTESIAN_POINT('Ctrl Pts',(0.0669788452688144,0.0554975906260913,
0.0342));
#8959=CARTESIAN_POINT('Ctrl Pts',(0.0672555531850742,0.0561299405940478,
0.0352));
#8960=CARTESIAN_POINT('Ctrl Pts',(0.0672555531850742,0.0561299405940478,
0.0342));
#8961=CARTESIAN_POINT('Ctrl Pts',(0.0675193791356967,0.0568410914691394,
0.0352));
#8962=CARTESIAN_POINT('Ctrl Pts',(0.0675193791356967,0.0568410914691394,
0.0342));
#8963=CARTESIAN_POINT('',(0.0669044796529697,0.0554358720096057,0.0352));
#8964=CARTESIAN_POINT('Ctrl Pts',(0.0669044796529697,0.0554358720096057,
0.0352));
#8965=CARTESIAN_POINT('Ctrl Pts',(0.0669788452688144,0.0554975906260913,
0.0352));
#8966=CARTESIAN_POINT('Ctrl Pts',(0.0672555531850742,0.0561299405940478,
0.0352));
#8967=CARTESIAN_POINT('Ctrl Pts',(0.0675193791356967,0.0568410914691394,
0.0352));
#8968=CARTESIAN_POINT('',(0.0669044796529697,0.0554358720096057,0.0342));
#8969=CARTESIAN_POINT('',(0.0669044796529697,0.0554358720096057,0.0352));
#8970=CARTESIAN_POINT('Ctrl Pts',(0.0669044796529697,0.0554358720096057,
0.0342));
#8971=CARTESIAN_POINT('Ctrl Pts',(0.0669788452688144,0.0554975906260913,
0.0342));
#8972=CARTESIAN_POINT('Ctrl Pts',(0.0672555531850742,0.0561299405940478,
0.0342));
#8973=CARTESIAN_POINT('Ctrl Pts',(0.0675193791356967,0.0568410914691394,
0.0342));
#8974=CARTESIAN_POINT('Ctrl Pts',(0.0662180244604038,0.053917699173302,
0.0352));
#8975=CARTESIAN_POINT('Ctrl Pts',(0.0662180244604038,0.053917699173302,
0.0342));
#8976=CARTESIAN_POINT('Ctrl Pts',(0.0663946512761997,0.0545730225451892,
0.0352));
#8977=CARTESIAN_POINT('Ctrl Pts',(0.0663946512761997,0.0545730225451892,
0.0342));
#8978=CARTESIAN_POINT('Ctrl Pts',(0.0667129070440219,0.0552768821986621,
0.0352));
#8979=CARTESIAN_POINT('Ctrl Pts',(0.0667129070440219,0.0552768821986621,
0.0342));
#8980=CARTESIAN_POINT('Ctrl Pts',(0.0669044796529697,0.0554358720096057,
0.0352));
#8981=CARTESIAN_POINT('Ctrl Pts',(0.0669044796529697,0.0554358720096057,
0.0342));
#8982=CARTESIAN_POINT('',(0.0662180244604038,0.053917699173302,0.0352));
#8983=CARTESIAN_POINT('Ctrl Pts',(0.0662180244604038,0.053917699173302,
0.0352));
#8984=CARTESIAN_POINT('Ctrl Pts',(0.0663946512761997,0.0545730225451892,
0.0352));
#8985=CARTESIAN_POINT('Ctrl Pts',(0.0667129070440219,0.0552768821986621,
0.0352));
#8986=CARTESIAN_POINT('Ctrl Pts',(0.0669044796529697,0.0554358720096057,
0.0352));
#8987=CARTESIAN_POINT('',(0.0662180244604038,0.053917699173302,0.0342));
#8988=CARTESIAN_POINT('',(0.0662180244604038,0.053917699173302,0.0352));
#8989=CARTESIAN_POINT('Ctrl Pts',(0.0662180244604038,0.053917699173302,
0.0342));
#8990=CARTESIAN_POINT('Ctrl Pts',(0.0663946512761997,0.0545730225451892,
0.0342));
#8991=CARTESIAN_POINT('Ctrl Pts',(0.0667129070440219,0.0552768821986621,
0.0342));
#8992=CARTESIAN_POINT('Ctrl Pts',(0.0669044796529697,0.0554358720096057,
0.0342));
#8993=CARTESIAN_POINT('Ctrl Pts',(0.0656694145360874,0.052478135879845,
0.0352));
#8994=CARTESIAN_POINT('Ctrl Pts',(0.0656694145360874,0.052478135879845,
0.0342));
#8995=CARTESIAN_POINT('Ctrl Pts',(0.0658181263891147,0.0526573206790393,
0.0352));
#8996=CARTESIAN_POINT('Ctrl Pts',(0.0658181263891147,0.0526573206790393,
0.0342));
#8997=CARTESIAN_POINT('Ctrl Pts',(0.0660237339940952,0.0531968323214954,
0.0352));
#8998=CARTESIAN_POINT('Ctrl Pts',(0.0660237339940952,0.0531968323214954,
0.0342));
#8999=CARTESIAN_POINT('Ctrl Pts',(0.0662180244604038,0.053917699173302,
0.0352));
#9000=CARTESIAN_POINT('Ctrl Pts',(0.0662180244604038,0.053917699173302,
0.0342));
#9001=CARTESIAN_POINT('',(0.0656694145360874,0.052478135879845,0.0352));
#9002=CARTESIAN_POINT('Ctrl Pts',(0.0656694145360874,0.052478135879845,
0.0352));
#9003=CARTESIAN_POINT('Ctrl Pts',(0.0658181263891147,0.0526573206790393,
0.0352));
#9004=CARTESIAN_POINT('Ctrl Pts',(0.0660237339940952,0.0531968323214954,
0.0352));
#9005=CARTESIAN_POINT('Ctrl Pts',(0.0662180244604038,0.053917699173302,
0.0352));
#9006=CARTESIAN_POINT('',(0.0656694145360874,0.052478135879845,0.0342));
#9007=CARTESIAN_POINT('',(0.0656694145360874,0.052478135879845,0.0352));
#9008=CARTESIAN_POINT('Ctrl Pts',(0.0656694145360874,0.052478135879845,
0.0342));
#9009=CARTESIAN_POINT('Ctrl Pts',(0.0658181263891147,0.0526573206790393,
0.0342));
#9010=CARTESIAN_POINT('Ctrl Pts',(0.0660237339940952,0.0531968323214954,
0.0342));
#9011=CARTESIAN_POINT('Ctrl Pts',(0.0662180244604038,0.053917699173302,
0.0342));
#9012=CARTESIAN_POINT('Ctrl Pts',(0.0653327587285923,0.0515265321429675,
0.0352));
#9013=CARTESIAN_POINT('Ctrl Pts',(0.0653327587285923,0.0515265321429675,
0.0342));
#9014=CARTESIAN_POINT('Ctrl Pts',(0.0654529355016635,0.0519716091426318,
0.0352));
#9015=CARTESIAN_POINT('Ctrl Pts',(0.0654529355016635,0.0519716091426318,
0.0342));
#9016=CARTESIAN_POINT('Ctrl Pts',(0.0656044330373691,0.0523998315509265,
0.0352));
#9017=CARTESIAN_POINT('Ctrl Pts',(0.0656044330373691,0.0523998315509265,
0.0342));
#9018=CARTESIAN_POINT('Ctrl Pts',(0.0656694145360874,0.052478135879845,
0.0352));
#9019=CARTESIAN_POINT('Ctrl Pts',(0.0656694145360874,0.052478135879845,
0.0342));
#9020=CARTESIAN_POINT('',(0.0653327587285923,0.0515265321429675,0.0352));
#9021=CARTESIAN_POINT('Ctrl Pts',(0.0653327587285923,0.0515265321429675,
0.0352));
#9022=CARTESIAN_POINT('Ctrl Pts',(0.0654529355016635,0.0519716091426318,
0.0352));
#9023=CARTESIAN_POINT('Ctrl Pts',(0.0656044330373691,0.0523998315509265,
0.0352));
#9024=CARTESIAN_POINT('Ctrl Pts',(0.0656694145360874,0.052478135879845,
0.0352));
#9025=CARTESIAN_POINT('',(0.0653327587285923,0.0515265321429675,0.0342));
#9026=CARTESIAN_POINT('',(0.0653327587285923,0.0515265321429675,0.0352));
#9027=CARTESIAN_POINT('Ctrl Pts',(0.0653327587285923,0.0515265321429675,
0.0342));
#9028=CARTESIAN_POINT('Ctrl Pts',(0.0654529355016635,0.0519716091426318,
0.0342));
#9029=CARTESIAN_POINT('Ctrl Pts',(0.0656044330373691,0.0523998315509265,
0.0342));
#9030=CARTESIAN_POINT('Ctrl Pts',(0.0656694145360874,0.052478135879845,
0.0342));
#9031=CARTESIAN_POINT('Ctrl Pts',(0.0645619336858676,0.0499501409610217,
0.0352));
#9032=CARTESIAN_POINT('Ctrl Pts',(0.0645619336858676,0.0499501409610217,
0.0342));
#9033=CARTESIAN_POINT('Ctrl Pts',(0.0649561344304966,0.0503749866374438,
0.0352));
#9034=CARTESIAN_POINT('Ctrl Pts',(0.0649561344304966,0.0503749866374438,
0.0342));
#9035=CARTESIAN_POINT('Ctrl Pts',(0.0651028454366611,0.050675019195885,
0.0352));
#9036=CARTESIAN_POINT('Ctrl Pts',(0.0651028454366611,0.050675019195885,
0.0342));
#9037=CARTESIAN_POINT('Ctrl Pts',(0.0653327587285923,0.0515265321429675,
0.0352));
#9038=CARTESIAN_POINT('Ctrl Pts',(0.0653327587285923,0.0515265321429675,
0.0342));
#9039=CARTESIAN_POINT('',(0.0645619336858676,0.0499501409610217,0.0352));
#9040=CARTESIAN_POINT('Ctrl Pts',(0.0645619336858676,0.0499501409610217,
0.0352));
#9041=CARTESIAN_POINT('Ctrl Pts',(0.0649561344304966,0.0503749866374438,
0.0352));
#9042=CARTESIAN_POINT('Ctrl Pts',(0.0651028454366611,0.050675019195885,
0.0352));
#9043=CARTESIAN_POINT('Ctrl Pts',(0.0653327587285923,0.0515265321429675,
0.0352));
#9044=CARTESIAN_POINT('',(0.0645619336858676,0.0499501409610217,0.0342));
#9045=CARTESIAN_POINT('',(0.0645619336858676,0.0499501409610217,0.0352));
#9046=CARTESIAN_POINT('Ctrl Pts',(0.0645619336858676,0.0499501409610217,
0.0342));
#9047=CARTESIAN_POINT('Ctrl Pts',(0.0649561344304966,0.0503749866374438,
0.0342));
#9048=CARTESIAN_POINT('Ctrl Pts',(0.0651028454366611,0.050675019195885,
0.0342));
#9049=CARTESIAN_POINT('Ctrl Pts',(0.0653327587285923,0.0515265321429675,
0.0342));
#9050=CARTESIAN_POINT('Ctrl Pts',(0.0638381067434238,0.047916512668938,
0.0352));
#9051=CARTESIAN_POINT('Ctrl Pts',(0.0638381067434238,0.047916512668938,
0.0342));
#9052=CARTESIAN_POINT('Ctrl Pts',(0.0636315156713413,0.0479717200549548,
0.0352));
#9053=CARTESIAN_POINT('Ctrl Pts',(0.0636315156713413,0.0479717200549548,
0.0342));
#9054=CARTESIAN_POINT('Ctrl Pts',(0.0641949018255161,0.0495545740207141,
0.0352));
#9055=CARTESIAN_POINT('Ctrl Pts',(0.0641949018255161,0.0495545740207141,
0.0342));
#9056=CARTESIAN_POINT('Ctrl Pts',(0.0645619336858676,0.0499501409610217,
0.0352));
#9057=CARTESIAN_POINT('Ctrl Pts',(0.0645619336858676,0.0499501409610217,
0.0342));
#9058=CARTESIAN_POINT('',(0.0638381067434238,0.047916512668938,0.0352));
#9059=CARTESIAN_POINT('Ctrl Pts',(0.0638381067434238,0.047916512668938,
0.0352));
#9060=CARTESIAN_POINT('Ctrl Pts',(0.0636315156713413,0.0479717200549548,
0.0352));
#9061=CARTESIAN_POINT('Ctrl Pts',(0.0641949018255161,0.0495545740207141,
0.0352));
#9062=CARTESIAN_POINT('Ctrl Pts',(0.0645619336858676,0.0499501409610217,
0.0352));
#9063=CARTESIAN_POINT('',(0.0638381067434238,0.047916512668938,0.0342));
#9064=CARTESIAN_POINT('',(0.0638381067434238,0.047916512668938,0.0352));
#9065=CARTESIAN_POINT('Ctrl Pts',(0.0638381067434238,0.047916512668938,
0.0342));
#9066=CARTESIAN_POINT('Ctrl Pts',(0.0636315156713413,0.0479717200549548,
0.0342));
#9067=CARTESIAN_POINT('Ctrl Pts',(0.0641949018255161,0.0495545740207141,
0.0342));
#9068=CARTESIAN_POINT('Ctrl Pts',(0.0645619336858676,0.0499501409610217,
0.0342));
#9069=CARTESIAN_POINT('Ctrl Pts',(0.0659463065496372,0.04786655447802,0.0352));
#9070=CARTESIAN_POINT('Ctrl Pts',(0.0659463065496372,0.04786655447802,0.0342));
#9071=CARTESIAN_POINT('Ctrl Pts',(0.0648007660070346,0.0478903030284351,
0.0352));
#9072=CARTESIAN_POINT('Ctrl Pts',(0.0648007660070346,0.0478903030284351,
0.0342));
#9073=CARTESIAN_POINT('Ctrl Pts',(0.0638520787588047,0.0479127822764819,
0.0352));
#9074=CARTESIAN_POINT('Ctrl Pts',(0.0638520787588047,0.0479127822764819,
0.0342));
#9075=CARTESIAN_POINT('Ctrl Pts',(0.0638381067434238,0.047916512668938,
0.0352));
#9076=CARTESIAN_POINT('Ctrl Pts',(0.0638381067434238,0.047916512668938,
0.0342));
#9077=CARTESIAN_POINT('',(0.0659463065496372,0.04786655447802,0.0352));
#9078=CARTESIAN_POINT('Ctrl Pts',(0.0659463065496372,0.04786655447802,0.0352));
#9079=CARTESIAN_POINT('Ctrl Pts',(0.0648007660070346,0.0478903030284351,
0.0352));
#9080=CARTESIAN_POINT('Ctrl Pts',(0.0638520787588047,0.0479127822764819,
0.0352));
#9081=CARTESIAN_POINT('Ctrl Pts',(0.0638381067434238,0.047916512668938,
0.0352));
#9082=CARTESIAN_POINT('',(0.0659463065496372,0.04786655447802,0.0342));
#9083=CARTESIAN_POINT('',(0.0659463065496372,0.04786655447802,0.0352));
#9084=CARTESIAN_POINT('Ctrl Pts',(0.0659463065496372,0.04786655447802,0.0342));
#9085=CARTESIAN_POINT('Ctrl Pts',(0.0648007660070346,0.0478903030284351,
0.0342));
#9086=CARTESIAN_POINT('Ctrl Pts',(0.0638520787588047,0.0479127822764819,
0.0342));
#9087=CARTESIAN_POINT('Ctrl Pts',(0.0638381067434238,0.047916512668938,
0.0342));
#9088=CARTESIAN_POINT('Ctrl Pts',(0.0704675034490512,0.0475605266459888,
0.0352));
#9089=CARTESIAN_POINT('Ctrl Pts',(0.0704675034490512,0.0475605266459888,
0.0342));
#9090=CARTESIAN_POINT('Ctrl Pts',(0.070182118736832,0.0476663268741077,
0.0352));
#9091=CARTESIAN_POINT('Ctrl Pts',(0.070182118736832,0.0476663268741077,
0.0342));
#9092=CARTESIAN_POINT('Ctrl Pts',(0.0677879819265293,0.0478283785136645,
0.0352));
#9093=CARTESIAN_POINT('Ctrl Pts',(0.0677879819265293,0.0478283785136645,
0.0342));
#9094=CARTESIAN_POINT('Ctrl Pts',(0.0659463065496372,0.04786655447802,0.0352));
#9095=CARTESIAN_POINT('Ctrl Pts',(0.0659463065496372,0.04786655447802,0.0342));
#9096=CARTESIAN_POINT('',(0.0704675034490512,0.0475605266459888,0.0352));
#9097=CARTESIAN_POINT('Ctrl Pts',(0.0704675034490512,0.0475605266459888,
0.0352));
#9098=CARTESIAN_POINT('Ctrl Pts',(0.070182118736832,0.0476663268741077,
0.0352));
#9099=CARTESIAN_POINT('Ctrl Pts',(0.0677879819265293,0.0478283785136645,
0.0352));
#9100=CARTESIAN_POINT('Ctrl Pts',(0.0659463065496372,0.04786655447802,0.0352));
#9101=CARTESIAN_POINT('',(0.0704675034490512,0.0475605266459888,0.0342));
#9102=CARTESIAN_POINT('',(0.0704675034490512,0.0475605266459888,0.0352));
#9103=CARTESIAN_POINT('Ctrl Pts',(0.0704675034490512,0.0475605266459888,
0.0342));
#9104=CARTESIAN_POINT('Ctrl Pts',(0.070182118736832,0.0476663268741077,
0.0342));
#9105=CARTESIAN_POINT('Ctrl Pts',(0.0677879819265293,0.0478283785136645,
0.0342));
#9106=CARTESIAN_POINT('Ctrl Pts',(0.0659463065496372,0.04786655447802,0.0342));
#9107=CARTESIAN_POINT('Ctrl Pts',(0.0713819195333408,0.0475821604999011,
0.0352));
#9108=CARTESIAN_POINT('Ctrl Pts',(0.0713819195333408,0.0475821604999011,
0.0342));
#9109=CARTESIAN_POINT('Ctrl Pts',(0.0709348780218051,0.0475495437892383,
0.0352));
#9110=CARTESIAN_POINT('Ctrl Pts',(0.0709348780218051,0.0475495437892383,
0.0342));
#9111=CARTESIAN_POINT('Ctrl Pts',(0.0705234011999057,0.0475398060115283,
0.0352));
#9112=CARTESIAN_POINT('Ctrl Pts',(0.0705234011999057,0.0475398060115283,
0.0342));
#9113=CARTESIAN_POINT('Ctrl Pts',(0.0704675034490512,0.0475605266459888,
0.0352));
#9114=CARTESIAN_POINT('Ctrl Pts',(0.0704675034490512,0.0475605266459888,
0.0342));
#9115=CARTESIAN_POINT('',(0.0713819195333408,0.0475821604999011,0.0352));
#9116=CARTESIAN_POINT('Ctrl Pts',(0.0713819195333408,0.0475821604999011,
0.0352));
#9117=CARTESIAN_POINT('Ctrl Pts',(0.0709348780218051,0.0475495437892383,
0.0352));
#9118=CARTESIAN_POINT('Ctrl Pts',(0.0705234011999057,0.0475398060115283,
0.0352));
#9119=CARTESIAN_POINT('Ctrl Pts',(0.0704675034490512,0.0475605266459888,
0.0352));
#9120=CARTESIAN_POINT('',(0.0713819195333408,0.0475821604999011,0.0342));
#9121=CARTESIAN_POINT('',(0.0713819195333408,0.0475821604999011,0.0352));
#9122=CARTESIAN_POINT('Ctrl Pts',(0.0713819195333408,0.0475821604999011,
0.0342));
#9123=CARTESIAN_POINT('Ctrl Pts',(0.0709348780218051,0.0475495437892383,
0.0342));
#9124=CARTESIAN_POINT('Ctrl Pts',(0.0705234011999057,0.0475398060115283,
0.0342));
#9125=CARTESIAN_POINT('Ctrl Pts',(0.0704675034490512,0.0475605266459888,
0.0342));
#9126=CARTESIAN_POINT('Ctrl Pts',(0.0733921408239292,0.0476553803523486,
0.0352));
#9127=CARTESIAN_POINT('Ctrl Pts',(0.0733921408239292,0.0476553803523486,
0.0342));
#9128=CARTESIAN_POINT('Ctrl Pts',(0.0727335618368076,0.0476477282031482,
0.0352));
#9129=CARTESIAN_POINT('Ctrl Pts',(0.0727335618368076,0.0476477282031482,
0.0342));
#9130=CARTESIAN_POINT('Ctrl Pts',(0.0718289562002109,0.0476147796328967,
0.0352));
#9131=CARTESIAN_POINT('Ctrl Pts',(0.0718289562002109,0.0476147796328967,
0.0342));
#9132=CARTESIAN_POINT('Ctrl Pts',(0.0713819195333408,0.0475821604999011,
0.0352));
#9133=CARTESIAN_POINT('Ctrl Pts',(0.0713819195333408,0.0475821604999011,
0.0342));
#9134=CARTESIAN_POINT('Ctrl Pts',(0.0733921408239292,0.0476553803523486,
0.0352));
#9135=CARTESIAN_POINT('Ctrl Pts',(0.0727335618368076,0.0476477282031482,
0.0352));
#9136=CARTESIAN_POINT('Ctrl Pts',(0.0718289562002109,0.0476147796328967,
0.0352));
#9137=CARTESIAN_POINT('Ctrl Pts',(0.0713819195333408,0.0475821604999011,
0.0352));
#9138=CARTESIAN_POINT('Ctrl Pts',(0.0733921408239292,0.0476553803523486,
0.0342));
#9139=CARTESIAN_POINT('Ctrl Pts',(0.0727335618368076,0.0476477282031482,
0.0342));
#9140=CARTESIAN_POINT('Ctrl Pts',(0.0718289562002109,0.0476147796328967,
0.0342));
#9141=CARTESIAN_POINT('Ctrl Pts',(0.0713819195333408,0.0475821604999011,
0.0342));
#9142=CARTESIAN_POINT('Origin',(0.0692432952276157,0.0549959509452289,0.0342));
#9143=CARTESIAN_POINT('Origin',(0.0486235315481113,0.0490916977199023,0.0352));
#9144=CARTESIAN_POINT('',(0.0486235315481113,0.0490916977199023,0.0352));
#9145=CARTESIAN_POINT('',(0.0486849328390049,0.0480248975261157,0.0352));
#9146=CARTESIAN_POINT('',(0.0492572851425699,0.0380807165574118,0.0352));
#9147=CARTESIAN_POINT('',(0.0486235315481113,0.0490916977199023,0.0342));
#9148=CARTESIAN_POINT('',(0.0486235315481113,0.0490916977199023,0.0352));
#9149=CARTESIAN_POINT('',(0.0486849328390049,0.0480248975261157,0.0342));
#9150=CARTESIAN_POINT('',(0.0486542321935581,0.048558297623009,0.0342));
#9151=CARTESIAN_POINT('',(0.0486849328390049,0.0480248975261157,0.0352));
#9152=CARTESIAN_POINT('Origin',(0.0442039272848056,0.0491464327510303,0.0352));
#9153=CARTESIAN_POINT('',(0.0442039272848056,0.0491464327510303,0.0352));
#9154=CARTESIAN_POINT('',(0.0473274855574498,0.0491077487311277,0.0352));
#9155=CARTESIAN_POINT('',(0.0442039272848056,0.0491464327510303,0.0342));
#9156=CARTESIAN_POINT('',(0.0442039272848056,0.0491464327510303,0.0352));
#9157=CARTESIAN_POINT('',(0.0464137294164585,0.0491190652354663,0.0342));
#9158=CARTESIAN_POINT('Origin',(0.0442039272848056,0.0529016710742419,0.0352));
#9159=CARTESIAN_POINT('',(0.0442039272848056,0.0529016710742419,0.0352));
#9160=CARTESIAN_POINT('',(0.0442039272848056,0.0399939843873052,0.0352));
#9161=CARTESIAN_POINT('',(0.0442039272848056,0.0529016710742419,0.0342));
#9162=CARTESIAN_POINT('',(0.0442039272848056,0.0529016710742419,0.0352));
#9163=CARTESIAN_POINT('',(0.0442039272848056,0.0510240531238025,0.0342));
#9164=CARTESIAN_POINT('Origin',(0.0480647284475254,0.0529016710742419,0.0352));
#9165=CARTESIAN_POINT('',(0.0480647284475254,0.0529016710742419,0.0352));
#9166=CARTESIAN_POINT('',(0.049121762250229,0.0529016710742419,0.0352));
#9167=CARTESIAN_POINT('',(0.0480647284475254,0.0529016710742419,0.0342));
#9168=CARTESIAN_POINT('',(0.0480647284475254,0.0529016710742419,0.0352));
#9169=CARTESIAN_POINT('',(0.0461343278661655,0.0529016710742419,0.0342));
#9170=CARTESIAN_POINT('Origin',(0.0480647284475254,0.0539131863673633,0.0352));
#9171=CARTESIAN_POINT('',(0.0480647284475254,0.0539131863673633,0.0352));
#9172=CARTESIAN_POINT('',(0.0480647284475254,0.0404997420338659,0.0352));
#9173=CARTESIAN_POINT('',(0.0480647284475254,0.0539131863673633,0.0342));
#9174=CARTESIAN_POINT('',(0.0480647284475254,0.0539131863673633,0.0352));
#9175=CARTESIAN_POINT('',(0.0480647284475254,0.053407429931969,0.0342));
#9176=CARTESIAN_POINT('Origin',(0.0442547284475254,0.0539684930690234,0.0352));
#9177=CARTESIAN_POINT('',(0.0442547284475254,0.0539684930690234,0.0352));
#9178=CARTESIAN_POINT('',(0.0474112107070288,0.053922672958099,0.0352));
#9179=CARTESIAN_POINT('',(0.0442547284475254,0.0539684930690234,0.0342));
#9180=CARTESIAN_POINT('',(0.0442547284475254,0.0539684930690234,0.0352));
#9181=CARTESIAN_POINT('',(0.0461597284475254,0.0539408397181933,0.0342));
#9182=CARTESIAN_POINT('Origin',(0.0441992279592441,0.05757529326281,0.0352));
#9183=CARTESIAN_POINT('',(0.0441992279592441,0.05757529326281,0.0352));
#9184=CARTESIAN_POINT('',(0.0444344584925504,0.0422884091400166,0.0352));
#9185=CARTESIAN_POINT('',(0.0441992279592441,0.05757529326281,0.0342));
#9186=CARTESIAN_POINT('',(0.0441992279592441,0.05757529326281,0.0352));
#9187=CARTESIAN_POINT('',(0.0442269782033847,0.0557718931659167,0.0342));
#9188=CARTESIAN_POINT('Origin',(0.0483695160451816,0.05757529326281,0.0352));
#9189=CARTESIAN_POINT('',(0.0483695160451816,0.05757529326281,0.0352));
#9190=CARTESIAN_POINT('',(0.0492741560490571,0.05757529326281,0.0352));
#9191=CARTESIAN_POINT('',(0.0483695160451816,0.05757529326281,0.0342));
#9192=CARTESIAN_POINT('',(0.0483695160451816,0.05757529326281,0.0352));
#9193=CARTESIAN_POINT('',(0.0462843720022129,0.05757529326281,0.0342));
#9194=CARTESIAN_POINT('Origin',(0.0483695160451816,0.0586962689288562,0.0352));
#9195=CARTESIAN_POINT('',(0.0483695160451816,0.0586962689288562,0.0352));
#9196=CARTESIAN_POINT('',(0.0483695160451816,0.0428912833146123,0.0352));
#9197=CARTESIAN_POINT('',(0.0483695160451816,0.0586962689288562,0.0342));
#9198=CARTESIAN_POINT('',(0.0483695160451816,0.0586962689288562,0.0352));
#9199=CARTESIAN_POINT('',(0.0483695160451816,0.0581357823069995,0.0342));
#9200=CARTESIAN_POINT('Origin',(0.043035519920914,0.0586421055682605,0.0352));
#9201=CARTESIAN_POINT('',(0.043035519920914,0.0586421055682605,0.0352));
#9202=CARTESIAN_POINT('',(0.0464465916213612,0.0586767428462458,0.0352));
#9203=CARTESIAN_POINT('',(0.043035519920914,0.0586421055682605,0.0342));
#9204=CARTESIAN_POINT('',(0.043035519920914,0.0586421055682605,0.0352));
#9205=CARTESIAN_POINT('',(0.0457025179830478,0.0586691872485583,0.0342));
#9206=CARTESIAN_POINT('Origin',(0.043009198853104,0.0533335051806872,0.0352));
#9207=CARTESIAN_POINT('',(0.043009198853104,0.0533335051806872,0.0352));
#9208=CARTESIAN_POINT('',(0.0429442192116434,0.0402279977471943,0.0352));
#9209=CARTESIAN_POINT('',(0.043009198853104,0.0533335051806872,0.0342));
#9210=CARTESIAN_POINT('',(0.043009198853104,0.0533335051806872,0.0352));
#9211=CARTESIAN_POINT('',(0.043009198853104,0.0533335051806872,0.0342));
#9212=CARTESIAN_POINT('Origin',(0.0429829020086216,0.0480248975261157,0.0352));
#9213=CARTESIAN_POINT('',(0.0429829020086216,0.0480248975261157,0.0352));
#9214=CARTESIAN_POINT('',(0.0429311305950682,0.0375736769448397,0.0352));
#9215=CARTESIAN_POINT('',(0.0429829020086216,0.0480248975261157,0.0342));
#9216=CARTESIAN_POINT('',(0.0429829020086216,0.0480248975261157,0.0352));
#9217=CARTESIAN_POINT('',(0.0429829020086216,0.0480248975261157,0.0342));
#9218=CARTESIAN_POINT('Origin',(0.0486849328390049,0.0480248975261157,0.0352));
#9219=CARTESIAN_POINT('',(0.0494318644459688,0.0480248975261157,0.0352));
#9220=CARTESIAN_POINT('',(0.045833919846146,0.0480248975261157,0.0342));
#9221=CARTESIAN_POINT('Origin',(0.0458339174238132,0.053360583227486,0.0342));
#9222=CARTESIAN_POINT('Ctrl Pts',(0.0220125395742343,0.0629015512450641,
0.0352));
#9223=CARTESIAN_POINT('Ctrl Pts',(0.0220125395742343,0.0629015512450641,
0.0342));
#9224=CARTESIAN_POINT('Ctrl Pts',(0.0212338637510227,0.061815727260918,
0.0352));
#9225=CARTESIAN_POINT('Ctrl Pts',(0.0212338637510227,0.061815727260918,
0.0342));
#9226=CARTESIAN_POINT('Ctrl Pts',(0.0206953355756687,0.0612357965739673,
0.0352));
#9227=CARTESIAN_POINT('Ctrl Pts',(0.0206953355756687,0.0612357965739673,
0.0342));
#9228=CARTESIAN_POINT('Ctrl Pts',(0.0203642341772007,0.061126525142998,
0.0352));
#9229=CARTESIAN_POINT('Ctrl Pts',(0.0203642341772007,0.061126525142998,
0.0342));
#9230=CARTESIAN_POINT('',(0.0220125395742343,0.0629015512450641,0.0352));
#9231=CARTESIAN_POINT('',(0.0203642341772007,0.061126525142998,0.0352));
#9232=CARTESIAN_POINT('Ctrl Pts',(0.0220125395742343,0.0629015512450641,
0.0352));
#9233=CARTESIAN_POINT('Ctrl Pts',(0.0212338637510227,0.061815727260918,
0.0352));
#9234=CARTESIAN_POINT('Ctrl Pts',(0.0206953355756687,0.0612357965739673,
0.0352));
#9235=CARTESIAN_POINT('Ctrl Pts',(0.0203642341772007,0.061126525142998,
0.0352));
#9236=CARTESIAN_POINT('',(0.0220125395742343,0.0629015512450641,0.0342));
#9237=CARTESIAN_POINT('',(0.0220125395742343,0.0629015512450641,0.0352));
#9238=CARTESIAN_POINT('',(0.0203642341772007,0.061126525142998,0.0342));
#9239=CARTESIAN_POINT('Ctrl Pts',(0.0220125395742343,0.0629015512450641,
0.0342));
#9240=CARTESIAN_POINT('Ctrl Pts',(0.0212338637510227,0.061815727260918,
0.0342));
#9241=CARTESIAN_POINT('Ctrl Pts',(0.0206953355756687,0.0612357965739673,
0.0342));
#9242=CARTESIAN_POINT('Ctrl Pts',(0.0203642341772007,0.061126525142998,
0.0342));
#9243=CARTESIAN_POINT('',(0.0203642341772007,0.061126525142998,0.0352));
#9244=CARTESIAN_POINT('Ctrl Pts',(0.02307110868129,0.0660006910499042,0.0352));
#9245=CARTESIAN_POINT('Ctrl Pts',(0.02307110868129,0.0660006910499042,0.0342));
#9246=CARTESIAN_POINT('Ctrl Pts',(0.02307110868129,0.0652827116187518,0.0352));
#9247=CARTESIAN_POINT('Ctrl Pts',(0.02307110868129,0.0652827116187518,0.0342));
#9248=CARTESIAN_POINT('Ctrl Pts',(0.0224808200994419,0.0635545431216663,
0.0352));
#9249=CARTESIAN_POINT('Ctrl Pts',(0.0224808200994419,0.0635545431216663,
0.0342));
#9250=CARTESIAN_POINT('Ctrl Pts',(0.0220125395742343,0.0629015512450641,
0.0352));
#9251=CARTESIAN_POINT('Ctrl Pts',(0.0220125395742343,0.0629015512450641,
0.0342));
#9252=CARTESIAN_POINT('',(0.02307110868129,0.0660006910499042,0.0352));
#9253=CARTESIAN_POINT('Ctrl Pts',(0.02307110868129,0.0660006910499042,0.0352));
#9254=CARTESIAN_POINT('Ctrl Pts',(0.02307110868129,0.0652827116187518,0.0352));
#9255=CARTESIAN_POINT('Ctrl Pts',(0.0224808200994419,0.0635545431216663,
0.0352));
#9256=CARTESIAN_POINT('Ctrl Pts',(0.0220125395742343,0.0629015512450641,
0.0352));
#9257=CARTESIAN_POINT('',(0.02307110868129,0.0660006910499042,0.0342));
#9258=CARTESIAN_POINT('',(0.02307110868129,0.0660006910499042,0.0352));
#9259=CARTESIAN_POINT('Ctrl Pts',(0.02307110868129,0.0660006910499042,0.0342));
#9260=CARTESIAN_POINT('Ctrl Pts',(0.02307110868129,0.0652827116187518,0.0342));
#9261=CARTESIAN_POINT('Ctrl Pts',(0.0224808200994419,0.0635545431216663,
0.0342));
#9262=CARTESIAN_POINT('Ctrl Pts',(0.0220125395742343,0.0629015512450641,
0.0342));
#9263=CARTESIAN_POINT('Ctrl Pts',(0.0214713540998386,0.0676490715392535,
0.0352));
#9264=CARTESIAN_POINT('Ctrl Pts',(0.0214713540998386,0.0676490715392535,
0.0342));
#9265=CARTESIAN_POINT('Ctrl Pts',(0.0224468759504245,0.0676415150721972,
0.0352));
#9266=CARTESIAN_POINT('Ctrl Pts',(0.0224468759504245,0.0676415150721972,
0.0342));
#9267=CARTESIAN_POINT('Ctrl Pts',(0.02307110868129,0.0669983094199603,0.0352));
#9268=CARTESIAN_POINT('Ctrl Pts',(0.02307110868129,0.0669983094199603,0.0342));
#9269=CARTESIAN_POINT('Ctrl Pts',(0.02307110868129,0.0660006910499042,0.0352));
#9270=CARTESIAN_POINT('Ctrl Pts',(0.02307110868129,0.0660006910499042,0.0342));
#9271=CARTESIAN_POINT('',(0.0214713540998386,0.0676490715392535,0.0352));
#9272=CARTESIAN_POINT('Ctrl Pts',(0.0214713540998386,0.0676490715392535,
0.0352));
#9273=CARTESIAN_POINT('Ctrl Pts',(0.0224468759504245,0.0676415150721972,
0.0352));
#9274=CARTESIAN_POINT('Ctrl Pts',(0.02307110868129,0.0669983094199603,0.0352));
#9275=CARTESIAN_POINT('Ctrl Pts',(0.02307110868129,0.0660006910499042,0.0352));
#9276=CARTESIAN_POINT('',(0.0214713540998386,0.0676490715392535,0.0342));
#9277=CARTESIAN_POINT('',(0.0214713540998386,0.0676490715392535,0.0352));
#9278=CARTESIAN_POINT('Ctrl Pts',(0.0214713540998386,0.0676490715392535,
0.0342));
#9279=CARTESIAN_POINT('Ctrl Pts',(0.0224468759504245,0.0676415150721972,
0.0342));
#9280=CARTESIAN_POINT('Ctrl Pts',(0.02307110868129,0.0669983094199603,0.0342));
#9281=CARTESIAN_POINT('Ctrl Pts',(0.02307110868129,0.0660006910499042,0.0342));
#9282=CARTESIAN_POINT('Ctrl Pts',(0.0197081744161533,0.0668377354033893,
0.0352));
#9283=CARTESIAN_POINT('Ctrl Pts',(0.0197081744161533,0.0668377354033893,
0.0342));
#9284=CARTESIAN_POINT('Ctrl Pts',(0.0203969235578464,0.067459828003258,
0.0352));
#9285=CARTESIAN_POINT('Ctrl Pts',(0.0203969235578464,0.067459828003258,
0.0342));
#9286=CARTESIAN_POINT('Ctrl Pts',(0.0208191628042148,0.0676541233142322,
0.0352));
#9287=CARTESIAN_POINT('Ctrl Pts',(0.0208191628042148,0.0676541233142322,
0.0342));
#9288=CARTESIAN_POINT('Ctrl Pts',(0.0214713540998386,0.0676490715392535,
0.0352));
#9289=CARTESIAN_POINT('Ctrl Pts',(0.0214713540998386,0.0676490715392535,
0.0342));
#9290=CARTESIAN_POINT('',(0.0197081744161533,0.0668377354033893,0.0352));
#9291=CARTESIAN_POINT('Ctrl Pts',(0.0197081744161533,0.0668377354033893,
0.0352));
#9292=CARTESIAN_POINT('Ctrl Pts',(0.0203969235578464,0.067459828003258,
0.0352));
#9293=CARTESIAN_POINT('Ctrl Pts',(0.0208191628042148,0.0676541233142322,
0.0352));
#9294=CARTESIAN_POINT('Ctrl Pts',(0.0214713540998386,0.0676490715392535,
0.0352));
#9295=CARTESIAN_POINT('',(0.0197081744161533,0.0668377354033893,0.0342));
#9296=CARTESIAN_POINT('',(0.0197081744161533,0.0668377354033893,0.0352));
#9297=CARTESIAN_POINT('Ctrl Pts',(0.0197081744161533,0.0668377354033893,
0.0342));
#9298=CARTESIAN_POINT('Ctrl Pts',(0.0203969235578464,0.067459828003258,
0.0342));
#9299=CARTESIAN_POINT('Ctrl Pts',(0.0208191628042148,0.0676541233142322,
0.0342));
#9300=CARTESIAN_POINT('Ctrl Pts',(0.0214713540998386,0.0676490715392535,
0.0342));
#9301=CARTESIAN_POINT('Origin',(0.0191392411199497,0.0663238641532367,0.0352));
#9302=CARTESIAN_POINT('',(0.0191392411199497,0.0663238641532367,0.0352));
#9303=CARTESIAN_POINT('',(0.0179275045192292,0.0652294008725272,0.0352));
#9304=CARTESIAN_POINT('',(0.0191392411199497,0.0663238641532367,0.0342));
#9305=CARTESIAN_POINT('',(0.0191392411199497,0.0663238641532367,0.0352));
#9306=CARTESIAN_POINT('',(0.0191392411199497,0.0663238641532367,0.0342));
#9307=CARTESIAN_POINT('Origin',(0.018751013847916,0.0667214440520709,0.0352));
#9308=CARTESIAN_POINT('',(0.018751013847916,0.0667214440520709,0.0352));
#9309=CARTESIAN_POINT('',(0.0363269398653559,0.0487221034819802,0.0352));
#9310=CARTESIAN_POINT('',(0.018751013847916,0.0667214440520709,0.0342));
#9311=CARTESIAN_POINT('',(0.018751013847916,0.0667214440520709,0.0352));
#9312=CARTESIAN_POINT('',(0.018751013847916,0.0667214440520709,0.0342));
#9313=CARTESIAN_POINT('Ctrl Pts',(0.0170767047086643,0.0674305020316547,
0.0352));
#9314=CARTESIAN_POINT('Ctrl Pts',(0.0170767047086643,0.0674305020316547,
0.0342));
#9315=CARTESIAN_POINT('Ctrl Pts',(0.017824866406052,0.0674305020316547,
0.0352));
#9316=CARTESIAN_POINT('Ctrl Pts',(0.017824866406052,0.0674305020316547,
0.0342));
#9317=CARTESIAN_POINT('Ctrl Pts',(0.0182234709516452,0.0672616957171863,
0.0352));
#9318=CARTESIAN_POINT('Ctrl Pts',(0.0182234709516452,0.0672616957171863,
0.0342));
#9319=CARTESIAN_POINT('Ctrl Pts',(0.018751013847916,0.0667214440520709,
0.0352));
#9320=CARTESIAN_POINT('Ctrl Pts',(0.018751013847916,0.0667214440520709,
0.0342));
#9321=CARTESIAN_POINT('',(0.0170767047086643,0.0674305020316547,0.0352));
#9322=CARTESIAN_POINT('Ctrl Pts',(0.0170767047086643,0.0674305020316547,
0.0352));
#9323=CARTESIAN_POINT('Ctrl Pts',(0.017824866406052,0.0674305020316547,
0.0352));
#9324=CARTESIAN_POINT('Ctrl Pts',(0.0182234709516452,0.0672616957171863,
0.0352));
#9325=CARTESIAN_POINT('Ctrl Pts',(0.018751013847916,0.0667214440520709,
0.0352));
#9326=CARTESIAN_POINT('',(0.0170767047086643,0.0674305020316547,0.0342));
#9327=CARTESIAN_POINT('',(0.0170767047086643,0.0674305020316547,0.0352));
#9328=CARTESIAN_POINT('Ctrl Pts',(0.0170767047086643,0.0674305020316547,
0.0342));
#9329=CARTESIAN_POINT('Ctrl Pts',(0.017824866406052,0.0674305020316547,
0.0342));
#9330=CARTESIAN_POINT('Ctrl Pts',(0.0182234709516452,0.0672616957171863,
0.0342));
#9331=CARTESIAN_POINT('Ctrl Pts',(0.018751013847916,0.0667214440520709,
0.0342));
#9332=CARTESIAN_POINT('Ctrl Pts',(0.0151255980268405,0.0657809527667468,
0.0352));
#9333=CARTESIAN_POINT('Ctrl Pts',(0.0151255980268405,0.0657809527667468,
0.0342));
#9334=CARTESIAN_POINT('Ctrl Pts',(0.015367572113602,0.0669345705779498,
0.0352));
#9335=CARTESIAN_POINT('Ctrl Pts',(0.015367572113602,0.0669345705779498,
0.0342));
#9336=CARTESIAN_POINT('Ctrl Pts',(0.0159541642156528,0.0674305020316547,
0.0352));
#9337=CARTESIAN_POINT('Ctrl Pts',(0.0159541642156528,0.0674305020316547,
0.0342));
#9338=CARTESIAN_POINT('Ctrl Pts',(0.0170767047086643,0.0674305020316547,
0.0352));
#9339=CARTESIAN_POINT('Ctrl Pts',(0.0170767047086643,0.0674305020316547,
0.0342));
#9340=CARTESIAN_POINT('',(0.0151255980268405,0.0657809527667468,0.0352));
#9341=CARTESIAN_POINT('Ctrl Pts',(0.0151255980268405,0.0657809527667468,
0.0352));
#9342=CARTESIAN_POINT('Ctrl Pts',(0.015367572113602,0.0669345705779498,
0.0352));
#9343=CARTESIAN_POINT('Ctrl Pts',(0.0159541642156528,0.0674305020316547,
0.0352));
#9344=CARTESIAN_POINT('Ctrl Pts',(0.0170767047086643,0.0674305020316547,
0.0352));
#9345=CARTESIAN_POINT('',(0.0151255980268405,0.0657809527667468,0.0342));
#9346=CARTESIAN_POINT('',(0.0151255980268405,0.0657809527667468,0.0352));
#9347=CARTESIAN_POINT('Ctrl Pts',(0.0151255980268405,0.0657809527667468,
0.0342));
#9348=CARTESIAN_POINT('Ctrl Pts',(0.015367572113602,0.0669345705779498,
0.0342));
#9349=CARTESIAN_POINT('Ctrl Pts',(0.0159541642156528,0.0674305020316547,
0.0342));
#9350=CARTESIAN_POINT('Ctrl Pts',(0.0170767047086643,0.0674305020316547,
0.0342));
#9351=CARTESIAN_POINT('Ctrl Pts',(0.0158131481138156,0.0629920750316089,
0.0352));
#9352=CARTESIAN_POINT('Ctrl Pts',(0.0158131481138156,0.0629920750316089,
0.0342));
#9353=CARTESIAN_POINT('Ctrl Pts',(0.0151489517370151,0.0643759525283282,
0.0352));
#9354=CARTESIAN_POINT('Ctrl Pts',(0.0151489517370151,0.0643759525283282,
0.0342));
#9355=CARTESIAN_POINT('Ctrl Pts',(0.0149771041837619,0.065073007849068,
0.0352));
#9356=CARTESIAN_POINT('Ctrl Pts',(0.0149771041837619,0.065073007849068,
0.0342));
#9357=CARTESIAN_POINT('Ctrl Pts',(0.0151255980268405,0.0657809527667468,
0.0352));
#9358=CARTESIAN_POINT('Ctrl Pts',(0.0151255980268405,0.0657809527667468,
0.0342));
#9359=CARTESIAN_POINT('',(0.0158131481138156,0.0629920750316089,0.0352));
#9360=CARTESIAN_POINT('Ctrl Pts',(0.0158131481138156,0.0629920750316089,
0.0352));
#9361=CARTESIAN_POINT('Ctrl Pts',(0.0151489517370151,0.0643759525283282,
0.0352));
#9362=CARTESIAN_POINT('Ctrl Pts',(0.0149771041837619,0.065073007849068,
0.0352));
#9363=CARTESIAN_POINT('Ctrl Pts',(0.0151255980268405,0.0657809527667468,
0.0352));
#9364=CARTESIAN_POINT('',(0.0158131481138156,0.0629920750316089,0.0342));
#9365=CARTESIAN_POINT('',(0.0158131481138156,0.0629920750316089,0.0352));
#9366=CARTESIAN_POINT('Ctrl Pts',(0.0158131481138156,0.0629920750316089,
0.0342));
#9367=CARTESIAN_POINT('Ctrl Pts',(0.0151489517370151,0.0643759525283282,
0.0342));
#9368=CARTESIAN_POINT('Ctrl Pts',(0.0149771041837619,0.065073007849068,
0.0342));
#9369=CARTESIAN_POINT('Ctrl Pts',(0.0151255980268405,0.0657809527667468,
0.0342));
#9370=CARTESIAN_POINT('Ctrl Pts',(0.0168340039220737,0.061669389293999,
0.0352));
#9371=CARTESIAN_POINT('Ctrl Pts',(0.0168340039220737,0.061669389293999,
0.0342));
#9372=CARTESIAN_POINT('Ctrl Pts',(0.0163231290975498,0.0620143779262012,
0.0352));
#9373=CARTESIAN_POINT('Ctrl Pts',(0.0163231290975498,0.0620143779262012,
0.0342));
#9374=CARTESIAN_POINT('Ctrl Pts',(0.0162154128042148,0.0621539454730456,
0.0352));
#9375=CARTESIAN_POINT('Ctrl Pts',(0.0162154128042148,0.0621539454730456,
0.0342));
#9376=CARTESIAN_POINT('Ctrl Pts',(0.0158131481138156,0.0629920750316089,
0.0352));
#9377=CARTESIAN_POINT('Ctrl Pts',(0.0158131481138156,0.0629920750316089,
0.0342));
#9378=CARTESIAN_POINT('',(0.0168340039220737,0.061669389293999,0.0352));
#9379=CARTESIAN_POINT('Ctrl Pts',(0.0168340039220737,0.061669389293999,
0.0352));
#9380=CARTESIAN_POINT('Ctrl Pts',(0.0163231290975498,0.0620143779262012,
0.0352));
#9381=CARTESIAN_POINT('Ctrl Pts',(0.0162154128042148,0.0621539454730456,
0.0352));
#9382=CARTESIAN_POINT('Ctrl Pts',(0.0158131481138156,0.0629920750316089,
0.0352));
#9383=CARTESIAN_POINT('',(0.0168340039220737,0.061669389293999,0.0342));
#9384=CARTESIAN_POINT('',(0.0168340039220737,0.061669389293999,0.0352));
#9385=CARTESIAN_POINT('Ctrl Pts',(0.0168340039220737,0.061669389293999,
0.0342));
#9386=CARTESIAN_POINT('Ctrl Pts',(0.0163231290975498,0.0620143779262012,
0.0342));
#9387=CARTESIAN_POINT('Ctrl Pts',(0.0162154128042148,0.0621539454730456,
0.0342));
#9388=CARTESIAN_POINT('Ctrl Pts',(0.0158131481138156,0.0629920750316089,
0.0342));
#9389=CARTESIAN_POINT('Ctrl Pts',(0.0176271434942173,0.061080503242821,
0.0352));
#9390=CARTESIAN_POINT('Ctrl Pts',(0.0176271434942173,0.061080503242821,
0.0342));
#9391=CARTESIAN_POINT('Ctrl Pts',(0.0175050433889316,0.0611922624095386,
0.0352));
#9392=CARTESIAN_POINT('Ctrl Pts',(0.0175050433889316,0.0611922624095386,
0.0342));
#9393=CARTESIAN_POINT('Ctrl Pts',(0.0171481296125339,0.0614572607692187,
0.0352));
#9394=CARTESIAN_POINT('Ctrl Pts',(0.0171481296125339,0.0614572607692187,
0.0342));
#9395=CARTESIAN_POINT('Ctrl Pts',(0.0168340039220737,0.061669389293999,
0.0352));
#9396=CARTESIAN_POINT('Ctrl Pts',(0.0168340039220737,0.061669389293999,
0.0342));
#9397=CARTESIAN_POINT('',(0.0176271434942173,0.061080503242821,0.0352));
#9398=CARTESIAN_POINT('Ctrl Pts',(0.0176271434942173,0.061080503242821,
0.0352));
#9399=CARTESIAN_POINT('Ctrl Pts',(0.0175050433889316,0.0611922624095386,
0.0352));
#9400=CARTESIAN_POINT('Ctrl Pts',(0.0171481296125339,0.0614572607692187,
0.0352));
#9401=CARTESIAN_POINT('Ctrl Pts',(0.0168340039220737,0.061669389293999,
0.0352));
#9402=CARTESIAN_POINT('',(0.0176271434942173,0.061080503242821,0.0342));
#9403=CARTESIAN_POINT('',(0.0176271434942173,0.061080503242821,0.0352));
#9404=CARTESIAN_POINT('Ctrl Pts',(0.0176271434942173,0.061080503242821,
0.0342));
#9405=CARTESIAN_POINT('Ctrl Pts',(0.0175050433889316,0.0611922624095386,
0.0342));
#9406=CARTESIAN_POINT('Ctrl Pts',(0.0171481296125339,0.0614572607692187,
0.0342));
#9407=CARTESIAN_POINT('Ctrl Pts',(0.0168340039220737,0.061669389293999,
0.0342));
#9408=CARTESIAN_POINT('Ctrl Pts',(0.0181819182554172,0.0605979043086474,
0.0352));
#9409=CARTESIAN_POINT('Ctrl Pts',(0.0181819182554172,0.0605979043086474,
0.0342));
#9410=CARTESIAN_POINT('Ctrl Pts',(0.0179988916364597,0.060751574676842,
0.0352));
#9411=CARTESIAN_POINT('Ctrl Pts',(0.0179988916364597,0.060751574676842,
0.0342));
#9412=CARTESIAN_POINT('Ctrl Pts',(0.0177492435995029,0.0609687440761035,
0.0352));
#9413=CARTESIAN_POINT('Ctrl Pts',(0.0177492435995029,0.0609687440761035,
0.0342));
#9414=CARTESIAN_POINT('Ctrl Pts',(0.0176271434942173,0.061080503242821,
0.0352));
#9415=CARTESIAN_POINT('Ctrl Pts',(0.0176271434942173,0.061080503242821,
0.0342));
#9416=CARTESIAN_POINT('',(0.0181819182554172,0.0605979043086474,0.0352));
#9417=CARTESIAN_POINT('Ctrl Pts',(0.0181819182554172,0.0605979043086474,
0.0352));
#9418=CARTESIAN_POINT('Ctrl Pts',(0.0179988916364597,0.060751574676842,
0.0352));
#9419=CARTESIAN_POINT('Ctrl Pts',(0.0177492435995029,0.0609687440761035,
0.0352));
#9420=CARTESIAN_POINT('Ctrl Pts',(0.0176271434942173,0.061080503242821,
0.0352));
#9421=CARTESIAN_POINT('',(0.0181819182554172,0.0605979043086474,0.0342));
#9422=CARTESIAN_POINT('',(0.0181819182554172,0.0605979043086474,0.0352));
#9423=CARTESIAN_POINT('Ctrl Pts',(0.0181819182554172,0.0605979043086474,
0.0342));
#9424=CARTESIAN_POINT('Ctrl Pts',(0.0179988916364597,0.060751574676842,
0.0342));
#9425=CARTESIAN_POINT('Ctrl Pts',(0.0177492435995029,0.0609687440761035,
0.0342));
#9426=CARTESIAN_POINT('Ctrl Pts',(0.0176271434942173,0.061080503242821,
0.0342));
#9427=CARTESIAN_POINT('Ctrl Pts',(0.019917715889542,0.0608194169505542,
0.0352));
#9428=CARTESIAN_POINT('Ctrl Pts',(0.019917715889542,0.0608194169505542,
0.0342));
#9429=CARTESIAN_POINT('Ctrl Pts',(0.0196302285924839,0.0602822380145495,
0.0352));
#9430=CARTESIAN_POINT('Ctrl Pts',(0.0196302285924839,0.0602822380145495,
0.0342));
#9431=CARTESIAN_POINT('Ctrl Pts',(0.0186993721357273,0.0601634468158191,
0.0352));
#9432=CARTESIAN_POINT('Ctrl Pts',(0.0186993721357273,0.0601634468158191,
0.0342));
#9433=CARTESIAN_POINT('Ctrl Pts',(0.0181819182554172,0.0605979043086474,
0.0352));
#9434=CARTESIAN_POINT('Ctrl Pts',(0.0181819182554172,0.0605979043086474,
0.0342));
#9435=CARTESIAN_POINT('',(0.019917715889542,0.0608194169505542,0.0352));
#9436=CARTESIAN_POINT('Ctrl Pts',(0.019917715889542,0.0608194169505542,
0.0352));
#9437=CARTESIAN_POINT('Ctrl Pts',(0.0196302285924839,0.0602822380145495,
0.0352));
#9438=CARTESIAN_POINT('Ctrl Pts',(0.0186993721357273,0.0601634468158191,
0.0352));
#9439=CARTESIAN_POINT('Ctrl Pts',(0.0181819182554172,0.0605979043086474,
0.0352));
#9440=CARTESIAN_POINT('',(0.019917715889542,0.0608194169505542,0.0342));
#9441=CARTESIAN_POINT('',(0.019917715889542,0.0608194169505542,0.0352));
#9442=CARTESIAN_POINT('Ctrl Pts',(0.019917715889542,0.0608194169505542,
0.0342));
#9443=CARTESIAN_POINT('Ctrl Pts',(0.0196302285924839,0.0602822380145495,
0.0342));
#9444=CARTESIAN_POINT('Ctrl Pts',(0.0186993721357273,0.0601634468158191,
0.0342));
#9445=CARTESIAN_POINT('Ctrl Pts',(0.0181819182554172,0.0605979043086474,
0.0342));
#9446=CARTESIAN_POINT('Ctrl Pts',(0.0203642341772007,0.061126525142998,
0.0352));
#9447=CARTESIAN_POINT('Ctrl Pts',(0.0203642341772007,0.061126525142998,
0.0342));
#9448=CARTESIAN_POINT('Ctrl Pts',(0.0201757573095249,0.0610643196376269,
0.0352));
#9449=CARTESIAN_POINT('Ctrl Pts',(0.0201757573095249,0.0610643196376269,
0.0342));
#9450=CARTESIAN_POINT('Ctrl Pts',(0.0199748248067783,0.0609261231311267,
0.0352));
#9451=CARTESIAN_POINT('Ctrl Pts',(0.0199748248067783,0.0609261231311267,
0.0342));
#9452=CARTESIAN_POINT('Ctrl Pts',(0.019917715889542,0.0608194169505542,
0.0352));
#9453=CARTESIAN_POINT('Ctrl Pts',(0.019917715889542,0.0608194169505542,
0.0342));
#9454=CARTESIAN_POINT('Ctrl Pts',(0.0203642341772007,0.061126525142998,
0.0352));
#9455=CARTESIAN_POINT('Ctrl Pts',(0.0201757573095249,0.0610643196376269,
0.0352));
#9456=CARTESIAN_POINT('Ctrl Pts',(0.0199748248067783,0.0609261231311267,
0.0352));
#9457=CARTESIAN_POINT('Ctrl Pts',(0.019917715889542,0.0608194169505542,
0.0352));
#9458=CARTESIAN_POINT('Ctrl Pts',(0.0203642341772007,0.061126525142998,
0.0342));
#9459=CARTESIAN_POINT('Ctrl Pts',(0.0201757573095249,0.0610643196376269,
0.0342));
#9460=CARTESIAN_POINT('Ctrl Pts',(0.0199748248067783,0.0609261231311267,
0.0342));
#9461=CARTESIAN_POINT('Ctrl Pts',(0.019917715889542,0.0608194169505542,
0.0342));
#9462=CARTESIAN_POINT('Origin',(0.019024106432526,0.0639087850650256,0.0342));
#9463=CARTESIAN_POINT('Origin',(0.0223599020925449,0.0491425037272876,0.0352));
#9464=CARTESIAN_POINT('',(0.0223599020925449,0.0491425037272876,0.0352));
#9465=CARTESIAN_POINT('',(0.0223599020925449,0.0480249023707812,0.0352));
#9466=CARTESIAN_POINT('',(0.0223599020925449,0.038114400713828,0.0352));
#9467=CARTESIAN_POINT('',(0.0223599020925449,0.0491425037272876,0.0342));
#9468=CARTESIAN_POINT('',(0.0223599020925449,0.0491425037272876,0.0352));
#9469=CARTESIAN_POINT('',(0.0223599020925449,0.0480249023707812,0.0342));
#9470=CARTESIAN_POINT('',(0.0223599020925449,0.0485837030490344,0.0342));
#9471=CARTESIAN_POINT('',(0.0223599020925449,0.0480249023707812,0.0352));
#9472=CARTESIAN_POINT('Origin',(0.0180927013173984,0.0491425037272876,0.0352));
#9473=CARTESIAN_POINT('',(0.0180927013173984,0.0491425037272876,0.0352));
#9474=CARTESIAN_POINT('',(0.0341357486851655,0.0491425037272876,0.0352));
#9475=CARTESIAN_POINT('',(0.0180927013173984,0.0491425037272876,0.0342));
#9476=CARTESIAN_POINT('',(0.0180927013173984,0.0491425037272876,0.0352));
#9477=CARTESIAN_POINT('',(0.0202263017049717,0.0491425037272876,0.0342));
#9478=CARTESIAN_POINT('Origin',(0.0180927013173984,0.0586929043086474,0.0352));
#9479=CARTESIAN_POINT('',(0.0180927013173984,0.0586929043086474,0.0352));
#9480=CARTESIAN_POINT('',(0.0180927013173984,0.042889601004508,0.0352));
#9481=CARTESIAN_POINT('',(0.0180927013173984,0.0586929043086474,0.0342));
#9482=CARTESIAN_POINT('',(0.0180927013173984,0.0586929043086474,0.0352));
#9483=CARTESIAN_POINT('',(0.0180927013173984,0.0539177040179675,0.0342));
#9484=CARTESIAN_POINT('Origin',(0.0168735024801181,0.0586929043086474,0.0352));
#9485=CARTESIAN_POINT('',(0.0168735024801181,0.0586929043086475,0.0352));
#9486=CARTESIAN_POINT('',(0.0335261492665254,0.0586929043086474,0.0352));
#9487=CARTESIAN_POINT('',(0.0168735024801181,0.0586929043086475,0.0342));
#9488=CARTESIAN_POINT('',(0.0168735024801181,0.0586929043086475,0.0352));
#9489=CARTESIAN_POINT('',(0.0174831018987583,0.0586929043086474,0.0342));
#9490=CARTESIAN_POINT('Origin',(0.0168735024801181,0.0480249023707812,0.0352));
#9491=CARTESIAN_POINT('',(0.0168735024801181,0.0480249023707812,0.0352));
#9492=CARTESIAN_POINT('',(0.0168735024801181,0.0375556000355749,0.0352));
#9493=CARTESIAN_POINT('',(0.0168735024801181,0.0480249023707812,0.0342));
#9494=CARTESIAN_POINT('',(0.0168735024801181,0.0480249023707812,0.0352));
#9495=CARTESIAN_POINT('',(0.0168735024801181,0.0533589057620471,0.0342));
#9496=CARTESIAN_POINT('Origin',(0.0223599020925449,0.0480249023707812,0.0352));
#9497=CARTESIAN_POINT('',(0.0362693490727388,0.0480249023707812,0.0352));
#9498=CARTESIAN_POINT('',(0.0196167022863315,0.0480249023707812,0.0342));
#9499=CARTESIAN_POINT('Origin',(0.0196167022863315,0.0533589033397143,0.0342));
#9500=CARTESIAN_POINT('Ctrl Pts',(0.0506367516866611,0.0542210406382983,
0.0352));
#9501=CARTESIAN_POINT('Ctrl Pts',(0.0506367516866611,0.0542210406382983,
0.0342));
#9502=CARTESIAN_POINT('Ctrl Pts',(0.050159590889542,0.0544179980929797,
0.0352));
#9503=CARTESIAN_POINT('Ctrl Pts',(0.050159590889542,0.0544179980929797,
0.0342));
#9504=CARTESIAN_POINT('Ctrl Pts',(0.0500440068593906,0.0551597381862109,
0.0352));
#9505=CARTESIAN_POINT('Ctrl Pts',(0.0500440068593906,0.0551597381862109,
0.0342));
#9506=CARTESIAN_POINT('Ctrl Pts',(0.0504334549871372,0.0555256097491687,
0.0352));
#9507=CARTESIAN_POINT('Ctrl Pts',(0.0504334549871372,0.0555256097491687,
0.0342));
#9508=CARTESIAN_POINT('',(0.0506367516866611,0.0542210406382983,0.0352));
#9509=CARTESIAN_POINT('',(0.0504334549871372,0.0555256097491687,0.0352));
#9510=CARTESIAN_POINT('Ctrl Pts',(0.0506367516866611,0.0542210406382983,
0.0352));
#9511=CARTESIAN_POINT('Ctrl Pts',(0.050159590889542,0.0544179980929797,
0.0352));
#9512=CARTESIAN_POINT('Ctrl Pts',(0.0500440068593906,0.0551597381862109,
0.0352));
#9513=CARTESIAN_POINT('Ctrl Pts',(0.0504334549871372,0.0555256097491687,
0.0352));
#9514=CARTESIAN_POINT('',(0.0506367516866611,0.0542210406382983,0.0342));
#9515=CARTESIAN_POINT('',(0.0506367516866611,0.0542210406382983,0.0352));
#9516=CARTESIAN_POINT('',(0.0504334549871372,0.0555256097491687,0.0342));
#9517=CARTESIAN_POINT('Ctrl Pts',(0.0506367516866611,0.0542210406382983,
0.0342));
#9518=CARTESIAN_POINT('Ctrl Pts',(0.050159590889542,0.0544179980929797,
0.0342));
#9519=CARTESIAN_POINT('Ctrl Pts',(0.0500440068593906,0.0551597381862109,
0.0342));
#9520=CARTESIAN_POINT('Ctrl Pts',(0.0504334549871372,0.0555256097491687,
0.0342));
#9521=CARTESIAN_POINT('',(0.0504334549871372,0.0555256097491687,0.0352));
#9522=CARTESIAN_POINT('Ctrl Pts',(0.0517076601568149,0.0552368628390735,
0.0352));
#9523=CARTESIAN_POINT('Ctrl Pts',(0.0517076601568149,0.0552368628390735,
0.0342));
#9524=CARTESIAN_POINT('Ctrl Pts',(0.0519427669301914,0.0545624321063464,
0.0352));
#9525=CARTESIAN_POINT('Ctrl Pts',(0.0519427669301914,0.0545624321063464,
0.0342));
#9526=CARTESIAN_POINT('Ctrl Pts',(0.0512959943929599,0.0539489278872913,
0.0352));
#9527=CARTESIAN_POINT('Ctrl Pts',(0.0512959943929599,0.0539489278872913,
0.0342));
#9528=CARTESIAN_POINT('Ctrl Pts',(0.0506367516866611,0.0542210406382983,
0.0352));
#9529=CARTESIAN_POINT('Ctrl Pts',(0.0506367516866611,0.0542210406382983,
0.0342));
#9530=CARTESIAN_POINT('',(0.0517076601568149,0.0552368628390735,0.0352));
#9531=CARTESIAN_POINT('Ctrl Pts',(0.0517076601568149,0.0552368628390735,
0.0352));
#9532=CARTESIAN_POINT('Ctrl Pts',(0.0519427669301914,0.0545624321063464,
0.0352));
#9533=CARTESIAN_POINT('Ctrl Pts',(0.0512959943929599,0.0539489278872913,
0.0352));
#9534=CARTESIAN_POINT('Ctrl Pts',(0.0506367516866611,0.0542210406382983,
0.0352));
#9535=CARTESIAN_POINT('',(0.0517076601568149,0.0552368628390735,0.0342));
#9536=CARTESIAN_POINT('',(0.0517076601568149,0.0552368628390735,0.0352));
#9537=CARTESIAN_POINT('Ctrl Pts',(0.0517076601568149,0.0552368628390735,
0.0342));
#9538=CARTESIAN_POINT('Ctrl Pts',(0.0519427669301914,0.0545624321063464,
0.0342));
#9539=CARTESIAN_POINT('Ctrl Pts',(0.0512959943929599,0.0539489278872913,
0.0342));
#9540=CARTESIAN_POINT('Ctrl Pts',(0.0506367516866611,0.0542210406382983,
0.0342));
#9541=CARTESIAN_POINT('Ctrl Pts',(0.0504334549871372,0.0555256097491687,
0.0352));
#9542=CARTESIAN_POINT('Ctrl Pts',(0.0504334549871372,0.0555256097491687,
0.0342));
#9543=CARTESIAN_POINT('Ctrl Pts',(0.050860497719376,0.055926796501488,0.0352));
#9544=CARTESIAN_POINT('Ctrl Pts',(0.050860497719376,0.055926796501488,0.0342));
#9545=CARTESIAN_POINT('Ctrl Pts',(0.0515191832891391,0.0557775323565906,
0.0352));
#9546=CARTESIAN_POINT('Ctrl Pts',(0.0515191832891391,0.0557775323565906,
0.0342));
#9547=CARTESIAN_POINT('Ctrl Pts',(0.0517076601568149,0.0552368628390735,
0.0352));
#9548=CARTESIAN_POINT('Ctrl Pts',(0.0517076601568149,0.0552368628390735,
0.0342));
#9549=CARTESIAN_POINT('Ctrl Pts',(0.0504334549871372,0.0555256097491687,
0.0352));
#9550=CARTESIAN_POINT('Ctrl Pts',(0.050860497719376,0.055926796501488,0.0352));
#9551=CARTESIAN_POINT('Ctrl Pts',(0.0515191832891391,0.0557775323565906,
0.0352));
#9552=CARTESIAN_POINT('Ctrl Pts',(0.0517076601568149,0.0552368628390735,
0.0352));
#9553=CARTESIAN_POINT('Ctrl Pts',(0.0504334549871372,0.0555256097491687,
0.0342));
#9554=CARTESIAN_POINT('Ctrl Pts',(0.050860497719376,0.055926796501488,0.0342));
#9555=CARTESIAN_POINT('Ctrl Pts',(0.0515191832891391,0.0557775323565906,
0.0342));
#9556=CARTESIAN_POINT('Ctrl Pts',(0.0517076601568149,0.0552368628390735,
0.0342));
#9557=CARTESIAN_POINT('Origin',(0.050993386894791,0.0549378621943896,0.0342));
#9558=CARTESIAN_POINT('Origin',(0.0810910749593662,0.0532573131259387,0.0352));
#9559=CARTESIAN_POINT('',(0.0810910749593662,0.0532573131259387,0.0352));
#9560=CARTESIAN_POINT('',(0.0791705817190097,0.048075713222832,0.0352));
#9561=CARTESIAN_POINT('',(0.0749600866655478,0.0367155582883632,0.0352));
#9562=CARTESIAN_POINT('',(0.0810910749593662,0.0532573131259387,0.0342));
#9563=CARTESIAN_POINT('',(0.0810910749593662,0.0532573131259387,0.0352));
#9564=CARTESIAN_POINT('',(0.0791705817190097,0.048075713222832,0.0342));
#9565=CARTESIAN_POINT('',(0.0810910749593662,0.0532573131259387,0.0342));
#9566=CARTESIAN_POINT('',(0.0791705817190097,0.048075713222832,0.0352));
#9567=CARTESIAN_POINT('Ctrl Pts',(0.0830133413473056,0.058565913513512,
0.0352));
#9568=CARTESIAN_POINT('Ctrl Pts',(0.0830133413473056,0.058565913513512,
0.0342));
#9569=CARTESIAN_POINT('Ctrl Pts',(0.0830123917928623,0.0584960631259387,
0.0352));
#9570=CARTESIAN_POINT('Ctrl Pts',(0.0830123917928623,0.0584960631259387,
0.0342));
#9571=CARTESIAN_POINT('Ctrl Pts',(0.0821473476949619,0.0561071924670642,
0.0352));
#9572=CARTESIAN_POINT('Ctrl Pts',(0.0821473476949619,0.0561071924670642,
0.0342));
#9573=CARTESIAN_POINT('Ctrl Pts',(0.0810910749593662,0.0532573131259387,
0.0352));
#9574=CARTESIAN_POINT('Ctrl Pts',(0.0810910749593662,0.0532573131259387,
0.0342));
#9575=CARTESIAN_POINT('',(0.0830133413473056,0.058565913513512,0.0352));
#9576=CARTESIAN_POINT('Ctrl Pts',(0.0830133413473056,0.058565913513512,
0.0352));
#9577=CARTESIAN_POINT('Ctrl Pts',(0.0830123917928623,0.0584960631259387,
0.0352));
#9578=CARTESIAN_POINT('Ctrl Pts',(0.0821473476949619,0.0561071924670642,
0.0352));
#9579=CARTESIAN_POINT('Ctrl Pts',(0.0810910749593662,0.0532573131259387,
0.0352));
#9580=CARTESIAN_POINT('',(0.0830133413473056,0.058565913513512,0.0342));
#9581=CARTESIAN_POINT('',(0.0830133413473056,0.058565913513512,0.0352));
#9582=CARTESIAN_POINT('Ctrl Pts',(0.0830133413473056,0.058565913513512,
0.0342));
#9583=CARTESIAN_POINT('Ctrl Pts',(0.0830123917928623,0.0584960631259387,
0.0342));
#9584=CARTESIAN_POINT('Ctrl Pts',(0.0821473476949619,0.0561071924670642,
0.0342));
#9585=CARTESIAN_POINT('Ctrl Pts',(0.0810910749593662,0.0532573131259387,
0.0342));
#9586=CARTESIAN_POINT('Ctrl Pts',(0.0824163816610263,0.0586929139979785,
0.0352));
#9587=CARTESIAN_POINT('Ctrl Pts',(0.0824163816610263,0.0586929139979785,
0.0342));
#9588=CARTESIAN_POINT('Ctrl Pts',(0.0828285754934238,0.0586929139979785,
0.0352));
#9589=CARTESIAN_POINT('Ctrl Pts',(0.0828285754934238,0.0586929139979785,
0.0342));
#9590=CARTESIAN_POINT('Ctrl Pts',(0.0830145622030185,0.0586533476146167,
0.0352));
#9591=CARTESIAN_POINT('Ctrl Pts',(0.0830145622030185,0.0586533476146167,
0.0342));
#9592=CARTESIAN_POINT('Ctrl Pts',(0.0830133413473056,0.058565913513512,
0.0352));
#9593=CARTESIAN_POINT('Ctrl Pts',(0.0830133413473056,0.058565913513512,
0.0342));
#9594=CARTESIAN_POINT('',(0.0824163816610263,0.0586929139979785,0.0352));
#9595=CARTESIAN_POINT('Ctrl Pts',(0.0824163816610263,0.0586929139979785,
0.0352));
#9596=CARTESIAN_POINT('Ctrl Pts',(0.0828285754934238,0.0586929139979785,
0.0352));
#9597=CARTESIAN_POINT('Ctrl Pts',(0.0830145622030185,0.0586533476146167,
0.0352));
#9598=CARTESIAN_POINT('Ctrl Pts',(0.0830133413473056,0.058565913513512,
0.0352));
#9599=CARTESIAN_POINT('',(0.0824163816610263,0.0586929139979785,0.0342));
#9600=CARTESIAN_POINT('',(0.0824163816610263,0.0586929139979785,0.0352));
#9601=CARTESIAN_POINT('Ctrl Pts',(0.0824163816610263,0.0586929139979785,
0.0342));
#9602=CARTESIAN_POINT('Ctrl Pts',(0.0828285754934238,0.0586929139979785,
0.0342));
#9603=CARTESIAN_POINT('Ctrl Pts',(0.0830145622030185,0.0586533476146167,
0.0342));
#9604=CARTESIAN_POINT('Ctrl Pts',(0.0830133413473056,0.058565913513512,
0.0342));
#9605=CARTESIAN_POINT('Ctrl Pts',(0.0817475852743076,0.058515114773125,
0.0352));
#9606=CARTESIAN_POINT('Ctrl Pts',(0.0817475852743076,0.058515114773125,
0.0342));
#9607=CARTESIAN_POINT('Ctrl Pts',(0.0818032698598789,0.0586564045985644,
0.0352));
#9608=CARTESIAN_POINT('Ctrl Pts',(0.0818032698598789,0.0586564045985644,
0.0342));
#9609=CARTESIAN_POINT('Ctrl Pts',(0.081940596748917,0.0586929139979785,
0.0352));
#9610=CARTESIAN_POINT('Ctrl Pts',(0.081940596748917,0.0586929139979785,
0.0342));
#9611=CARTESIAN_POINT('Ctrl Pts',(0.0824163816610263,0.0586929139979785,
0.0352));
#9612=CARTESIAN_POINT('Ctrl Pts',(0.0824163816610263,0.0586929139979785,
0.0342));
#9613=CARTESIAN_POINT('',(0.0817475852743076,0.058515114773125,0.0352));
#9614=CARTESIAN_POINT('Ctrl Pts',(0.0817475852743076,0.058515114773125,
0.0352));
#9615=CARTESIAN_POINT('Ctrl Pts',(0.0818032698598789,0.0586564045985644,
0.0352));
#9616=CARTESIAN_POINT('Ctrl Pts',(0.081940596748917,0.0586929139979785,
0.0352));
#9617=CARTESIAN_POINT('Ctrl Pts',(0.0824163816610263,0.0586929139979785,
0.0352));
#9618=CARTESIAN_POINT('',(0.0817475852743076,0.058515114773125,0.0342));
#9619=CARTESIAN_POINT('',(0.0817475852743076,0.058515114773125,0.0352));
#9620=CARTESIAN_POINT('Ctrl Pts',(0.0817475852743076,0.058515114773125,
0.0342));
#9621=CARTESIAN_POINT('Ctrl Pts',(0.0818032698598789,0.0586564045985644,
0.0342));
#9622=CARTESIAN_POINT('Ctrl Pts',(0.081940596748917,0.0586929139979785,
0.0342));
#9623=CARTESIAN_POINT('Ctrl Pts',(0.0824163816610263,0.0586929139979785,
0.0342));
#9624=CARTESIAN_POINT('Ctrl Pts',(0.0785948610464023,0.0495534645923083,
0.0352));
#9625=CARTESIAN_POINT('Ctrl Pts',(0.0785948610464023,0.0495534645923083,
0.0342));
#9626=CARTESIAN_POINT('Ctrl Pts',(0.0786528323141025,0.049823203457207,
0.0352));
#9627=CARTESIAN_POINT('Ctrl Pts',(0.0786528323141025,0.049823203457207,
0.0342));
#9628=CARTESIAN_POINT('Ctrl Pts',(0.0814036430898593,0.0576424039920276,
0.0352));
#9629=CARTESIAN_POINT('Ctrl Pts',(0.0814036430898593,0.0576424039920276,
0.0342));
#9630=CARTESIAN_POINT('Ctrl Pts',(0.0817475852743076,0.058515114773125,
0.0352));
#9631=CARTESIAN_POINT('Ctrl Pts',(0.0817475852743076,0.058515114773125,
0.0342));
#9632=CARTESIAN_POINT('',(0.0785948610464023,0.0495534645923083,0.0352));
#9633=CARTESIAN_POINT('Ctrl Pts',(0.0785948610464023,0.0495534645923083,
0.0352));
#9634=CARTESIAN_POINT('Ctrl Pts',(0.0786528323141025,0.049823203457207,
0.0352));
#9635=CARTESIAN_POINT('Ctrl Pts',(0.0814036430898593,0.0576424039920276,
0.0352));
#9636=CARTESIAN_POINT('Ctrl Pts',(0.0817475852743076,0.058515114773125,
0.0352));
#9637=CARTESIAN_POINT('',(0.0785948610464023,0.0495534645923083,0.0342));
#9638=CARTESIAN_POINT('',(0.0785948610464023,0.0495534645923083,0.0352));
#9639=CARTESIAN_POINT('Ctrl Pts',(0.0785948610464023,0.0495534645923083,
0.0342));
#9640=CARTESIAN_POINT('Ctrl Pts',(0.0786528323141025,0.049823203457207,
0.0342));
#9641=CARTESIAN_POINT('Ctrl Pts',(0.0814036430898593,0.0576424039920276,
0.0342));
#9642=CARTESIAN_POINT('Ctrl Pts',(0.0817475852743076,0.058515114773125,
0.0342));
#9643=CARTESIAN_POINT('Ctrl Pts',(0.0782970110097812,0.0499598642047351,
0.0352));
#9644=CARTESIAN_POINT('Ctrl Pts',(0.0782970110097812,0.0499598642047351,
0.0342));
#9645=CARTESIAN_POINT('Ctrl Pts',(0.0785150887838291,0.0492171261104053,
0.0352));
#9646=CARTESIAN_POINT('Ctrl Pts',(0.0785150887838291,0.0492171261104053,
0.0342));
#9647=CARTESIAN_POINT('Ctrl Pts',(0.0785208733144687,0.0492092317279285,
0.0352));
#9648=CARTESIAN_POINT('Ctrl Pts',(0.0785208733144687,0.0492092317279285,
0.0342));
#9649=CARTESIAN_POINT('Ctrl Pts',(0.0785948610464023,0.0495534645923083,
0.0352));
#9650=CARTESIAN_POINT('Ctrl Pts',(0.0785948610464023,0.0495534645923083,
0.0342));
#9651=CARTESIAN_POINT('',(0.0782970110097812,0.0499598642047351,0.0352));
#9652=CARTESIAN_POINT('Ctrl Pts',(0.0782970110097812,0.0499598642047351,
0.0352));
#9653=CARTESIAN_POINT('Ctrl Pts',(0.0785150887838291,0.0492171261104053,
0.0352));
#9654=CARTESIAN_POINT('Ctrl Pts',(0.0785208733144687,0.0492092317279285,
0.0352));
#9655=CARTESIAN_POINT('Ctrl Pts',(0.0785948610464023,0.0495534645923083,
0.0352));
#9656=CARTESIAN_POINT('',(0.0782970110097812,0.0499598642047351,0.0342));
#9657=CARTESIAN_POINT('',(0.0782970110097812,0.0499598642047351,0.0352));
#9658=CARTESIAN_POINT('Ctrl Pts',(0.0782970110097812,0.0499598642047351,
0.0342));
#9659=CARTESIAN_POINT('Ctrl Pts',(0.0785150887838291,0.0492171261104053,
0.0342));
#9660=CARTESIAN_POINT('Ctrl Pts',(0.0785208733144687,0.0492092317279285,
0.0342));
#9661=CARTESIAN_POINT('Ctrl Pts',(0.0785948610464023,0.0495534645923083,
0.0342));
#9662=CARTESIAN_POINT('Ctrl Pts',(0.075372766052811,0.0584135148700183,
0.0352));
#9663=CARTESIAN_POINT('Ctrl Pts',(0.075372766052811,0.0584135148700183,
0.0342));
#9664=CARTESIAN_POINT('Ctrl Pts',(0.0765882974782871,0.0549874352343982,
0.0352));
#9665=CARTESIAN_POINT('Ctrl Pts',(0.0765882974782871,0.0549874352343982,
0.0342));
#9666=CARTESIAN_POINT('Ctrl Pts',(0.078126352821915,0.0505411126407092,
0.0352));
#9667=CARTESIAN_POINT('Ctrl Pts',(0.078126352821915,0.0505411126407092,
0.0342));
#9668=CARTESIAN_POINT('Ctrl Pts',(0.0782970110097812,0.0499598642047351,
0.0352));
#9669=CARTESIAN_POINT('Ctrl Pts',(0.0782970110097812,0.0499598642047351,
0.0342));
#9670=CARTESIAN_POINT('',(0.075372766052811,0.0584135148700183,0.0352));
#9671=CARTESIAN_POINT('Ctrl Pts',(0.075372766052811,0.0584135148700183,
0.0352));
#9672=CARTESIAN_POINT('Ctrl Pts',(0.0765882974782871,0.0549874352343982,
0.0352));
#9673=CARTESIAN_POINT('Ctrl Pts',(0.078126352821915,0.0505411126407092,
0.0352));
#9674=CARTESIAN_POINT('Ctrl Pts',(0.0782970110097812,0.0499598642047351,
0.0352));
#9675=CARTESIAN_POINT('',(0.075372766052811,0.0584135148700183,0.0342));
#9676=CARTESIAN_POINT('',(0.075372766052811,0.0584135148700183,0.0352));
#9677=CARTESIAN_POINT('Ctrl Pts',(0.075372766052811,0.0584135148700183,
0.0342));
#9678=CARTESIAN_POINT('Ctrl Pts',(0.0765882974782871,0.0549874352343982,
0.0342));
#9679=CARTESIAN_POINT('Ctrl Pts',(0.078126352821915,0.0505411126407092,
0.0342));
#9680=CARTESIAN_POINT('Ctrl Pts',(0.0782970110097812,0.0499598642047351,
0.0342));
#9681=CARTESIAN_POINT('Ctrl Pts',(0.0746231751790927,0.0586929139979785,
0.0352));
#9682=CARTESIAN_POINT('Ctrl Pts',(0.0746231751790927,0.0586929139979785,
0.0342));
#9683=CARTESIAN_POINT('Ctrl Pts',(0.0752410056844638,0.0586929139979785,
0.0352));
#9684=CARTESIAN_POINT('Ctrl Pts',(0.0752410056844638,0.0586929139979785,
0.0342));
#9685=CARTESIAN_POINT('Ctrl Pts',(0.0752786099782871,0.0586788814242786,
0.0352));
#9686=CARTESIAN_POINT('Ctrl Pts',(0.0752786099782871,0.0586788814242786,
0.0342));
#9687=CARTESIAN_POINT('Ctrl Pts',(0.075372766052811,0.0584135148700183,
0.0352));
#9688=CARTESIAN_POINT('Ctrl Pts',(0.075372766052811,0.0584135148700183,
0.0342));
#9689=CARTESIAN_POINT('',(0.0746231751790927,0.0586929139979785,0.0352));
#9690=CARTESIAN_POINT('Ctrl Pts',(0.0746231751790927,0.0586929139979785,
0.0352));
#9691=CARTESIAN_POINT('Ctrl Pts',(0.0752410056844638,0.0586929139979785,
0.0352));
#9692=CARTESIAN_POINT('Ctrl Pts',(0.0752786099782871,0.0586788814242786,
0.0352));
#9693=CARTESIAN_POINT('Ctrl Pts',(0.075372766052811,0.0584135148700183,
0.0352));
#9694=CARTESIAN_POINT('',(0.0746231751790927,0.0586929139979785,0.0342));
#9695=CARTESIAN_POINT('',(0.0746231751790927,0.0586929139979785,0.0352));
#9696=CARTESIAN_POINT('Ctrl Pts',(0.0746231751790927,0.0586929139979785,
0.0342));
#9697=CARTESIAN_POINT('Ctrl Pts',(0.0752410056844638,0.0586929139979785,
0.0342));
#9698=CARTESIAN_POINT('Ctrl Pts',(0.0752786099782871,0.0586788814242786,
0.0342));
#9699=CARTESIAN_POINT('Ctrl Pts',(0.075372766052811,0.0584135148700183,
0.0342));
#9700=CARTESIAN_POINT('Ctrl Pts',(0.0739727110067295,0.0586392060359424,
0.0352));
#9701=CARTESIAN_POINT('Ctrl Pts',(0.0739727110067295,0.0586392060359424,
0.0342));
#9702=CARTESIAN_POINT('Ctrl Pts',(0.0739727110067295,0.0586687342723315,
0.0352));
#9703=CARTESIAN_POINT('Ctrl Pts',(0.0739727110067295,0.0586687342723315,
0.0342));
#9704=CARTESIAN_POINT('Ctrl Pts',(0.074265420853226,0.0586929139979785,
0.0352));
#9705=CARTESIAN_POINT('Ctrl Pts',(0.074265420853226,0.0586929139979785,
0.0342));
#9706=CARTESIAN_POINT('Ctrl Pts',(0.0746231751790927,0.0586929139979785,
0.0352));
#9707=CARTESIAN_POINT('Ctrl Pts',(0.0746231751790927,0.0586929139979785,
0.0342));
#9708=CARTESIAN_POINT('',(0.0739727110067295,0.0586392060359424,0.0352));
#9709=CARTESIAN_POINT('Ctrl Pts',(0.0739727110067295,0.0586392060359424,
0.0352));
#9710=CARTESIAN_POINT('Ctrl Pts',(0.0739727110067295,0.0586687342723315,
0.0352));
#9711=CARTESIAN_POINT('Ctrl Pts',(0.074265420853226,0.0586929139979785,
0.0352));
#9712=CARTESIAN_POINT('Ctrl Pts',(0.0746231751790927,0.0586929139979785,
0.0352));
#9713=CARTESIAN_POINT('',(0.0739727110067295,0.0586392060359424,0.0342));
#9714=CARTESIAN_POINT('',(0.0739727110067295,0.0586392060359424,0.0352));
#9715=CARTESIAN_POINT('Ctrl Pts',(0.0739727110067295,0.0586392060359424,
0.0342));
#9716=CARTESIAN_POINT('Ctrl Pts',(0.0739727110067295,0.0586687342723315,
0.0342));
#9717=CARTESIAN_POINT('Ctrl Pts',(0.074265420853226,0.0586929139979785,
0.0342));
#9718=CARTESIAN_POINT('Ctrl Pts',(0.0746231751790927,0.0586929139979785,
0.0342));
#9719=CARTESIAN_POINT('Ctrl Pts',(0.0777953362050937,0.0481060868533557,
0.0352));
#9720=CARTESIAN_POINT('Ctrl Pts',(0.0777953362050937,0.0481060868533557,
0.0342));
#9721=CARTESIAN_POINT('Ctrl Pts',(0.0777281019369053,0.048214876240105,
0.0352));
#9722=CARTESIAN_POINT('Ctrl Pts',(0.0777281019369053,0.048214876240105,
0.0342));
#9723=CARTESIAN_POINT('Ctrl Pts',(0.0739727110067295,0.0585627329905932,
0.0352));
#9724=CARTESIAN_POINT('Ctrl Pts',(0.0739727110067295,0.0585627329905932,
0.0342));
#9725=CARTESIAN_POINT('Ctrl Pts',(0.0739727110067295,0.0586392060359424,
0.0352));
#9726=CARTESIAN_POINT('Ctrl Pts',(0.0739727110067295,0.0586392060359424,
0.0342));
#9727=CARTESIAN_POINT('',(0.0777953362050937,0.0481060868533557,0.0352));
#9728=CARTESIAN_POINT('Ctrl Pts',(0.0777953362050937,0.0481060868533557,
0.0352));
#9729=CARTESIAN_POINT('Ctrl Pts',(0.0777281019369053,0.048214876240105,
0.0352));
#9730=CARTESIAN_POINT('Ctrl Pts',(0.0739727110067295,0.0585627329905932,
0.0352));
#9731=CARTESIAN_POINT('Ctrl Pts',(0.0739727110067295,0.0586392060359424,
0.0352));
#9732=CARTESIAN_POINT('',(0.0777953362050937,0.0481060868533557,0.0342));
#9733=CARTESIAN_POINT('',(0.0777953362050937,0.0481060868533557,0.0352));
#9734=CARTESIAN_POINT('Ctrl Pts',(0.0777953362050937,0.0481060868533557,
0.0342));
#9735=CARTESIAN_POINT('Ctrl Pts',(0.0777281019369053,0.048214876240105,
0.0342));
#9736=CARTESIAN_POINT('Ctrl Pts',(0.0739727110067295,0.0585627329905932,
0.0342));
#9737=CARTESIAN_POINT('Ctrl Pts',(0.0739727110067295,0.0586392060359424,
0.0342));
#9738=CARTESIAN_POINT('Ctrl Pts',(0.0785107867208408,0.0480458676608508,
0.0352));
#9739=CARTESIAN_POINT('Ctrl Pts',(0.0785107867208408,0.0480458676608508,
0.0342));
#9740=CARTESIAN_POINT('Ctrl Pts',(0.0781479018941806,0.0480294539340442,
0.0352));
#9741=CARTESIAN_POINT('Ctrl Pts',(0.0781479018941806,0.0480294539340442,
0.0342));
#9742=CARTESIAN_POINT('Ctrl Pts',(0.0778259448018955,0.048056535614342,
0.0352));
#9743=CARTESIAN_POINT('Ctrl Pts',(0.0778259448018955,0.048056535614342,
0.0342));
#9744=CARTESIAN_POINT('Ctrl Pts',(0.0777953362050937,0.0481060868533557,
0.0352));
#9745=CARTESIAN_POINT('Ctrl Pts',(0.0777953362050937,0.0481060868533557,
0.0342));
#9746=CARTESIAN_POINT('',(0.0785107867208408,0.0480458676608508,0.0352));
#9747=CARTESIAN_POINT('Ctrl Pts',(0.0785107867208408,0.0480458676608508,
0.0352));
#9748=CARTESIAN_POINT('Ctrl Pts',(0.0781479018941806,0.0480294539340442,
0.0352));
#9749=CARTESIAN_POINT('Ctrl Pts',(0.0778259448018955,0.048056535614342,
0.0352));
#9750=CARTESIAN_POINT('Ctrl Pts',(0.0777953362050937,0.0481060868533557,
0.0352));
#9751=CARTESIAN_POINT('',(0.0785107867208408,0.0480458676608508,0.0342));
#9752=CARTESIAN_POINT('',(0.0785107867208408,0.0480458676608508,0.0352));
#9753=CARTESIAN_POINT('Ctrl Pts',(0.0785107867208408,0.0480458676608508,
0.0342));
#9754=CARTESIAN_POINT('Ctrl Pts',(0.0781479018941806,0.0480294539340442,
0.0342));
#9755=CARTESIAN_POINT('Ctrl Pts',(0.0778259448018955,0.048056535614342,
0.0342));
#9756=CARTESIAN_POINT('Ctrl Pts',(0.0777953362050937,0.0481060868533557,
0.0342));
#9757=CARTESIAN_POINT('Origin',(0.0791705817190097,0.048075713222832,0.0352));
#9758=CARTESIAN_POINT('',(0.0642305348512709,0.0473999061978764,0.0352));
#9759=CARTESIAN_POINT('',(0.0791705817190097,0.048075713222832,0.0342));
#9760=CARTESIAN_POINT('Origin',(0.078493636604874,0.0533611839660113,0.0342));
#9761=CARTESIAN_POINT('Origin',(0.0637111377492832,0.0491424940379565,0.0352));
#9762=CARTESIAN_POINT('',(0.0637111377492832,0.0491424940379565,0.0352));
#9763=CARTESIAN_POINT('',(0.0637111377492832,0.0480248926814502,0.0352));
#9764=CARTESIAN_POINT('',(0.0637111377492832,0.0381143958691625,0.0352));
#9765=CARTESIAN_POINT('',(0.0637111377492832,0.0491424940379565,0.0342));
#9766=CARTESIAN_POINT('',(0.0637111377492832,0.0491424940379565,0.0352));
#9767=CARTESIAN_POINT('',(0.0637111377492832,0.0480248926814502,0.0342));
#9768=CARTESIAN_POINT('',(0.0637111377492832,0.0485836933597034,0.0342));
#9769=CARTESIAN_POINT('',(0.0637111377492832,0.0480248926814502,0.0352));
#9770=CARTESIAN_POINT('Origin',(0.059445942665665,0.0491424940379565,0.0352));
#9771=CARTESIAN_POINT('',(0.059445942665665,0.0491424940379565,0.0352));
#9772=CARTESIAN_POINT('',(0.0548123693592989,0.0491424940379565,0.0352));
#9773=CARTESIAN_POINT('',(0.059445942665665,0.0491424940379565,0.0342));
#9774=CARTESIAN_POINT('',(0.059445942665665,0.0491424940379565,0.0352));
#9775=CARTESIAN_POINT('',(0.0615785402074741,0.0491424940379565,0.0342));
#9776=CARTESIAN_POINT('Origin',(0.0594195247045444,0.0538922961696094,0.0352));
#9777=CARTESIAN_POINT('',(0.0594195247045444,0.0538922961696094,0.0352));
#9778=CARTESIAN_POINT('',(0.0594939257176825,0.0405154087865476,0.0352));
#9779=CARTESIAN_POINT('',(0.0594195247045444,0.0538922961696094,0.0342));
#9780=CARTESIAN_POINT('',(0.0594195247045444,0.0538922961696094,0.0352));
#9781=CARTESIAN_POINT('',(0.0594195247045444,0.0538922961696094,0.0342));
#9782=CARTESIAN_POINT('Origin',(0.0593931067434238,0.0586420958789294,0.0352));
#9783=CARTESIAN_POINT('',(0.0593931067434238,0.0586420958789294,0.0352));
#9784=CARTESIAN_POINT('',(0.0594807167749905,0.0428903086547349,0.0352));
#9785=CARTESIAN_POINT('',(0.0593931067434238,0.0586420958789294,0.0342));
#9786=CARTESIAN_POINT('',(0.0593931067434238,0.0586420958789294,0.0352));
#9787=CARTESIAN_POINT('',(0.0593931067434238,0.0586420958789294,0.0342));
#9788=CARTESIAN_POINT('Origin',(0.0582247090688633,0.05870305630526,0.0352));
#9789=CARTESIAN_POINT('',(0.0582247090688633,0.05870305630526,0.0352));
#9790=CARTESIAN_POINT('',(0.0550352272770249,0.0588694655459127,0.0352));
#9791=CARTESIAN_POINT('',(0.0582247090688633,0.05870305630526,0.0342));
#9792=CARTESIAN_POINT('',(0.0582247090688633,0.05870305630526,0.0352));
#9793=CARTESIAN_POINT('',(0.0588089079061435,0.0586725760920947,0.0342));
#9794=CARTESIAN_POINT('Origin',(0.0582247090688633,0.0533639853938525,0.0352));
#9795=CARTESIAN_POINT('',(0.0582247090688633,0.0533639853938525,0.0352));
#9796=CARTESIAN_POINT('',(0.0582247090688633,0.0402251415471105,0.0352));
#9797=CARTESIAN_POINT('',(0.0582247090688633,0.0533639853938525,0.0342));
#9798=CARTESIAN_POINT('',(0.0582247090688633,0.0533639853938525,0.0352));
#9799=CARTESIAN_POINT('',(0.0582247090688633,0.0533639853938525,0.0342));
#9800=CARTESIAN_POINT('Origin',(0.0582247381368564,0.0480248926814502,0.0352));
#9801=CARTESIAN_POINT('',(0.0582247381368564,0.0480248926814502,0.0352));
#9802=CARTESIAN_POINT('',(0.0582247951354604,0.0375556170937602,0.0352));
#9803=CARTESIAN_POINT('',(0.0582247381368564,0.0480248926814502,0.0342));
#9804=CARTESIAN_POINT('',(0.0582247381368564,0.0480248926814502,0.0352));
#9805=CARTESIAN_POINT('',(0.0582247381368564,0.0480248926814502,0.0342));
#9806=CARTESIAN_POINT('Origin',(0.0637111377492832,0.0480248926814502,0.0352));
#9807=CARTESIAN_POINT('',(0.0569449669011079,0.0480248926814502,0.0352));
#9808=CARTESIAN_POINT('',(0.0609679379430698,0.0480248926814502,0.0342));
#9809=CARTESIAN_POINT('Origin',(0.0609679234090732,0.0533639744933551,0.0342));
#9810=CARTESIAN_POINT('Ctrl Pts',(0.0351104852453159,0.0537292513736194,
0.0352));
#9811=CARTESIAN_POINT('Ctrl Pts',(0.0351104852453159,0.0537292513736194,
0.0342));
#9812=CARTESIAN_POINT('Ctrl Pts',(0.0351556108823703,0.0536116519626086,
0.0352));
#9813=CARTESIAN_POINT('Ctrl Pts',(0.0351556108823703,0.0536116519626086,
0.0342));
#9814=CARTESIAN_POINT('Ctrl Pts',(0.0353782305303501,0.0535947707255786,
0.0352));
#9815=CARTESIAN_POINT('Ctrl Pts',(0.0353782305303501,0.0535947707255786,
0.0342));
#9816=CARTESIAN_POINT('Ctrl Pts',(0.036306715523331,0.053638554390282,0.0352));
#9817=CARTESIAN_POINT('Ctrl Pts',(0.036306715523331,0.053638554390282,0.0342));
#9818=CARTESIAN_POINT('',(0.0351104852453159,0.0537292513736194,0.0352));
#9819=CARTESIAN_POINT('',(0.036306715523331,0.053638554390282,0.0352));
#9820=CARTESIAN_POINT('Ctrl Pts',(0.0351104852453159,0.0537292513736194,
0.0352));
#9821=CARTESIAN_POINT('Ctrl Pts',(0.0351556108823703,0.0536116519626086,
0.0352));
#9822=CARTESIAN_POINT('Ctrl Pts',(0.0353782305303501,0.0535947707255786,
0.0352));
#9823=CARTESIAN_POINT('Ctrl Pts',(0.036306715523331,0.053638554390282,0.0352));
#9824=CARTESIAN_POINT('',(0.0351104852453159,0.0537292513736194,0.0342));
#9825=CARTESIAN_POINT('',(0.0351104852453159,0.0537292513736194,0.0352));
#9826=CARTESIAN_POINT('',(0.036306715523331,0.053638554390282,0.0342));
#9827=CARTESIAN_POINT('Ctrl Pts',(0.0351104852453159,0.0537292513736194,
0.0342));
#9828=CARTESIAN_POINT('Ctrl Pts',(0.0351556108823703,0.0536116519626086,
0.0342));
#9829=CARTESIAN_POINT('Ctrl Pts',(0.0353782305303501,0.0535947707255786,
0.0342));
#9830=CARTESIAN_POINT('Ctrl Pts',(0.036306715523331,0.053638554390282,0.0342));
#9831=CARTESIAN_POINT('',(0.036306715523331,0.053638554390282,0.0352));
#9832=CARTESIAN_POINT('Ctrl Pts',(0.0350828633848117,0.055699126289696,
0.0352));
#9833=CARTESIAN_POINT('Ctrl Pts',(0.0350828633848117,0.055699126289696,
0.0342));
#9834=CARTESIAN_POINT('Ctrl Pts',(0.0350675590864109,0.0546951638301318,
0.0352));
#9835=CARTESIAN_POINT('Ctrl Pts',(0.0350675590864109,0.0546951638301318,
0.0342));
#9836=CARTESIAN_POINT('Ctrl Pts',(0.0350800050321506,0.0538087208445972,
0.0352));
#9837=CARTESIAN_POINT('Ctrl Pts',(0.0350800050321506,0.0538087208445972,
0.0342));
#9838=CARTESIAN_POINT('Ctrl Pts',(0.0351104852453159,0.0537292513736194,
0.0352));
#9839=CARTESIAN_POINT('Ctrl Pts',(0.0351104852453159,0.0537292513736194,
0.0342));
#9840=CARTESIAN_POINT('',(0.0350828633848117,0.055699126289696,0.0352));
#9841=CARTESIAN_POINT('Ctrl Pts',(0.0350828633848117,0.055699126289696,
0.0352));
#9842=CARTESIAN_POINT('Ctrl Pts',(0.0350675590864109,0.0546951638301318,
0.0352));
#9843=CARTESIAN_POINT('Ctrl Pts',(0.0350800050321506,0.0538087208445972,
0.0352));
#9844=CARTESIAN_POINT('Ctrl Pts',(0.0351104852453159,0.0537292513736194,
0.0352));
#9845=CARTESIAN_POINT('',(0.0350828633848117,0.055699126289696,0.0342));
#9846=CARTESIAN_POINT('',(0.0350828633848117,0.055699126289696,0.0352));
#9847=CARTESIAN_POINT('Ctrl Pts',(0.0350828633848117,0.055699126289696,
0.0342));
#9848=CARTESIAN_POINT('Ctrl Pts',(0.0350675590864109,0.0546951638301318,
0.0342));
#9849=CARTESIAN_POINT('Ctrl Pts',(0.0350800050321506,0.0538087208445972,
0.0342));
#9850=CARTESIAN_POINT('Ctrl Pts',(0.0351104852453159,0.0537292513736194,
0.0342));
#9851=CARTESIAN_POINT('Origin',(0.0351107080999301,0.0575245090564197,0.0352));
#9852=CARTESIAN_POINT('',(0.0351107080999301,0.0575245090564197,0.0352));
#9853=CARTESIAN_POINT('',(0.0348803598368111,0.0424238428059602,0.0352));
#9854=CARTESIAN_POINT('',(0.0351107080999301,0.0575245090564197,0.0342));
#9855=CARTESIAN_POINT('',(0.0351107080999301,0.0575245090564197,0.0352));
#9856=CARTESIAN_POINT('',(0.0351107080999301,0.0575245090564197,0.0342));
#9857=CARTESIAN_POINT('Origin',(0.036126707130997,0.0575547034343188,0.0352));
#9858=CARTESIAN_POINT('',(0.036126707130997,0.0575547034343188,0.0352));
#9859=CARTESIAN_POINT('',(0.0426942072727182,0.0577498823420426,0.0352));
#9860=CARTESIAN_POINT('',(0.036126707130997,0.0575547034343188,0.0342));
#9861=CARTESIAN_POINT('',(0.036126707130997,0.0575547034343188,0.0352));
#9862=CARTESIAN_POINT('',(0.036126707130997,0.0575547034343188,0.0342));
#9863=CARTESIAN_POINT('Ctrl Pts',(0.0388287127462314,0.0565185554393237,
0.0352));
#9864=CARTESIAN_POINT('Ctrl Pts',(0.0388287127462314,0.0565185554393237,
0.0342));
#9865=CARTESIAN_POINT('Ctrl Pts',(0.0384622525564121,0.0573254780848926,
0.0352));
#9866=CARTESIAN_POINT('Ctrl Pts',(0.0384622525564121,0.0573254780848926,
0.0342));
#9867=CARTESIAN_POINT('Ctrl Pts',(0.0377394817510532,0.0576026438220447,
0.0352));
#9868=CARTESIAN_POINT('Ctrl Pts',(0.0377394817510532,0.0576026438220447,
0.0342));
#9869=CARTESIAN_POINT('Ctrl Pts',(0.036126707130997,0.0575547034343188,
0.0352));
#9870=CARTESIAN_POINT('Ctrl Pts',(0.036126707130997,0.0575547034343188,
0.0342));
#9871=CARTESIAN_POINT('',(0.0388287127462314,0.0565185554393237,0.0352));
#9872=CARTESIAN_POINT('Ctrl Pts',(0.0388287127462314,0.0565185554393237,
0.0352));
#9873=CARTESIAN_POINT('Ctrl Pts',(0.0384622525564121,0.0573254780848926,
0.0352));
#9874=CARTESIAN_POINT('Ctrl Pts',(0.0377394817510532,0.0576026438220447,
0.0352));
#9875=CARTESIAN_POINT('Ctrl Pts',(0.036126707130997,0.0575547034343188,
0.0352));
#9876=CARTESIAN_POINT('',(0.0388287127462314,0.0565185554393237,0.0342));
#9877=CARTESIAN_POINT('',(0.0388287127462314,0.0565185554393237,0.0352));
#9878=CARTESIAN_POINT('Ctrl Pts',(0.0388287127462314,0.0565185554393237,
0.0342));
#9879=CARTESIAN_POINT('Ctrl Pts',(0.0384622525564121,0.0573254780848926,
0.0342));
#9880=CARTESIAN_POINT('Ctrl Pts',(0.0377394817510532,0.0576026438220447,
0.0342));
#9881=CARTESIAN_POINT('Ctrl Pts',(0.036126707130997,0.0575547034343188,
0.0342));
#9882=CARTESIAN_POINT('Ctrl Pts',(0.0377523055807041,0.0538114847262805,
0.0352));
#9883=CARTESIAN_POINT('Ctrl Pts',(0.0377523055807041,0.0538114847262805,
0.0342));
#9884=CARTESIAN_POINT('Ctrl Pts',(0.0387763564458774,0.0542117849048083,
0.0352));
#9885=CARTESIAN_POINT('Ctrl Pts',(0.0387763564458774,0.0542117849048083,
0.0342));
#9886=CARTESIAN_POINT('Ctrl Pts',(0.0392898425451206,0.0555031716807788,
0.0352));
#9887=CARTESIAN_POINT('Ctrl Pts',(0.0392898425451206,0.0555031716807788,
0.0342));
#9888=CARTESIAN_POINT('Ctrl Pts',(0.0388287127462314,0.0565185554393237,
0.0352));
#9889=CARTESIAN_POINT('Ctrl Pts',(0.0388287127462314,0.0565185554393237,
0.0342));
#9890=CARTESIAN_POINT('',(0.0377523055807041,0.0538114847262805,0.0352));
#9891=CARTESIAN_POINT('Ctrl Pts',(0.0377523055807041,0.0538114847262805,
0.0352));
#9892=CARTESIAN_POINT('Ctrl Pts',(0.0387763564458774,0.0542117849048083,
0.0352));
#9893=CARTESIAN_POINT('Ctrl Pts',(0.0392898425451206,0.0555031716807788,
0.0352));
#9894=CARTESIAN_POINT('Ctrl Pts',(0.0388287127462314,0.0565185554393237,
0.0352));
#9895=CARTESIAN_POINT('',(0.0377523055807041,0.0538114847262805,0.0342));
#9896=CARTESIAN_POINT('',(0.0377523055807041,0.0538114847262805,0.0352));
#9897=CARTESIAN_POINT('Ctrl Pts',(0.0377523055807041,0.0538114847262805,
0.0342));
#9898=CARTESIAN_POINT('Ctrl Pts',(0.0387763564458774,0.0542117849048083,
0.0342));
#9899=CARTESIAN_POINT('Ctrl Pts',(0.0392898425451206,0.0555031716807788,
0.0342));
#9900=CARTESIAN_POINT('Ctrl Pts',(0.0388287127462314,0.0565185554393237,
0.0342));
#9901=CARTESIAN_POINT('Ctrl Pts',(0.036306715523331,0.053638554390282,0.0352));
#9902=CARTESIAN_POINT('Ctrl Pts',(0.036306715523331,0.053638554390282,0.0342));
#9903=CARTESIAN_POINT('Ctrl Pts',(0.0369341481557773,0.053668145607323,
0.0352));
#9904=CARTESIAN_POINT('Ctrl Pts',(0.0369341481557773,0.053668145607323,
0.0342));
#9905=CARTESIAN_POINT('Ctrl Pts',(0.0375846656194614,0.0537459606250232,
0.0352));
#9906=CARTESIAN_POINT('Ctrl Pts',(0.0375846656194614,0.0537459606250232,
0.0342));
#9907=CARTESIAN_POINT('Ctrl Pts',(0.0377523055807041,0.0538114847262805,
0.0352));
#9908=CARTESIAN_POINT('Ctrl Pts',(0.0377523055807041,0.0538114847262805,
0.0342));
#9909=CARTESIAN_POINT('Ctrl Pts',(0.036306715523331,0.053638554390282,0.0352));
#9910=CARTESIAN_POINT('Ctrl Pts',(0.0369341481557773,0.053668145607323,
0.0352));
#9911=CARTESIAN_POINT('Ctrl Pts',(0.0375846656194614,0.0537459606250232,
0.0352));
#9912=CARTESIAN_POINT('Ctrl Pts',(0.0377523055807041,0.0538114847262805,
0.0352));
#9913=CARTESIAN_POINT('Ctrl Pts',(0.036306715523331,0.053638554390282,0.0342));
#9914=CARTESIAN_POINT('Ctrl Pts',(0.0369341481557773,0.053668145607323,
0.0342));
#9915=CARTESIAN_POINT('Ctrl Pts',(0.0375846656194614,0.0537459606250232,
0.0342));
#9916=CARTESIAN_POINT('Ctrl Pts',(0.0377523055807041,0.0538114847262805,
0.0342));
#9917=CARTESIAN_POINT('Origin',(0.0351107177892612,0.0525461113818591,0.0352));
#9918=CARTESIAN_POINT('',(0.0351107177892612,0.0525461113818591,0.0352));
#9919=CARTESIAN_POINT('',(0.0350560457387851,0.0480249096377795,0.0352));
#9920=CARTESIAN_POINT('',(0.0349579070414287,0.0399091567844358,0.0352));
#9921=CARTESIAN_POINT('',(0.0351107177892612,0.0525461113818591,0.0342));
#9922=CARTESIAN_POINT('',(0.0351107177892612,0.0525461113818591,0.0352));
#9923=CARTESIAN_POINT('',(0.0350560457387851,0.0480249096377795,0.0342));
#9924=CARTESIAN_POINT('',(0.0350833817640232,0.0502855105098193,0.0342));
#9925=CARTESIAN_POINT('',(0.0350560457387851,0.0480249096377795,0.0352));
#9926=CARTESIAN_POINT('Origin',(0.0359235170141147,0.0525365552791064,0.0352));
#9927=CARTESIAN_POINT('',(0.0359235170141147,0.0525365552791064,0.0352));
#9928=CARTESIAN_POINT('',(0.0431997604429528,0.0524510082857857,0.0352));
#9929=CARTESIAN_POINT('',(0.0359235170141147,0.0525365552791064,0.0342));
#9930=CARTESIAN_POINT('',(0.0359235170141147,0.0525365552791064,0.0352));
#9931=CARTESIAN_POINT('',(0.0359235170141147,0.0525365552791064,0.0342));
#9932=CARTESIAN_POINT('Ctrl Pts',(0.0390635869756626,0.0496759014018481,
0.0352));
#9933=CARTESIAN_POINT('Ctrl Pts',(0.0390635869756626,0.0496759014018481,
0.0342));
#9934=CARTESIAN_POINT('Ctrl Pts',(0.0374671824804233,0.0523465160067981,
0.0352));
#9935=CARTESIAN_POINT('Ctrl Pts',(0.0374671824804233,0.0523465160067981,
0.0342));
#9936=CARTESIAN_POINT('Ctrl Pts',(0.0372760216680454,0.0525206671985095,
0.0352));
#9937=CARTESIAN_POINT('Ctrl Pts',(0.0372760216680454,0.0525206671985095,
0.0342));
#9938=CARTESIAN_POINT('Ctrl Pts',(0.0359235170141147,0.0525365552791064,
0.0352));
#9939=CARTESIAN_POINT('Ctrl Pts',(0.0359235170141147,0.0525365552791064,
0.0342));
#9940=CARTESIAN_POINT('',(0.0390635869756626,0.0496759014018481,0.0352));
#9941=CARTESIAN_POINT('Ctrl Pts',(0.0390635869756626,0.0496759014018481,
0.0352));
#9942=CARTESIAN_POINT('Ctrl Pts',(0.0374671824804233,0.0523465160067981,
0.0352));
#9943=CARTESIAN_POINT('Ctrl Pts',(0.0372760216680454,0.0525206671985095,
0.0352));
#9944=CARTESIAN_POINT('Ctrl Pts',(0.0359235170141147,0.0525365552791064,
0.0352));
#9945=CARTESIAN_POINT('',(0.0390635869756626,0.0496759014018481,0.0342));
#9946=CARTESIAN_POINT('',(0.0390635869756626,0.0496759014018481,0.0352));
#9947=CARTESIAN_POINT('Ctrl Pts',(0.0390635869756626,0.0496759014018481,
0.0342));
#9948=CARTESIAN_POINT('Ctrl Pts',(0.0374671824804233,0.0523465160067981,
0.0342));
#9949=CARTESIAN_POINT('Ctrl Pts',(0.0372760216680454,0.0525206671985095,
0.0342));
#9950=CARTESIAN_POINT('Ctrl Pts',(0.0359235170141147,0.0525365552791064,
0.0342));
#9951=CARTESIAN_POINT('Origin',(0.0400504986349033,0.0480249023707812,0.0352));
#9952=CARTESIAN_POINT('',(0.0400504986349033,0.0480249023707812,0.0352));
#9953=CARTESIAN_POINT('',(0.0459943543027258,0.0380814592505265,0.0352));
#9954=CARTESIAN_POINT('',(0.0400504986349033,0.0480249023707812,0.0342));
#9955=CARTESIAN_POINT('',(0.0400504986349033,0.0480249023707812,0.0352));
#9956=CARTESIAN_POINT('',(0.0400504986349033,0.0480249023707812,0.0342));
#9957=CARTESIAN_POINT('Origin',(0.0414772865453647,0.0480249023707812,0.0352));
#9958=CARTESIAN_POINT('',(0.0414772865453647,0.0480249023707812,0.0352));
#9959=CARTESIAN_POINT('',(0.0458280412991487,0.0480249023707812,0.0352));
#9960=CARTESIAN_POINT('',(0.0414772865453647,0.0480249023707812,0.0342));
#9961=CARTESIAN_POINT('',(0.0414772865453647,0.0480249023707812,0.0352));
#9962=CARTESIAN_POINT('',(0.0407638950124668,0.0480249023707812,0.0342));
#9963=CARTESIAN_POINT('Origin',(0.0412445730367588,0.0484059014018481,0.0352));
#9964=CARTESIAN_POINT('',(0.0412445730367588,0.0484059014018481,0.0352));
#9965=CARTESIAN_POINT('',(0.0472002243456823,0.0386552969282834,0.0352));
#9966=CARTESIAN_POINT('',(0.0412445730367588,0.0484059014018481,0.0342));
#9967=CARTESIAN_POINT('',(0.0412445730367588,0.0484059014018481,0.0352));
#9968=CARTESIAN_POINT('',(0.0412445730367588,0.0484059014018481,0.0342));
#9969=CARTESIAN_POINT('Ctrl Pts',(0.0386842738881992,0.0523779578860705,
0.0352));
#9970=CARTESIAN_POINT('Ctrl Pts',(0.0386842738881992,0.0523779578860705,
0.0342));
#9971=CARTESIAN_POINT('Ctrl Pts',(0.0388659924474643,0.0521818409808581,
0.0352));
#9972=CARTESIAN_POINT('Ctrl Pts',(0.0388659924474643,0.0521818409808581,
0.0342));
#9973=CARTESIAN_POINT('Ctrl Pts',(0.0402446679845737,0.0500429623301929,
0.0352));
#9974=CARTESIAN_POINT('Ctrl Pts',(0.0402446679845737,0.0500429623301929,
0.0342));
#9975=CARTESIAN_POINT('Ctrl Pts',(0.0412445730367588,0.0484059014018481,
0.0352));
#9976=CARTESIAN_POINT('Ctrl Pts',(0.0412445730367588,0.0484059014018481,
0.0342));
#9977=CARTESIAN_POINT('',(0.0386842738881992,0.0523779578860705,0.0352));
#9978=CARTESIAN_POINT('Ctrl Pts',(0.0386842738881992,0.0523779578860705,
0.0352));
#9979=CARTESIAN_POINT('Ctrl Pts',(0.0388659924474643,0.0521818409808581,
0.0352));
#9980=CARTESIAN_POINT('Ctrl Pts',(0.0402446679845737,0.0500429623301929,
0.0352));
#9981=CARTESIAN_POINT('Ctrl Pts',(0.0412445730367588,0.0484059014018481,
0.0352));
#9982=CARTESIAN_POINT('',(0.0386842738881992,0.0523779578860705,0.0342));
#9983=CARTESIAN_POINT('',(0.0386842738881992,0.0523779578860705,0.0352));
#9984=CARTESIAN_POINT('Ctrl Pts',(0.0386842738881992,0.0523779578860705,
0.0342));
#9985=CARTESIAN_POINT('Ctrl Pts',(0.0388659924474643,0.0521818409808581,
0.0342));
#9986=CARTESIAN_POINT('Ctrl Pts',(0.0402446679845737,0.0500429623301929,
0.0342));
#9987=CARTESIAN_POINT('Ctrl Pts',(0.0412445730367588,0.0484059014018481,
0.0342));
#9988=CARTESIAN_POINT('Ctrl Pts',(0.0381636758199619,0.0527721344073718,
0.0352));
#9989=CARTESIAN_POINT('Ctrl Pts',(0.0381636758199619,0.0527721344073718,
0.0342));
#9990=CARTESIAN_POINT('Ctrl Pts',(0.0383285833898471,0.0526863741382068,
0.0352));
#9991=CARTESIAN_POINT('Ctrl Pts',(0.0383285833898471,0.0526863741382068,
0.0342));
#9992=CARTESIAN_POINT('Ctrl Pts',(0.0385628568807529,0.0525089963992541,
0.0352));
#9993=CARTESIAN_POINT('Ctrl Pts',(0.0385628568807529,0.0525089963992541,
0.0342));
#9994=CARTESIAN_POINT('Ctrl Pts',(0.0386842738881992,0.0523779578860705,
0.0352));
#9995=CARTESIAN_POINT('Ctrl Pts',(0.0386842738881992,0.0523779578860705,
0.0342));
#9996=CARTESIAN_POINT('',(0.0381636758199619,0.0527721344073718,0.0352));
#9997=CARTESIAN_POINT('Ctrl Pts',(0.0381636758199619,0.0527721344073718,
0.0352));
#9998=CARTESIAN_POINT('Ctrl Pts',(0.0383285833898471,0.0526863741382068,
0.0352));
#9999=CARTESIAN_POINT('Ctrl Pts',(0.0385628568807529,0.0525089963992541,
0.0352));
#10000=CARTESIAN_POINT('Ctrl Pts',(0.0386842738881992,0.0523779578860705,
0.0352));
#10001=CARTESIAN_POINT('',(0.0381636758199619,0.0527721344073718,0.0342));
#10002=CARTESIAN_POINT('',(0.0381636758199619,0.0527721344073718,0.0352));
#10003=CARTESIAN_POINT('Ctrl Pts',(0.0381636758199619,0.0527721344073718,
0.0342));
#10004=CARTESIAN_POINT('Ctrl Pts',(0.0383285833898471,0.0526863741382068,
0.0342));
#10005=CARTESIAN_POINT('Ctrl Pts',(0.0385628568807529,0.0525089963992541,
0.0342));
#10006=CARTESIAN_POINT('Ctrl Pts',(0.0386842738881992,0.0523779578860705,
0.0342));
#10007=CARTESIAN_POINT('Origin',(0.0378638394704746,0.0529280551227038,
0.0352));
#10008=CARTESIAN_POINT('',(0.0378638394704746,0.0529280551227038,0.0352));
#10009=CARTESIAN_POINT('',(0.0479995300867925,0.047657299478891,0.0352));
#10010=CARTESIAN_POINT('',(0.0378638394704746,0.0529280551227038,0.0342));
#10011=CARTESIAN_POINT('',(0.0378638394704746,0.0529280551227038,0.0352));
#10012=CARTESIAN_POINT('',(0.0378638394704746,0.0529280551227038,0.0342));
#10013=CARTESIAN_POINT('Origin',(0.0383668756261753,0.0531159142955249,
0.0352));
#10014=CARTESIAN_POINT('',(0.0383668756261753,0.0531159142955249,0.0352));
#10015=CARTESIAN_POINT('',(0.0392844741623342,0.0534585920534378,0.0352));
#10016=CARTESIAN_POINT('',(0.0383668756261753,0.0531159142955249,0.0342));
#10017=CARTESIAN_POINT('',(0.0383668756261753,0.0531159142955249,0.0352));
#10018=CARTESIAN_POINT('',(0.0383668756261753,0.0531159142955249,0.0342));
#10019=CARTESIAN_POINT('Ctrl Pts',(0.039905066620438,0.054398428066582,
0.0352));
#10020=CARTESIAN_POINT('Ctrl Pts',(0.039905066620438,0.054398428066582,
0.0342));
#10021=CARTESIAN_POINT('Ctrl Pts',(0.0395625536123203,0.053813970039696,
0.0352));
#10022=CARTESIAN_POINT('Ctrl Pts',(0.0395625536123203,0.053813970039696,
0.0342));
#10023=CARTESIAN_POINT('Ctrl Pts',(0.0390161431661533,0.0533583873828357,
0.0352));
#10024=CARTESIAN_POINT('Ctrl Pts',(0.0390161431661533,0.0533583873828357,
0.0342));
#10025=CARTESIAN_POINT('Ctrl Pts',(0.0383668756261753,0.0531159142955249,
0.0352));
#10026=CARTESIAN_POINT('Ctrl Pts',(0.0383668756261753,0.0531159142955249,
0.0342));
#10027=CARTESIAN_POINT('',(0.039905066620438,0.054398428066582,0.0352));
#10028=CARTESIAN_POINT('Ctrl Pts',(0.039905066620438,0.054398428066582,
0.0352));
#10029=CARTESIAN_POINT('Ctrl Pts',(0.0395625536123203,0.053813970039696,
0.0352));
#10030=CARTESIAN_POINT('Ctrl Pts',(0.0390161431661533,0.0533583873828357,
0.0352));
#10031=CARTESIAN_POINT('Ctrl Pts',(0.0383668756261753,0.0531159142955249,
0.0352));
#10032=CARTESIAN_POINT('',(0.039905066620438,0.054398428066582,0.0342));
#10033=CARTESIAN_POINT('',(0.039905066620438,0.054398428066582,0.0352));
#10034=CARTESIAN_POINT('Ctrl Pts',(0.039905066620438,0.054398428066582,
0.0342));
#10035=CARTESIAN_POINT('Ctrl Pts',(0.0395625536123203,0.053813970039696,
0.0342));
#10036=CARTESIAN_POINT('Ctrl Pts',(0.0390161431661533,0.0533583873828357,
0.0342));
#10037=CARTESIAN_POINT('Ctrl Pts',(0.0383668756261753,0.0531159142955249,
0.0342));
#10038=CARTESIAN_POINT('Ctrl Pts',(0.0402224261251377,0.055710237530083,
0.0352));
#10039=CARTESIAN_POINT('Ctrl Pts',(0.0402224261251377,0.055710237530083,
0.0342));
#10040=CARTESIAN_POINT('Ctrl Pts',(0.04018652715358,0.0550262192042773,
0.0352));
#10041=CARTESIAN_POINT('Ctrl Pts',(0.04018652715358,0.0550262192042773,
0.0342));
#10042=CARTESIAN_POINT('Ctrl Pts',(0.040125745979874,0.0547749893840259,
0.0352));
#10043=CARTESIAN_POINT('Ctrl Pts',(0.040125745979874,0.0547749893840259,
0.0342));
#10044=CARTESIAN_POINT('Ctrl Pts',(0.039905066620438,0.054398428066582,
0.0352));
#10045=CARTESIAN_POINT('Ctrl Pts',(0.039905066620438,0.054398428066582,
0.0342));
#10046=CARTESIAN_POINT('',(0.0402224261251377,0.055710237530083,0.0352));
#10047=CARTESIAN_POINT('Ctrl Pts',(0.0402224261251377,0.055710237530083,
0.0352));
#10048=CARTESIAN_POINT('Ctrl Pts',(0.04018652715358,0.0550262192042773,
0.0352));
#10049=CARTESIAN_POINT('Ctrl Pts',(0.040125745979874,0.0547749893840259,
0.0352));
#10050=CARTESIAN_POINT('Ctrl Pts',(0.039905066620438,0.054398428066582,
0.0352));
#10051=CARTESIAN_POINT('',(0.0402224261251377,0.055710237530083,0.0342));
#10052=CARTESIAN_POINT('',(0.0402224261251377,0.055710237530083,0.0352));
#10053=CARTESIAN_POINT('Ctrl Pts',(0.0402224261251377,0.055710237530083,
0.0342));
#10054=CARTESIAN_POINT('Ctrl Pts',(0.04018652715358,0.0550262192042773,
0.0342));
#10055=CARTESIAN_POINT('Ctrl Pts',(0.040125745979874,0.0547749893840259,
0.0342));
#10056=CARTESIAN_POINT('Ctrl Pts',(0.039905066620438,0.054398428066582,
0.0342));
#10057=CARTESIAN_POINT('Ctrl Pts',(0.0399922851339267,0.0571174384578174,
0.0352));
#10058=CARTESIAN_POINT('Ctrl Pts',(0.0399922851339267,0.0571174384578174,
0.0342));
#10059=CARTESIAN_POINT('Ctrl Pts',(0.0402399638143466,0.0566111999782031,
0.0352));
#10060=CARTESIAN_POINT('Ctrl Pts',(0.0402399638143466,0.0566111999782031,
0.0342));
#10061=CARTESIAN_POINT('Ctrl Pts',(0.0402624866643833,0.0564734903605884,
0.0352));
#10062=CARTESIAN_POINT('Ctrl Pts',(0.0402624866643833,0.0564734903605884,
0.0342));
#10063=CARTESIAN_POINT('Ctrl Pts',(0.0402224261251377,0.055710237530083,
0.0352));
#10064=CARTESIAN_POINT('Ctrl Pts',(0.0402224261251377,0.055710237530083,
0.0342));
#10065=CARTESIAN_POINT('',(0.0399922851339267,0.0571174384578174,0.0352));
#10066=CARTESIAN_POINT('Ctrl Pts',(0.0399922851339267,0.0571174384578174,
0.0352));
#10067=CARTESIAN_POINT('Ctrl Pts',(0.0402399638143466,0.0566111999782031,
0.0352));
#10068=CARTESIAN_POINT('Ctrl Pts',(0.0402624866643833,0.0564734903605884,
0.0352));
#10069=CARTESIAN_POINT('Ctrl Pts',(0.0402224261251377,0.055710237530083,
0.0352));
#10070=CARTESIAN_POINT('',(0.0399922851339267,0.0571174384578174,0.0342));
#10071=CARTESIAN_POINT('',(0.0399922851339267,0.0571174384578174,0.0352));
#10072=CARTESIAN_POINT('Ctrl Pts',(0.0399922851339267,0.0571174384578174,
0.0342));
#10073=CARTESIAN_POINT('Ctrl Pts',(0.0402399638143466,0.0566111999782031,
0.0342));
#10074=CARTESIAN_POINT('Ctrl Pts',(0.0402624866643833,0.0564734903605884,
0.0342));
#10075=CARTESIAN_POINT('Ctrl Pts',(0.0402224261251377,0.055710237530083,
0.0342));
#10076=CARTESIAN_POINT('Ctrl Pts',(0.0384949104467319,0.0584104191287463,
0.0352));
#10077=CARTESIAN_POINT('Ctrl Pts',(0.0384949104467319,0.0584104191287463,
0.0342));
#10078=CARTESIAN_POINT('Ctrl Pts',(0.0392731429830478,0.0581066416438525,
0.0352));
#10079=CARTESIAN_POINT('Ctrl Pts',(0.0392731429830478,0.0581066416438525,
0.0342));
#10080=CARTESIAN_POINT('Ctrl Pts',(0.0396803419652866,0.0577550206645434,
0.0352));
#10081=CARTESIAN_POINT('Ctrl Pts',(0.0396803419652866,0.0577550206645434,
0.0342));
#10082=CARTESIAN_POINT('Ctrl Pts',(0.0399922851339267,0.0571174384578174,
0.0352));
#10083=CARTESIAN_POINT('Ctrl Pts',(0.0399922851339267,0.0571174384578174,
0.0342));
#10084=CARTESIAN_POINT('',(0.0384949104467319,0.0584104191287463,0.0352));
#10085=CARTESIAN_POINT('Ctrl Pts',(0.0384949104467319,0.0584104191287463,
0.0352));
#10086=CARTESIAN_POINT('Ctrl Pts',(0.0392731429830478,0.0581066416438525,
0.0352));
#10087=CARTESIAN_POINT('Ctrl Pts',(0.0396803419652866,0.0577550206645434,
0.0352));
#10088=CARTESIAN_POINT('Ctrl Pts',(0.0399922851339267,0.0571174384578174,
0.0352));
#10089=CARTESIAN_POINT('',(0.0384949104467319,0.0584104191287463,0.0342));
#10090=CARTESIAN_POINT('',(0.0384949104467319,0.0584104191287463,0.0352));
#10091=CARTESIAN_POINT('Ctrl Pts',(0.0384949104467319,0.0584104191287463,
0.0342));
#10092=CARTESIAN_POINT('Ctrl Pts',(0.0392731429830478,0.0581066416438525,
0.0342));
#10093=CARTESIAN_POINT('Ctrl Pts',(0.0396803419652866,0.0577550206645434,
0.0342));
#10094=CARTESIAN_POINT('Ctrl Pts',(0.0399922851339267,0.0571174384578174,
0.0342));
#10095=CARTESIAN_POINT('Ctrl Pts',(0.0359489079061435,0.0586699091037219,
0.0352));
#10096=CARTESIAN_POINT('Ctrl Pts',(0.0359489079061435,0.0586699091037219,
0.0342));
#10097=CARTESIAN_POINT('Ctrl Pts',(0.0376617297140049,0.0586281383975452,
0.0352));
#10098=CARTESIAN_POINT('Ctrl Pts',(0.0376617297140049,0.0586281383975452,
0.0342));
#10099=CARTESIAN_POINT('Ctrl Pts',(0.0380344782796787,0.0585901465304797,
0.0352));
#10100=CARTESIAN_POINT('Ctrl Pts',(0.0380344782796787,0.0585901465304797,
0.0342));
#10101=CARTESIAN_POINT('Ctrl Pts',(0.0384949104467319,0.0584104191287463,
0.0352));
#10102=CARTESIAN_POINT('Ctrl Pts',(0.0384949104467319,0.0584104191287463,
0.0342));
#10103=CARTESIAN_POINT('',(0.0359489079061435,0.0586699091037219,0.0352));
#10104=CARTESIAN_POINT('Ctrl Pts',(0.0359489079061435,0.0586699091037219,
0.0352));
#10105=CARTESIAN_POINT('Ctrl Pts',(0.0376617297140049,0.0586281383975452,
0.0352));
#10106=CARTESIAN_POINT('Ctrl Pts',(0.0380344782796787,0.0585901465304797,
0.0352));
#10107=CARTESIAN_POINT('Ctrl Pts',(0.0384949104467319,0.0584104191287463,
0.0352));
#10108=CARTESIAN_POINT('',(0.0359489079061435,0.0586699091037219,0.0342));
#10109=CARTESIAN_POINT('',(0.0359489079061435,0.0586699091037219,0.0352));
#10110=CARTESIAN_POINT('Ctrl Pts',(0.0359489079061435,0.0586699091037219,
0.0342));
#10111=CARTESIAN_POINT('Ctrl Pts',(0.0376617297140049,0.0586281383975452,
0.0342));
#10112=CARTESIAN_POINT('Ctrl Pts',(0.0380344782796787,0.0585901465304797,
0.0342));
#10113=CARTESIAN_POINT('Ctrl Pts',(0.0384949104467319,0.0584104191287463,
0.0342));
#10114=CARTESIAN_POINT('Origin',(0.0339423055807041,0.0587188426478808,
0.0352));
#10115=CARTESIAN_POINT('',(0.0339423055807041,0.0587188426478808,0.0352));
#10116=CARTESIAN_POINT('',(0.0424411964860982,0.0585115864077437,0.0352));
#10117=CARTESIAN_POINT('',(0.0339423055807041,0.0587188426478808,0.0342));
#10118=CARTESIAN_POINT('',(0.0339423055807041,0.0587188426478808,0.0352));
#10119=CARTESIAN_POINT('',(0.0339423055807041,0.0587188426478808,0.0342));
#10120=CARTESIAN_POINT('Origin',(0.0339423055807041,0.0533718749316638,
0.0352));
#10121=CARTESIAN_POINT('',(0.0339423055807041,0.0533718749316638,0.0352));
#10122=CARTESIAN_POINT('',(0.0339423055807041,0.0402290863160162,0.0352));
#10123=CARTESIAN_POINT('',(0.0339423055807041,0.0533718749316638,0.0342));
#10124=CARTESIAN_POINT('',(0.0339423055807041,0.0533718749316638,0.0352));
#10125=CARTESIAN_POINT('',(0.0339423055807041,0.0533718749316638,0.0342));
#10126=CARTESIAN_POINT('Origin',(0.0339423176923679,0.0480249096377795,
0.0352));
#10127=CARTESIAN_POINT('',(0.0339423176923679,0.0480249096377795,0.0352));
#10128=CARTESIAN_POINT('',(0.0339423414069293,0.0375555852801204,0.0352));
#10129=CARTESIAN_POINT('',(0.0339423176923679,0.0480249096377795,0.0342));
#10130=CARTESIAN_POINT('',(0.0339423176923679,0.0480249096377795,0.0352));
#10131=CARTESIAN_POINT('',(0.0339423176923679,0.0480249096377795,0.0342));
#10132=CARTESIAN_POINT('Origin',(0.0350560457387851,0.0480249096377795,
0.0352));
#10133=CARTESIAN_POINT('',(0.0426174208958589,0.0480249096377795,0.0352));
#10134=CARTESIAN_POINT('',(0.0344991756597446,0.0480249096377795,0.0342));
#10135=CARTESIAN_POINT('Origin',(0.0377097960630344,0.053371872509331,0.0342));
#10136=CARTESIAN_POINT('Origin',(0.00935510359439121,0.0491425037272876,
0.0352));
#10137=CARTESIAN_POINT('',(0.00935510359439121,0.0491425037272876,0.0352));
#10138=CARTESIAN_POINT('',(0.010605154472916,0.0491425037272876,0.0352));
#10139=CARTESIAN_POINT('',(0.0297669498236619,0.0491425037272877,0.0352));
#10140=CARTESIAN_POINT('',(0.00935510359439121,0.0491425037272876,0.0342));
#10141=CARTESIAN_POINT('',(0.00935510359439121,0.0491425037272876,0.0352));
#10142=CARTESIAN_POINT('',(0.010605154472916,0.0491425037272876,0.0342));
#10143=CARTESIAN_POINT('',(0.00935510359439121,0.0491425037272876,0.0342));
#10144=CARTESIAN_POINT('',(0.010605154472916,0.0491425037272876,0.0352));
#10145=CARTESIAN_POINT('Origin',(0.00935510359439121,0.0530033048900073,
0.0352));
#10146=CARTESIAN_POINT('',(0.00935510359439121,0.0530033048900073,0.0352));
#10147=CARTESIAN_POINT('',(0.00935510359439121,0.0400448012951879,0.0352));
#10148=CARTESIAN_POINT('',(0.00935510359439121,0.0530033048900073,0.0342));
#10149=CARTESIAN_POINT('',(0.00935510359439121,0.0530033048900073,0.0352));
#10150=CARTESIAN_POINT('',(0.00935510359439121,0.0530033048900073,0.0342));
#10151=CARTESIAN_POINT('Origin',(0.0103153029790805,0.0530033048900073,
0.0352));
#10152=CARTESIAN_POINT('',(0.0103153029790805,0.0530033048900073,0.0352));
#10153=CARTESIAN_POINT('',(0.0302470495160066,0.0530033048900073,0.0352));
#10154=CARTESIAN_POINT('',(0.0103153029790805,0.0530033048900073,0.0342));
#10155=CARTESIAN_POINT('',(0.0103153029790805,0.0530033048900073,0.0352));
#10156=CARTESIAN_POINT('',(0.0103153029790805,0.0530033048900073,0.0342));
#10157=CARTESIAN_POINT('Ctrl Pts',(0.0131557618680881,0.0520560565074389,
0.0352));
#10158=CARTESIAN_POINT('Ctrl Pts',(0.0131557618680881,0.0520560565074389,
0.0342));
#10159=CARTESIAN_POINT('Ctrl Pts',(0.0126402325311588,0.0527518231471484,
0.0352));
#10160=CARTESIAN_POINT('Ctrl Pts',(0.0126402325311588,0.0527518231471484,
0.0342));
#10161=CARTESIAN_POINT('Ctrl Pts',(0.0118861276403354,0.0530033048900073,
0.0352));
#10162=CARTESIAN_POINT('Ctrl Pts',(0.0118861276403354,0.0530033048900073,
0.0342));
#10163=CARTESIAN_POINT('Ctrl Pts',(0.0103153029790805,0.0530033048900073,
0.0352));
#10164=CARTESIAN_POINT('Ctrl Pts',(0.0103153029790805,0.0530033048900073,
0.0342));
#10165=CARTESIAN_POINT('',(0.0131557618680881,0.0520560565074389,0.0352));
#10166=CARTESIAN_POINT('Ctrl Pts',(0.0131557618680881,0.0520560565074389,
0.0352));
#10167=CARTESIAN_POINT('Ctrl Pts',(0.0126402325311588,0.0527518231471484,
0.0352));
#10168=CARTESIAN_POINT('Ctrl Pts',(0.0118861276403354,0.0530033048900073,
0.0352));
#10169=CARTESIAN_POINT('Ctrl Pts',(0.0103153029790805,0.0530033048900073,
0.0352));
#10170=CARTESIAN_POINT('',(0.0131557618680881,0.0520560565074389,0.0342));
#10171=CARTESIAN_POINT('',(0.0131557618680881,0.0520560565074389,0.0352));
#10172=CARTESIAN_POINT('Ctrl Pts',(0.0131557618680881,0.0520560565074389,
0.0342));
#10173=CARTESIAN_POINT('Ctrl Pts',(0.0126402325311588,0.0527518231471484,
0.0342));
#10174=CARTESIAN_POINT('Ctrl Pts',(0.0118861276403354,0.0530033048900073,
0.0342));
#10175=CARTESIAN_POINT('Ctrl Pts',(0.0103153029790805,0.0530033048900073,
0.0342));
#10176=CARTESIAN_POINT('Ctrl Pts',(0.0133683034006046,0.0510834099658435,
0.0352));
#10177=CARTESIAN_POINT('Ctrl Pts',(0.0133683034006046,0.0510834099658435,
0.0342));
#10178=CARTESIAN_POINT('Ctrl Pts',(0.0133683034006046,0.0516201020129626,
0.0352));
#10179=CARTESIAN_POINT('Ctrl Pts',(0.0133683034006046,0.0516201020129626,
0.0342));
#10180=CARTESIAN_POINT('Ctrl Pts',(0.0133220937696384,0.0518315668185657,
0.0352));
#10181=CARTESIAN_POINT('Ctrl Pts',(0.0133220937696384,0.0518315668185657,
0.0342));
#10182=CARTESIAN_POINT('Ctrl Pts',(0.0131557618680881,0.0520560565074389,
0.0352));
#10183=CARTESIAN_POINT('Ctrl Pts',(0.0131557618680881,0.0520560565074389,
0.0342));
#10184=CARTESIAN_POINT('',(0.0133683034006046,0.0510834099658435,0.0352));
#10185=CARTESIAN_POINT('Ctrl Pts',(0.0133683034006046,0.0510834099658435,
0.0352));
#10186=CARTESIAN_POINT('Ctrl Pts',(0.0133683034006046,0.0516201020129626,
0.0352));
#10187=CARTESIAN_POINT('Ctrl Pts',(0.0133220937696384,0.0518315668185657,
0.0352));
#10188=CARTESIAN_POINT('Ctrl Pts',(0.0131557618680881,0.0520560565074389,
0.0352));
#10189=CARTESIAN_POINT('',(0.0133683034006046,0.0510834099658435,0.0342));
#10190=CARTESIAN_POINT('',(0.0133683034006046,0.0510834099658435,0.0352));
#10191=CARTESIAN_POINT('Ctrl Pts',(0.0133683034006046,0.0510834099658435,
0.0342));
#10192=CARTESIAN_POINT('Ctrl Pts',(0.0133683034006046,0.0516201020129626,
0.0342));
#10193=CARTESIAN_POINT('Ctrl Pts',(0.0133220937696384,0.0518315668185657,
0.0342));
#10194=CARTESIAN_POINT('Ctrl Pts',(0.0131557618680881,0.0520560565074389,
0.0342));
#10195=CARTESIAN_POINT('Ctrl Pts',(0.012357754618256,0.0493947703059619,
0.0352));
#10196=CARTESIAN_POINT('Ctrl Pts',(0.012357754618256,0.0493947703059619,
0.0342));
#10197=CARTESIAN_POINT('Ctrl Pts',(0.0130944393030094,0.0497645660479968,
0.0352));
#10198=CARTESIAN_POINT('Ctrl Pts',(0.0130944393030094,0.0497645660479968,
0.0342));
#10199=CARTESIAN_POINT('Ctrl Pts',(0.0133683034006046,0.0502221955760425,
0.0352));
#10200=CARTESIAN_POINT('Ctrl Pts',(0.0133683034006046,0.0502221955760425,
0.0342));
#10201=CARTESIAN_POINT('Ctrl Pts',(0.0133683034006046,0.0510834099658435,
0.0352));
#10202=CARTESIAN_POINT('Ctrl Pts',(0.0133683034006046,0.0510834099658435,
0.0342));
#10203=CARTESIAN_POINT('',(0.012357754618256,0.0493947703059619,0.0352));
#10204=CARTESIAN_POINT('Ctrl Pts',(0.012357754618256,0.0493947703059619,
0.0352));
#10205=CARTESIAN_POINT('Ctrl Pts',(0.0130944393030094,0.0497645660479968,
0.0352));
#10206=CARTESIAN_POINT('Ctrl Pts',(0.0133683034006046,0.0502221955760425,
0.0352));
#10207=CARTESIAN_POINT('Ctrl Pts',(0.0133683034006046,0.0510834099658435,
0.0352));
#10208=CARTESIAN_POINT('',(0.012357754618256,0.0493947703059619,0.0342));
#10209=CARTESIAN_POINT('',(0.012357754618256,0.0493947703059619,0.0352));
#10210=CARTESIAN_POINT('Ctrl Pts',(0.012357754618256,0.0493947703059619,
0.0342));
#10211=CARTESIAN_POINT('Ctrl Pts',(0.0130944393030094,0.0497645660479968,
0.0342));
#10212=CARTESIAN_POINT('Ctrl Pts',(0.0133683034006046,0.0502221955760425,
0.0342));
#10213=CARTESIAN_POINT('Ctrl Pts',(0.0133683034006046,0.0510834099658435,
0.0342));
#10214=CARTESIAN_POINT('Ctrl Pts',(0.010605154472916,0.0491425037272876,
0.0352));
#10215=CARTESIAN_POINT('Ctrl Pts',(0.010605154472916,0.0491425037272876,
0.0342));
#10216=CARTESIAN_POINT('Ctrl Pts',(0.011733583656876,0.0491425037272876,
0.0352));
#10217=CARTESIAN_POINT('Ctrl Pts',(0.011733583656876,0.0491425037272876,
0.0342));
#10218=CARTESIAN_POINT('Ctrl Pts',(0.0119041001382755,0.0491670468028491,
0.0352));
#10219=CARTESIAN_POINT('Ctrl Pts',(0.0119041001382755,0.0491670468028491,
0.0342));
#10220=CARTESIAN_POINT('Ctrl Pts',(0.012357754618256,0.0493947703059619,
0.0352));
#10221=CARTESIAN_POINT('Ctrl Pts',(0.012357754618256,0.0493947703059619,
0.0342));
#10222=CARTESIAN_POINT('Ctrl Pts',(0.010605154472916,0.0491425037272876,
0.0352));
#10223=CARTESIAN_POINT('Ctrl Pts',(0.011733583656876,0.0491425037272876,
0.0352));
#10224=CARTESIAN_POINT('Ctrl Pts',(0.0119041001382755,0.0491670468028491,
0.0352));
#10225=CARTESIAN_POINT('Ctrl Pts',(0.012357754618256,0.0493947703059619,
0.0352));
#10226=CARTESIAN_POINT('Ctrl Pts',(0.010605154472916,0.0491425037272876,
0.0342));
#10227=CARTESIAN_POINT('Ctrl Pts',(0.011733583656876,0.0491425037272876,
0.0342));
#10228=CARTESIAN_POINT('Ctrl Pts',(0.0119041001382755,0.0491670468028491,
0.0342));
#10229=CARTESIAN_POINT('Ctrl Pts',(0.012357754618256,0.0493947703059619,
0.0342));
#10230=CARTESIAN_POINT('Origin',(0.00935510480555759,0.0541034218486255,
0.0352));
#10231=CARTESIAN_POINT('',(0.00935510480555759,0.0541034218486255,0.0352));
#10232=CARTESIAN_POINT('',(0.0105059962812351,0.0541375622065967,0.0352));
#10233=CARTESIAN_POINT('',(0.0293486350795624,0.0546965153722876,0.0352));
#10234=CARTESIAN_POINT('',(0.00935510480555759,0.0541034218486255,0.0342));
#10235=CARTESIAN_POINT('',(0.00935510480555759,0.0541034218486255,0.0352));
#10236=CARTESIAN_POINT('',(0.0105059962812351,0.0541375622065967,0.0342));
#10237=CARTESIAN_POINT('',(0.00935510480555759,0.0541034218486255,0.0342));
#10238=CARTESIAN_POINT('',(0.0105059962812351,0.0541375622065967,0.0352));
#10239=CARTESIAN_POINT('Origin',(0.00935510480555759,0.0575972347529834,
0.0352));
#10240=CARTESIAN_POINT('',(0.00935510480555759,0.0575972347529834,0.0352));
#10241=CARTESIAN_POINT('',(0.00935510480555759,0.0423417662266759,0.0352));
#10242=CARTESIAN_POINT('',(0.00935510480555759,0.0575972347529834,0.0342));
#10243=CARTESIAN_POINT('',(0.00935510480555759,0.0575972347529834,0.0352));
#10244=CARTESIAN_POINT('',(0.00935510480555759,0.0575972347529834,0.0342));
#10245=CARTESIAN_POINT('Origin',(0.010498104321091,0.0575587148173755,0.0352));
#10246=CARTESIAN_POINT('',(0.010498104321091,0.0575587148173755,0.0352));
#10247=CARTESIAN_POINT('',(0.0308288313470045,0.0568735541630995,0.0352));
#10248=CARTESIAN_POINT('',(0.010498104321091,0.0575587148173755,0.0342));
#10249=CARTESIAN_POINT('',(0.010498104321091,0.0575587148173755,0.0352));
#10250=CARTESIAN_POINT('',(0.010498104321091,0.0575587148173755,0.0342));
#10251=CARTESIAN_POINT('Ctrl Pts',(0.0128542952886508,0.0559673342402881,
0.0352));
#10252=CARTESIAN_POINT('Ctrl Pts',(0.0128542952886508,0.0559673342402881,
0.0342));
#10253=CARTESIAN_POINT('Ctrl Pts',(0.0128660266462253,0.0570929171832507,
0.0352));
#10254=CARTESIAN_POINT('Ctrl Pts',(0.0128660266462253,0.0570929171832507,
0.0342));
#10255=CARTESIAN_POINT('Ctrl Pts',(0.0122645069185184,0.0574991859897082,
0.0352));
#10256=CARTESIAN_POINT('Ctrl Pts',(0.0122645069185184,0.0574991859897082,
0.0342));
#10257=CARTESIAN_POINT('Ctrl Pts',(0.010498104321091,0.0575587148173755,
0.0352));
#10258=CARTESIAN_POINT('Ctrl Pts',(0.010498104321091,0.0575587148173755,
0.0342));
#10259=CARTESIAN_POINT('',(0.0128542952886508,0.0559673342402881,0.0352));
#10260=CARTESIAN_POINT('Ctrl Pts',(0.0128542952886508,0.0559673342402881,
0.0352));
#10261=CARTESIAN_POINT('Ctrl Pts',(0.0128660266462253,0.0570929171832507,
0.0352));
#10262=CARTESIAN_POINT('Ctrl Pts',(0.0122645069185184,0.0574991859897082,
0.0352));
#10263=CARTESIAN_POINT('Ctrl Pts',(0.010498104321091,0.0575587148173755,
0.0352));
#10264=CARTESIAN_POINT('',(0.0128542952886508,0.0559673342402881,0.0342));
#10265=CARTESIAN_POINT('',(0.0128542952886508,0.0559673342402881,0.0352));
#10266=CARTESIAN_POINT('Ctrl Pts',(0.0128542952886508,0.0559673342402881,
0.0342));
#10267=CARTESIAN_POINT('Ctrl Pts',(0.0128660266462253,0.0570929171832507,
0.0342));
#10268=CARTESIAN_POINT('Ctrl Pts',(0.0122645069185184,0.0574991859897082,
0.0342));
#10269=CARTESIAN_POINT('Ctrl Pts',(0.010498104321091,0.0575587148173755,
0.0342));
#10270=CARTESIAN_POINT('Ctrl Pts',(0.0120779618612217,0.0544506729396289,
0.0352));
#10271=CARTESIAN_POINT('Ctrl Pts',(0.0120779618612217,0.0544506729396289,
0.0342));
#10272=CARTESIAN_POINT('Ctrl Pts',(0.0126257082239078,0.0548135601886218,
0.0352));
#10273=CARTESIAN_POINT('Ctrl Pts',(0.0126257082239078,0.0548135601886218,
0.0342));
#10274=CARTESIAN_POINT('Ctrl Pts',(0.0128467703119205,0.0552454306300586,
0.0352));
#10275=CARTESIAN_POINT('Ctrl Pts',(0.0128467703119205,0.0552454306300586,
0.0342));
#10276=CARTESIAN_POINT('Ctrl Pts',(0.0128542952886508,0.0559673342402881,
0.0352));
#10277=CARTESIAN_POINT('Ctrl Pts',(0.0128542952886508,0.0559673342402881,
0.0342));
#10278=CARTESIAN_POINT('',(0.0120779618612217,0.0544506729396289,0.0352));
#10279=CARTESIAN_POINT('Ctrl Pts',(0.0120779618612217,0.0544506729396289,
0.0352));
#10280=CARTESIAN_POINT('Ctrl Pts',(0.0126257082239078,0.0548135601886218,
0.0352));
#10281=CARTESIAN_POINT('Ctrl Pts',(0.0128467703119205,0.0552454306300586,
0.0352));
#10282=CARTESIAN_POINT('Ctrl Pts',(0.0128542952886508,0.0559673342402881,
0.0352));
#10283=CARTESIAN_POINT('',(0.0120779618612217,0.0544506729396289,0.0342));
#10284=CARTESIAN_POINT('',(0.0120779618612217,0.0544506729396289,0.0352));
#10285=CARTESIAN_POINT('Ctrl Pts',(0.0120779618612217,0.0544506729396289,
0.0342));
#10286=CARTESIAN_POINT('Ctrl Pts',(0.0126257082239078,0.0548135601886218,
0.0342));
#10287=CARTESIAN_POINT('Ctrl Pts',(0.0128467703119205,0.0552454306300586,
0.0342));
#10288=CARTESIAN_POINT('Ctrl Pts',(0.0128542952886508,0.0559673342402881,
0.0342));
#10289=CARTESIAN_POINT('Ctrl Pts',(0.0105059962812351,0.0541375622065967,
0.0352));
#10290=CARTESIAN_POINT('Ctrl Pts',(0.0105059962812351,0.0541375622065967,
0.0342));
#10291=CARTESIAN_POINT('Ctrl Pts',(0.0115613642755436,0.0541688684352344,
0.0352));
#10292=CARTESIAN_POINT('Ctrl Pts',(0.0115613642755436,0.0541688684352344,
0.0342));
#10293=CARTESIAN_POINT('Ctrl Pts',(0.0116918371740268,0.0541948624881213,
0.0352));
#10294=CARTESIAN_POINT('Ctrl Pts',(0.0116918371740268,0.0541948624881213,
0.0342));
#10295=CARTESIAN_POINT('Ctrl Pts',(0.0120779618612217,0.0544506729396289,
0.0352));
#10296=CARTESIAN_POINT('Ctrl Pts',(0.0120779618612217,0.0544506729396289,
0.0342));
#10297=CARTESIAN_POINT('Ctrl Pts',(0.0105059962812351,0.0541375622065967,
0.0352));
#10298=CARTESIAN_POINT('Ctrl Pts',(0.0115613642755436,0.0541688684352344,
0.0352));
#10299=CARTESIAN_POINT('Ctrl Pts',(0.0116918371740268,0.0541948624881213,
0.0352));
#10300=CARTESIAN_POINT('Ctrl Pts',(0.0120779618612217,0.0544506729396289,
0.0352));
#10301=CARTESIAN_POINT('Ctrl Pts',(0.0105059962812351,0.0541375622065967,
0.0342));
#10302=CARTESIAN_POINT('Ctrl Pts',(0.0115613642755436,0.0541688684352344,
0.0342));
#10303=CARTESIAN_POINT('Ctrl Pts',(0.0116918371740268,0.0541948624881213,
0.0342));
#10304=CARTESIAN_POINT('Ctrl Pts',(0.0120779618612217,0.0544506729396289,
0.0342));
#10305=CARTESIAN_POINT('Ctrl Pts',(0.0125299110189365,0.0482275862201159,
0.0352));
#10306=CARTESIAN_POINT('Ctrl Pts',(0.0125299110189365,0.0482275862201159,
0.0342));
#10307=CARTESIAN_POINT('Ctrl Pts',(0.0119750405755924,0.0480562061770862,
0.0352));
#10308=CARTESIAN_POINT('Ctrl Pts',(0.0119750405755924,0.0480562061770862,
0.0342));
#10309=CARTESIAN_POINT('Ctrl Pts',(0.011585082546799,0.048024904793114,
0.0352));
#10310=CARTESIAN_POINT('Ctrl Pts',(0.011585082546799,0.048024904793114,
0.0342));
#10311=CARTESIAN_POINT('Ctrl Pts',(0.0100048035207676,0.048024904793114,
0.0352));
#10312=CARTESIAN_POINT('Ctrl Pts',(0.0100048035207676,0.048024904793114,
0.0342));
#10313=CARTESIAN_POINT('',(0.0125299110189365,0.0482275862201159,0.0352));
#10314=CARTESIAN_POINT('',(0.0100048035207675,0.048024904793114,0.0352));
#10315=CARTESIAN_POINT('Ctrl Pts',(0.0125299110189365,0.0482275862201159,
0.0352));
#10316=CARTESIAN_POINT('Ctrl Pts',(0.0119750405755924,0.0480562061770862,
0.0352));
#10317=CARTESIAN_POINT('Ctrl Pts',(0.011585082546799,0.048024904793114,
0.0352));
#10318=CARTESIAN_POINT('Ctrl Pts',(0.0100048035207676,0.048024904793114,
0.0352));
#10319=CARTESIAN_POINT('',(0.0125299110189365,0.0482275862201159,0.0342));
#10320=CARTESIAN_POINT('',(0.0125299110189365,0.0482275862201159,0.0352));
#10321=CARTESIAN_POINT('',(0.0100048035207675,0.048024904793114,0.0342));
#10322=CARTESIAN_POINT('Ctrl Pts',(0.0125299110189365,0.0482275862201159,
0.0342));
#10323=CARTESIAN_POINT('Ctrl Pts',(0.0119750405755924,0.0480562061770862,
0.0342));
#10324=CARTESIAN_POINT('Ctrl Pts',(0.011585082546799,0.048024904793114,
0.0342));
#10325=CARTESIAN_POINT('Ctrl Pts',(0.0100048035207676,0.048024904793114,
0.0342));
#10326=CARTESIAN_POINT('',(0.0100048035207675,0.048024904793114,0.0352));
#10327=CARTESIAN_POINT('Ctrl Pts',(0.0143979607549594,0.0497990334208911,
0.0352));
#10328=CARTESIAN_POINT('Ctrl Pts',(0.0143979607549594,0.0497990334208911,
0.0342));
#10329=CARTESIAN_POINT('Ctrl Pts',(0.0140646138540195,0.0490831783755725,
0.0352));
#10330=CARTESIAN_POINT('Ctrl Pts',(0.0140646138540195,0.0490831783755725,
0.0342));
#10331=CARTESIAN_POINT('Ctrl Pts',(0.0133478552785801,0.0484802234157031,
0.0352));
#10332=CARTESIAN_POINT('Ctrl Pts',(0.0133478552785801,0.0484802234157031,
0.0342));
#10333=CARTESIAN_POINT('Ctrl Pts',(0.0125299110189365,0.0482275862201159,
0.0352));
#10334=CARTESIAN_POINT('Ctrl Pts',(0.0125299110189365,0.0482275862201159,
0.0342));
#10335=CARTESIAN_POINT('',(0.0143979607549594,0.0497990334208911,0.0352));
#10336=CARTESIAN_POINT('Ctrl Pts',(0.0143979607549594,0.0497990334208911,
0.0352));
#10337=CARTESIAN_POINT('Ctrl Pts',(0.0140646138540195,0.0490831783755725,
0.0352));
#10338=CARTESIAN_POINT('Ctrl Pts',(0.0133478552785801,0.0484802234157031,
0.0352));
#10339=CARTESIAN_POINT('Ctrl Pts',(0.0125299110189365,0.0482275862201159,
0.0352));
#10340=CARTESIAN_POINT('',(0.0143979607549594,0.0497990334208911,0.0342));
#10341=CARTESIAN_POINT('',(0.0143979607549594,0.0497990334208911,0.0352));
#10342=CARTESIAN_POINT('Ctrl Pts',(0.0143979607549594,0.0497990334208911,
0.0342));
#10343=CARTESIAN_POINT('Ctrl Pts',(0.0140646138540195,0.0490831783755725,
0.0342));
#10344=CARTESIAN_POINT('Ctrl Pts',(0.0133478552785801,0.0484802234157031,
0.0342));
#10345=CARTESIAN_POINT('Ctrl Pts',(0.0125299110189365,0.0482275862201159,
0.0342));
#10346=CARTESIAN_POINT('Ctrl Pts',(0.0145382259336399,0.0519873034366077,
0.0352));
#10347=CARTESIAN_POINT('Ctrl Pts',(0.0145382259336399,0.0519873034366077,
0.0342));
#10348=CARTESIAN_POINT('Ctrl Pts',(0.0147205585542606,0.0513320163997119,
0.0352));
#10349=CARTESIAN_POINT('Ctrl Pts',(0.0147205585542606,0.0513320163997119,
0.0342));
#10350=CARTESIAN_POINT('Ctrl Pts',(0.0146581047597812,0.0503576887591785,
0.0352));
#10351=CARTESIAN_POINT('Ctrl Pts',(0.0146581047597812,0.0503576887591785,
0.0342));
#10352=CARTESIAN_POINT('Ctrl Pts',(0.0143979607549594,0.0497990334208911,
0.0352));
#10353=CARTESIAN_POINT('Ctrl Pts',(0.0143979607549594,0.0497990334208911,
0.0342));
#10354=CARTESIAN_POINT('',(0.0145382259336399,0.0519873034366077,0.0352));
#10355=CARTESIAN_POINT('Ctrl Pts',(0.0145382259336399,0.0519873034366077,
0.0352));
#10356=CARTESIAN_POINT('Ctrl Pts',(0.0147205585542606,0.0513320163997119,
0.0352));
#10357=CARTESIAN_POINT('Ctrl Pts',(0.0146581047597812,0.0503576887591785,
0.0352));
#10358=CARTESIAN_POINT('Ctrl Pts',(0.0143979607549594,0.0497990334208911,
0.0352));
#10359=CARTESIAN_POINT('',(0.0145382259336399,0.0519873034366077,0.0342));
#10360=CARTESIAN_POINT('',(0.0145382259336399,0.0519873034366077,0.0352));
#10361=CARTESIAN_POINT('Ctrl Pts',(0.0145382259336399,0.0519873034366077,
0.0342));
#10362=CARTESIAN_POINT('Ctrl Pts',(0.0147205585542606,0.0513320163997119,
0.0342));
#10363=CARTESIAN_POINT('Ctrl Pts',(0.0146581047597812,0.0503576887591785,
0.0342));
#10364=CARTESIAN_POINT('Ctrl Pts',(0.0143979607549594,0.0497990334208911,
0.0342));
#10365=CARTESIAN_POINT('Ctrl Pts',(0.0126332816472934,0.0535974861606067,
0.0352));
#10366=CARTESIAN_POINT('Ctrl Pts',(0.0126332816472934,0.0535974861606067,
0.0342));
#10367=CARTESIAN_POINT('Ctrl Pts',(0.0135403931871341,0.0533991189082568,
0.0352));
#10368=CARTESIAN_POINT('Ctrl Pts',(0.0135403931871341,0.0533991189082568,
0.0342));
#10369=CARTESIAN_POINT('Ctrl Pts',(0.0143314398637699,0.0527304727061694,
0.0352));
#10370=CARTESIAN_POINT('Ctrl Pts',(0.0143314398637699,0.0527304727061694,
0.0342));
#10371=CARTESIAN_POINT('Ctrl Pts',(0.0145382259336399,0.0519873034366077,
0.0352));
#10372=CARTESIAN_POINT('Ctrl Pts',(0.0145382259336399,0.0519873034366077,
0.0342));
#10373=CARTESIAN_POINT('',(0.0126332816472934,0.0535974861606067,0.0352));
#10374=CARTESIAN_POINT('Ctrl Pts',(0.0126332816472934,0.0535974861606067,
0.0352));
#10375=CARTESIAN_POINT('Ctrl Pts',(0.0135403931871341,0.0533991189082568,
0.0352));
#10376=CARTESIAN_POINT('Ctrl Pts',(0.0143314398637699,0.0527304727061694,
0.0352));
#10377=CARTESIAN_POINT('Ctrl Pts',(0.0145382259336399,0.0519873034366077,
0.0352));
#10378=CARTESIAN_POINT('',(0.0126332816472934,0.0535974861606067,0.0342));
#10379=CARTESIAN_POINT('',(0.0126332816472934,0.0535974861606067,0.0352));
#10380=CARTESIAN_POINT('Ctrl Pts',(0.0126332816472934,0.0535974861606067,
0.0342));
#10381=CARTESIAN_POINT('Ctrl Pts',(0.0135403931871341,0.0533991189082568,
0.0342));
#10382=CARTESIAN_POINT('Ctrl Pts',(0.0143314398637699,0.0527304727061694,
0.0342));
#10383=CARTESIAN_POINT('Ctrl Pts',(0.0145382259336399,0.0519873034366077,
0.0342));
#10384=CARTESIAN_POINT('Origin',(0.0122507032552646,0.0536811511119311,
0.0352));
#10385=CARTESIAN_POINT('',(0.0122507032552646,0.0536811511119311,0.0352));
#10386=CARTESIAN_POINT('',(0.0331244578193263,0.0491163306831036,0.0352));
#10387=CARTESIAN_POINT('',(0.0122507032552646,0.0536811511119311,0.0342));
#10388=CARTESIAN_POINT('',(0.0122507032552646,0.0536811511119311,0.0352));
#10389=CARTESIAN_POINT('',(0.0122507032552646,0.0536811511119311,0.0342));
#10390=CARTESIAN_POINT('Origin',(0.012606302916138,0.0538348311694568,0.0352));
#10391=CARTESIAN_POINT('',(0.012606302916138,0.0538348311694568,0.0352));
#10392=CARTESIAN_POINT('',(0.0235656668045297,0.0585711564760547,0.0352));
#10393=CARTESIAN_POINT('',(0.012606302916138,0.0538348311694568,0.0342));
#10394=CARTESIAN_POINT('',(0.012606302916138,0.0538348311694568,0.0352));
#10395=CARTESIAN_POINT('',(0.012606302916138,0.0538348311694568,0.0342));
#10396=CARTESIAN_POINT('Ctrl Pts',(0.0133617146554874,0.0579606573375171,
0.0352));
#10397=CARTESIAN_POINT('Ctrl Pts',(0.0133617146554874,0.0579606573375171,
0.0342));
#10398=CARTESIAN_POINT('Ctrl Pts',(0.0146820664754795,0.0568723129161304,
0.0352));
#10399=CARTESIAN_POINT('Ctrl Pts',(0.0146820664754795,0.0568723129161304,
0.0342));
#10400=CARTESIAN_POINT('Ctrl Pts',(0.0142565013662265,0.0545480022700732,
0.0352));
#10401=CARTESIAN_POINT('Ctrl Pts',(0.0142565013662265,0.0545480022700732,
0.0342));
#10402=CARTESIAN_POINT('Ctrl Pts',(0.012606302916138,0.0538348311694568,
0.0352));
#10403=CARTESIAN_POINT('Ctrl Pts',(0.012606302916138,0.0538348311694568,
0.0342));
#10404=CARTESIAN_POINT('',(0.0133617146554874,0.0579606573375171,0.0352));
#10405=CARTESIAN_POINT('Ctrl Pts',(0.0133617146554874,0.0579606573375171,
0.0352));
#10406=CARTESIAN_POINT('Ctrl Pts',(0.0146820664754795,0.0568723129161304,
0.0352));
#10407=CARTESIAN_POINT('Ctrl Pts',(0.0142565013662265,0.0545480022700732,
0.0352));
#10408=CARTESIAN_POINT('Ctrl Pts',(0.012606302916138,0.0538348311694568,
0.0352));
#10409=CARTESIAN_POINT('',(0.0133617146554874,0.0579606573375171,0.0342));
#10410=CARTESIAN_POINT('',(0.0133617146554874,0.0579606573375171,0.0352));
#10411=CARTESIAN_POINT('Ctrl Pts',(0.0133617146554874,0.0579606573375171,
0.0342));
#10412=CARTESIAN_POINT('Ctrl Pts',(0.0146820664754795,0.0568723129161304,
0.0342));
#10413=CARTESIAN_POINT('Ctrl Pts',(0.0142565013662265,0.0545480022700732,
0.0342));
#10414=CARTESIAN_POINT('Ctrl Pts',(0.012606302916138,0.0538348311694568,
0.0342));
#10415=CARTESIAN_POINT('Ctrl Pts',(0.0100917034974979,0.0586665081485217,
0.0352));
#10416=CARTESIAN_POINT('Ctrl Pts',(0.0100917034974979,0.0586665081485217,
0.0342));
#10417=CARTESIAN_POINT('Ctrl Pts',(0.0122550779882358,0.0586082340892261,
0.0352));
#10418=CARTESIAN_POINT('Ctrl Pts',(0.0122550779882358,0.0586082340892261,
0.0342));
#10419=CARTESIAN_POINT('Ctrl Pts',(0.0126899836126255,0.05851435658297,
0.0352));
#10420=CARTESIAN_POINT('Ctrl Pts',(0.0126899836126255,0.05851435658297,
0.0342));
#10421=CARTESIAN_POINT('Ctrl Pts',(0.0133617146554874,0.0579606573375171,
0.0352));
#10422=CARTESIAN_POINT('Ctrl Pts',(0.0133617146554874,0.0579606573375171,
0.0342));
#10423=CARTESIAN_POINT('',(0.0100917034974979,0.0586665081485217,0.0352));
#10424=CARTESIAN_POINT('Ctrl Pts',(0.0100917034974979,0.0586665081485217,
0.0352));
#10425=CARTESIAN_POINT('Ctrl Pts',(0.0122550779882358,0.0586082340892261,
0.0352));
#10426=CARTESIAN_POINT('Ctrl Pts',(0.0126899836126255,0.05851435658297,
0.0352));
#10427=CARTESIAN_POINT('Ctrl Pts',(0.0133617146554874,0.0579606573375171,
0.0352));
#10428=CARTESIAN_POINT('',(0.0100917034974979,0.0586665081485217,0.0342));
#10429=CARTESIAN_POINT('',(0.0100917034974979,0.0586665081485217,0.0352));
#10430=CARTESIAN_POINT('Ctrl Pts',(0.0100917034974979,0.0586665081485217,
0.0342));
#10431=CARTESIAN_POINT('Ctrl Pts',(0.0122550779882358,0.0586082340892261,
0.0342));
#10432=CARTESIAN_POINT('Ctrl Pts',(0.0126899836126255,0.05851435658297,
0.0342));
#10433=CARTESIAN_POINT('Ctrl Pts',(0.0133617146554874,0.0579606573375171,
0.0342));
#10434=CARTESIAN_POINT('Origin',(0.00813590354594455,0.0587191938861316,
0.0352));
#10435=CARTESIAN_POINT('',(0.00813590354594455,0.0587191938861316,0.0352));
#10436=CARTESIAN_POINT('',(0.0295678640382767,0.0581418553674007,0.0352));
#10437=CARTESIAN_POINT('',(0.00813590354594455,0.0587191938861316,0.0342));
#10438=CARTESIAN_POINT('',(0.00813590354594455,0.0587191938861316,0.0352));
#10439=CARTESIAN_POINT('',(0.00813590354594455,0.0587191938861316,0.0342));
#10440=CARTESIAN_POINT('Origin',(0.00813590354594455,0.0533720493396228,
0.0352));
#10441=CARTESIAN_POINT('',(0.00813590354594455,0.0533720493396228,0.0352));
#10442=CARTESIAN_POINT('',(0.00813590354594456,0.0402291735199956,0.0352));
#10443=CARTESIAN_POINT('',(0.00813590354594455,0.0533720493396228,0.0342));
#10444=CARTESIAN_POINT('',(0.00813590354594455,0.0533720493396228,0.0352));
#10445=CARTESIAN_POINT('',(0.00813590354594455,0.0533720493396228,0.0342));
#10446=CARTESIAN_POINT('Origin',(0.00813590596827732,0.048024904793114,
0.0352));
#10447=CARTESIAN_POINT('',(0.00813590596827732,0.048024904793114,0.0352));
#10448=CARTESIAN_POINT('',(0.0081359107110255,0.0375555917237289,0.0352));
#10449=CARTESIAN_POINT('',(0.00813590596827732,0.048024904793114,0.0342));
#10450=CARTESIAN_POINT('',(0.00813590596827732,0.048024904793114,0.0352));
#10451=CARTESIAN_POINT('',(0.00813590596827732,0.048024904793114,0.0342));
#10452=CARTESIAN_POINT('Origin',(0.0100048035207675,0.048024904793114,0.0352));
#10453=CARTESIAN_POINT('',(0.0300917997868501,0.0480249047931141,0.0352));
#10454=CARTESIAN_POINT('',(0.0100048035207675,0.048024904793114,0.0342));
#10455=CARTESIAN_POINT('Origin',(0.0114282310501026,0.0533720493396228,
0.0342));
#10456=CARTESIAN_POINT('Ctrl Pts',(0.0257127013173984,0.0521693926127856,
0.0352));
#10457=CARTESIAN_POINT('Ctrl Pts',(0.0257127013173984,0.0521693926127856,
0.0342));
#10458=CARTESIAN_POINT('Ctrl Pts',(0.0257127013173984,0.0521251244815295,
0.0352));
#10459=CARTESIAN_POINT('Ctrl Pts',(0.0257127013173984,0.0521251244815295,
0.0342));
#10460=CARTESIAN_POINT('Ctrl Pts',(0.0265409937826084,0.0520889033397143,
0.0352));
#10461=CARTESIAN_POINT('Ctrl Pts',(0.0265409937826084,0.0520889033397143,
0.0342));
#10462=CARTESIAN_POINT('Ctrl Pts',(0.0275533496251987,0.0520889033397143,
0.0352));
#10463=CARTESIAN_POINT('Ctrl Pts',(0.0275533496251987,0.0520889033397143,
0.0342));
#10464=CARTESIAN_POINT('',(0.0257127013173984,0.0521693926127856,0.0352));
#10465=CARTESIAN_POINT('',(0.0275533496251987,0.0520889033397143,0.0352));
#10466=CARTESIAN_POINT('Ctrl Pts',(0.0257127013173984,0.0521693926127856,
0.0352));
#10467=CARTESIAN_POINT('Ctrl Pts',(0.0257127013173984,0.0521251244815295,
0.0352));
#10468=CARTESIAN_POINT('Ctrl Pts',(0.0265409937826084,0.0520889033397143,
0.0352));
#10469=CARTESIAN_POINT('Ctrl Pts',(0.0275533496251987,0.0520889033397143,
0.0352));
#10470=CARTESIAN_POINT('',(0.0257127013173984,0.0521693926127856,0.0342));
#10471=CARTESIAN_POINT('',(0.0257127013173984,0.0521693926127856,0.0352));
#10472=CARTESIAN_POINT('',(0.0275533496251987,0.0520889033397143,0.0342));
#10473=CARTESIAN_POINT('Ctrl Pts',(0.0257127013173984,0.0521693926127856,
0.0342));
#10474=CARTESIAN_POINT('Ctrl Pts',(0.0257127013173984,0.0521251244815295,
0.0342));
#10475=CARTESIAN_POINT('Ctrl Pts',(0.0265409937826084,0.0520889033397143,
0.0342));
#10476=CARTESIAN_POINT('Ctrl Pts',(0.0275533496251987,0.0520889033397143,
0.0342));
#10477=CARTESIAN_POINT('',(0.0275533496251987,0.0520889033397143,0.0352));
#10478=CARTESIAN_POINT('Ctrl Pts',(0.0265763017049717,0.0546170266421741,
0.0352));
#10479=CARTESIAN_POINT('Ctrl Pts',(0.0265763017049717,0.0546170266421741,
0.0342));
#10480=CARTESIAN_POINT('Ctrl Pts',(0.0261013234296726,0.0533150954516833,
0.0352));
#10481=CARTESIAN_POINT('Ctrl Pts',(0.0261013234296726,0.0533150954516833,
0.0342));
#10482=CARTESIAN_POINT('Ctrl Pts',(0.0257127013173984,0.0522136631663745,
0.0352));
#10483=CARTESIAN_POINT('Ctrl Pts',(0.0257127013173984,0.0522136631663745,
0.0342));
#10484=CARTESIAN_POINT('Ctrl Pts',(0.0257127013173984,0.0521693926127856,
0.0352));
#10485=CARTESIAN_POINT('Ctrl Pts',(0.0257127013173984,0.0521693926127856,
0.0342));
#10486=CARTESIAN_POINT('',(0.0265763017049717,0.0546170266421741,0.0352));
#10487=CARTESIAN_POINT('Ctrl Pts',(0.0265763017049717,0.0546170266421741,
0.0352));
#10488=CARTESIAN_POINT('Ctrl Pts',(0.0261013234296726,0.0533150954516833,
0.0352));
#10489=CARTESIAN_POINT('Ctrl Pts',(0.0257127013173984,0.0522136631663745,
0.0352));
#10490=CARTESIAN_POINT('Ctrl Pts',(0.0257127013173984,0.0521693926127856,
0.0352));
#10491=CARTESIAN_POINT('',(0.0265763017049717,0.0546170266421741,0.0342));
#10492=CARTESIAN_POINT('',(0.0265763017049717,0.0546170266421741,0.0352));
#10493=CARTESIAN_POINT('Ctrl Pts',(0.0265763017049717,0.0546170266421741,
0.0342));
#10494=CARTESIAN_POINT('Ctrl Pts',(0.0261013234296726,0.0533150954516833,
0.0342));
#10495=CARTESIAN_POINT('Ctrl Pts',(0.0257127013173984,0.0522136631663745,
0.0342));
#10496=CARTESIAN_POINT('Ctrl Pts',(0.0257127013173984,0.0521693926127856,
0.0342));
#10497=CARTESIAN_POINT('Ctrl Pts',(0.0274399020925449,0.0571841349681323,
0.0352));
#10498=CARTESIAN_POINT('Ctrl Pts',(0.0274399020925449,0.0571841349681323,
0.0342));
#10499=CARTESIAN_POINT('Ctrl Pts',(0.0274399020925449,0.0570741562159961,
0.0352));
#10500=CARTESIAN_POINT('Ctrl Pts',(0.0274399020925449,0.0570741562159961,
0.0342));
#10501=CARTESIAN_POINT('Ctrl Pts',(0.0270512824026035,0.0559189578326648,
0.0352));
#10502=CARTESIAN_POINT('Ctrl Pts',(0.0270512824026035,0.0559189578326648,
0.0342));
#10503=CARTESIAN_POINT('Ctrl Pts',(0.0265763017049717,0.0546170266421741,
0.0352));
#10504=CARTESIAN_POINT('Ctrl Pts',(0.0265763017049717,0.0546170266421741,
0.0342));
#10505=CARTESIAN_POINT('',(0.0274399020925449,0.0571841349681323,0.0352));
#10506=CARTESIAN_POINT('Ctrl Pts',(0.0274399020925449,0.0571841349681323,
0.0352));
#10507=CARTESIAN_POINT('Ctrl Pts',(0.0274399020925449,0.0570741562159961,
0.0352));
#10508=CARTESIAN_POINT('Ctrl Pts',(0.0270512824026035,0.0559189578326648,
0.0352));
#10509=CARTESIAN_POINT('Ctrl Pts',(0.0265763017049717,0.0546170266421741,
0.0352));
#10510=CARTESIAN_POINT('',(0.0274399020925449,0.0571841349681323,0.0342));
#10511=CARTESIAN_POINT('',(0.0274399020925449,0.0571841349681323,0.0352));
#10512=CARTESIAN_POINT('Ctrl Pts',(0.0274399020925449,0.0571841349681323,
0.0342));
#10513=CARTESIAN_POINT('Ctrl Pts',(0.0274399020925449,0.0570741562159961,
0.0342));
#10514=CARTESIAN_POINT('Ctrl Pts',(0.0270512824026035,0.0559189578326648,
0.0342));
#10515=CARTESIAN_POINT('Ctrl Pts',(0.0265763017049717,0.0546170266421741,
0.0342));
#10516=CARTESIAN_POINT('Ctrl Pts',(0.0275415019956516,0.0573213044055408,
0.0352));
#10517=CARTESIAN_POINT('Ctrl Pts',(0.0275415019956516,0.0573213044055408,
0.0342));
#10518=CARTESIAN_POINT('Ctrl Pts',(0.0274856212011264,0.0573558396037524,
0.0352));
#10519=CARTESIAN_POINT('Ctrl Pts',(0.0274856212011264,0.0573558396037524,
0.0342));
#10520=CARTESIAN_POINT('Ctrl Pts',(0.0274399020925449,0.0572941258319324,
0.0352));
#10521=CARTESIAN_POINT('Ctrl Pts',(0.0274399020925449,0.0572941258319324,
0.0342));
#10522=CARTESIAN_POINT('Ctrl Pts',(0.0274399020925449,0.0571841349681323,
0.0352));
#10523=CARTESIAN_POINT('Ctrl Pts',(0.0274399020925449,0.0571841349681323,
0.0342));
#10524=CARTESIAN_POINT('',(0.0275415019956516,0.0573213044055408,0.0352));
#10525=CARTESIAN_POINT('Ctrl Pts',(0.0275415019956516,0.0573213044055408,
0.0352));
#10526=CARTESIAN_POINT('Ctrl Pts',(0.0274856212011264,0.0573558396037524,
0.0352));
#10527=CARTESIAN_POINT('Ctrl Pts',(0.0274399020925449,0.0572941258319324,
0.0352));
#10528=CARTESIAN_POINT('Ctrl Pts',(0.0274399020925449,0.0571841349681323,
0.0352));
#10529=CARTESIAN_POINT('',(0.0275415019956516,0.0573213044055408,0.0342));
#10530=CARTESIAN_POINT('',(0.0275415019956516,0.0573213044055408,0.0352));
#10531=CARTESIAN_POINT('Ctrl Pts',(0.0275415019956516,0.0573213044055408,
0.0342));
#10532=CARTESIAN_POINT('Ctrl Pts',(0.0274856212011264,0.0573558396037524,
0.0342));
#10533=CARTESIAN_POINT('Ctrl Pts',(0.0274399020925449,0.0572941258319324,
0.0342));
#10534=CARTESIAN_POINT('Ctrl Pts',(0.0274399020925449,0.0571841349681323,
0.0342));
#10535=CARTESIAN_POINT('Ctrl Pts',(0.0276431018987583,0.0570792842944568,
0.0352));
#10536=CARTESIAN_POINT('Ctrl Pts',(0.0276431018987583,0.0570792842944568,
0.0342));
#10537=CARTESIAN_POINT('Ctrl Pts',(0.0276431018987583,0.0571778587039416,
0.0352));
#10538=CARTESIAN_POINT('Ctrl Pts',(0.0276431018987583,0.0571778587039416,
0.0342));
#10539=CARTESIAN_POINT('Ctrl Pts',(0.0275973827901767,0.0572867716296619,
0.0352));
#10540=CARTESIAN_POINT('Ctrl Pts',(0.0275973827901767,0.0572867716296619,
0.0342));
#10541=CARTESIAN_POINT('Ctrl Pts',(0.0275415019956516,0.0573213044055408,
0.0352));
#10542=CARTESIAN_POINT('Ctrl Pts',(0.0275415019956516,0.0573213044055408,
0.0342));
#10543=CARTESIAN_POINT('',(0.0276431018987583,0.0570792842944568,0.0352));
#10544=CARTESIAN_POINT('Ctrl Pts',(0.0276431018987583,0.0570792842944568,
0.0352));
#10545=CARTESIAN_POINT('Ctrl Pts',(0.0276431018987583,0.0571778587039416,
0.0352));
#10546=CARTESIAN_POINT('Ctrl Pts',(0.0275973827901767,0.0572867716296619,
0.0352));
#10547=CARTESIAN_POINT('Ctrl Pts',(0.0275415019956516,0.0573213044055408,
0.0352));
#10548=CARTESIAN_POINT('',(0.0276431018987583,0.0570792842944568,0.0342));
#10549=CARTESIAN_POINT('',(0.0276431018987583,0.0570792842944568,0.0352));
#10550=CARTESIAN_POINT('Ctrl Pts',(0.0276431018987583,0.0570792842944568,
0.0342));
#10551=CARTESIAN_POINT('Ctrl Pts',(0.0276431018987583,0.0571778587039416,
0.0342));
#10552=CARTESIAN_POINT('Ctrl Pts',(0.0275973827901767,0.0572867716296619,
0.0342));
#10553=CARTESIAN_POINT('Ctrl Pts',(0.0275415019956516,0.0573213044055408,
0.0342));
#10554=CARTESIAN_POINT('Ctrl Pts',(0.0284677996221469,0.0546722776301806,
0.0352));
#10555=CARTESIAN_POINT('Ctrl Pts',(0.0284677996221469,0.0546722776301806,
0.0342));
#10556=CARTESIAN_POINT('Ctrl Pts',(0.0280142202344822,0.055897554100365,
0.0352));
#10557=CARTESIAN_POINT('Ctrl Pts',(0.0280142202344822,0.055897554100365,
0.0342));
#10558=CARTESIAN_POINT('Ctrl Pts',(0.0276431018987583,0.0569807050403064,
0.0352));
#10559=CARTESIAN_POINT('Ctrl Pts',(0.0276431018987583,0.0569807050403064,
0.0342));
#10560=CARTESIAN_POINT('Ctrl Pts',(0.0276431018987583,0.0570792842944568,
0.0352));
#10561=CARTESIAN_POINT('Ctrl Pts',(0.0276431018987583,0.0570792842944568,
0.0342));
#10562=CARTESIAN_POINT('',(0.0284677996221469,0.0546722776301806,0.0352));
#10563=CARTESIAN_POINT('Ctrl Pts',(0.0284677996221469,0.0546722776301806,
0.0352));
#10564=CARTESIAN_POINT('Ctrl Pts',(0.0280142202344822,0.055897554100365,
0.0352));
#10565=CARTESIAN_POINT('Ctrl Pts',(0.0276431018987583,0.0569807050403064,
0.0352));
#10566=CARTESIAN_POINT('Ctrl Pts',(0.0276431018987583,0.0570792842944568,
0.0352));
#10567=CARTESIAN_POINT('',(0.0284677996221469,0.0546722776301806,0.0342));
#10568=CARTESIAN_POINT('',(0.0284677996221469,0.0546722776301806,0.0352));
#10569=CARTESIAN_POINT('Ctrl Pts',(0.0284677996221469,0.0546722776301806,
0.0342));
#10570=CARTESIAN_POINT('Ctrl Pts',(0.0280142202344822,0.055897554100365,
0.0342));
#10571=CARTESIAN_POINT('Ctrl Pts',(0.0276431018987583,0.0569807050403064,
0.0342));
#10572=CARTESIAN_POINT('Ctrl Pts',(0.0276431018987583,0.0570792842944568,
0.0342));
#10573=CARTESIAN_POINT('Ctrl Pts',(0.0293432476392673,0.0522667049869006,
0.0352));
#10574=CARTESIAN_POINT('Ctrl Pts',(0.0293432476392673,0.0522667049869006,
0.0342));
#10575=CARTESIAN_POINT('Ctrl Pts',(0.029315339943497,0.0523644945605701,
0.0352));
#10576=CARTESIAN_POINT('Ctrl Pts',(0.029315339943497,0.0523644945605701,
0.0342));
#10577=CARTESIAN_POINT('Ctrl Pts',(0.0289213814321445,0.0534470060046618,
0.0352));
#10578=CARTESIAN_POINT('Ctrl Pts',(0.0289213814321445,0.0534470060046618,
0.0342));
#10579=CARTESIAN_POINT('Ctrl Pts',(0.0284677996221469,0.0546722776301806,
0.0352));
#10580=CARTESIAN_POINT('Ctrl Pts',(0.0284677996221469,0.0546722776301806,
0.0342));
#10581=CARTESIAN_POINT('',(0.0293432476392673,0.0522667049869006,0.0352));
#10582=CARTESIAN_POINT('Ctrl Pts',(0.0293432476392673,0.0522667049869006,
0.0352));
#10583=CARTESIAN_POINT('Ctrl Pts',(0.029315339943497,0.0523644945605701,
0.0352));
#10584=CARTESIAN_POINT('Ctrl Pts',(0.0289213814321445,0.0534470060046618,
0.0352));
#10585=CARTESIAN_POINT('Ctrl Pts',(0.0284677996221469,0.0546722776301806,
0.0352));
#10586=CARTESIAN_POINT('',(0.0293432476392673,0.0522667049869006,0.0342));
#10587=CARTESIAN_POINT('',(0.0293432476392673,0.0522667049869006,0.0352));
#10588=CARTESIAN_POINT('Ctrl Pts',(0.0293432476392673,0.0522667049869006,
0.0342));
#10589=CARTESIAN_POINT('Ctrl Pts',(0.029315339943497,0.0523644945605701,
0.0342));
#10590=CARTESIAN_POINT('Ctrl Pts',(0.0289213814321445,0.0534470060046618,
0.0342));
#10591=CARTESIAN_POINT('Ctrl Pts',(0.0284677996221469,0.0546722776301806,
0.0342));
#10592=CARTESIAN_POINT('Ctrl Pts',(0.0275533496251987,0.0520889033397143,
0.0352));
#10593=CARTESIAN_POINT('Ctrl Pts',(0.0275533496251987,0.0520889033397143,
0.0342));
#10594=CARTESIAN_POINT('Ctrl Pts',(0.0292579524579929,0.0520889033397143,
0.0352));
#10595=CARTESIAN_POINT('Ctrl Pts',(0.0292579524579929,0.0520889033397143,
0.0342));
#10596=CARTESIAN_POINT('Ctrl Pts',(0.0293902530065464,0.05210204691729,
0.0352));
#10597=CARTESIAN_POINT('Ctrl Pts',(0.0293902530065464,0.05210204691729,
0.0342));
#10598=CARTESIAN_POINT('Ctrl Pts',(0.0293432476392673,0.0522667049869006,
0.0352));
#10599=CARTESIAN_POINT('Ctrl Pts',(0.0293432476392673,0.0522667049869006,
0.0342));
#10600=CARTESIAN_POINT('Ctrl Pts',(0.0275533496251987,0.0520889033397143,
0.0352));
#10601=CARTESIAN_POINT('Ctrl Pts',(0.0292579524579929,0.0520889033397143,
0.0352));
#10602=CARTESIAN_POINT('Ctrl Pts',(0.0293902530065464,0.05210204691729,
0.0352));
#10603=CARTESIAN_POINT('Ctrl Pts',(0.0293432476392673,0.0522667049869006,
0.0352));
#10604=CARTESIAN_POINT('Ctrl Pts',(0.0275533496251987,0.0520889033397143,
0.0342));
#10605=CARTESIAN_POINT('Ctrl Pts',(0.0292579524579929,0.0520889033397143,
0.0342));
#10606=CARTESIAN_POINT('Ctrl Pts',(0.0293902530065464,0.05210204691729,
0.0342));
#10607=CARTESIAN_POINT('Ctrl Pts',(0.0293432476392673,0.0522667049869006,
0.0342));
#10608=CARTESIAN_POINT('Origin',(0.024723357636063,0.0495235051806872,0.0352));
#10609=CARTESIAN_POINT('',(0.024723357636063,0.0495235051806872,0.0352));
#10610=CARTESIAN_POINT('',(0.0242160557523655,0.0480757059558337,0.0352));
#10611=CARTESIAN_POINT('',(0.0226140547777158,0.0435037225986906,0.0352));
#10612=CARTESIAN_POINT('',(0.024723357636063,0.0495235051806872,0.0342));
#10613=CARTESIAN_POINT('',(0.024723357636063,0.0495235051806872,0.0352));
#10614=CARTESIAN_POINT('',(0.0242160557523655,0.0480757059558337,0.0342));
#10615=CARTESIAN_POINT('',(0.024723357636063,0.0495235051806872,0.0342));
#10616=CARTESIAN_POINT('',(0.0242160557523655,0.0480757059558337,0.0352));
#10617=CARTESIAN_POINT('Origin',(0.0252306619420932,0.0509713068278735,
0.0352));
#10618=CARTESIAN_POINT('',(0.0252306619420932,0.0509713068278735,0.0352));
#10619=CARTESIAN_POINT('',(0.0228677061360469,0.0442276398265173,0.0352));
#10620=CARTESIAN_POINT('',(0.0252306619420932,0.0509713068278735,0.0342));
#10621=CARTESIAN_POINT('',(0.0252306619420932,0.0509713068278735,0.0352));
#10622=CARTESIAN_POINT('',(0.0252306619420932,0.0509713068278735,0.0342));
#10623=CARTESIAN_POINT('Origin',(0.0298337143102573,0.0509713068278735,
0.0352));
#10624=CARTESIAN_POINT('',(0.0298337143102573,0.0509713068278735,0.0352));
#10625=CARTESIAN_POINT('',(0.040006255181595,0.0509713068278735,0.0352));
#10626=CARTESIAN_POINT('',(0.0298337143102573,0.0509713068278735,0.0342));
#10627=CARTESIAN_POINT('',(0.0298337143102573,0.0509713068278735,0.0352));
#10628=CARTESIAN_POINT('',(0.0275321881261753,0.0509713068278735,0.0342));
#10629=CARTESIAN_POINT('Origin',(0.0303793447652744,0.0494981070216601,
0.0352));
#10630=CARTESIAN_POINT('',(0.0303793447652744,0.0494981070216601,0.0352));
#10631=CARTESIAN_POINT('',(0.0352232210744104,0.0364196624914381,0.0352));
#10632=CARTESIAN_POINT('',(0.0303793447652744,0.0494981070216601,0.0342));
#10633=CARTESIAN_POINT('',(0.0303793447652744,0.0494981070216601,0.0352));
#10634=CARTESIAN_POINT('',(0.0303793447652744,0.0494981070216601,0.0342));
#10635=CARTESIAN_POINT('Origin',(0.0309249776426242,0.0480249072154468,
0.0352));
#10636=CARTESIAN_POINT('',(0.0309249776426242,0.0480249072154468,0.0352));
#10637=CARTESIAN_POINT('',(0.035496059131037,0.0356830622818663,0.0352));
#10638=CARTESIAN_POINT('',(0.0309249776426242,0.0480249072154468,0.0342));
#10639=CARTESIAN_POINT('',(0.0309249776426242,0.0480249072154468,0.0352));
#10640=CARTESIAN_POINT('',(0.0309249776426242,0.0480249072154468,0.0342));
#10641=CARTESIAN_POINT('Origin',(0.0315700424352573,0.0480249072154468,
0.0352));
#10642=CARTESIAN_POINT('',(0.0315700424352573,0.0480249072154468,0.0352));
#10643=CARTESIAN_POINT('',(0.0408744192440949,0.0480249072154469,0.0352));
#10644=CARTESIAN_POINT('',(0.0315700424352573,0.0480249072154468,0.0342));
#10645=CARTESIAN_POINT('',(0.0315700424352573,0.0480249072154468,0.0352));
#10646=CARTESIAN_POINT('',(0.0315700424352573,0.0480249072154468,0.0342));
#10647=CARTESIAN_POINT('Ctrl Pts',(0.0322151072278904,0.0481015256007617,
0.0352));
#10648=CARTESIAN_POINT('Ctrl Pts',(0.0322151072278904,0.0481015256007617,
0.0342));
#10649=CARTESIAN_POINT('Ctrl Pts',(0.0322151072278904,0.0480593842776721,
0.0352));
#10650=CARTESIAN_POINT('Ctrl Pts',(0.0322151072278904,0.0480593842776721,
0.0342));
#10651=CARTESIAN_POINT('Ctrl Pts',(0.0319248269811557,0.0480249072154468,
0.0352));
#10652=CARTESIAN_POINT('Ctrl Pts',(0.0319248269811557,0.0480249072154468,
0.0342));
#10653=CARTESIAN_POINT('Ctrl Pts',(0.0315700424352573,0.0480249072154468,
0.0352));
#10654=CARTESIAN_POINT('Ctrl Pts',(0.0315700424352573,0.0480249072154468,
0.0342));
#10655=CARTESIAN_POINT('',(0.0322151072278904,0.0481015256007617,0.0352));
#10656=CARTESIAN_POINT('Ctrl Pts',(0.0322151072278904,0.0481015256007617,
0.0352));
#10657=CARTESIAN_POINT('Ctrl Pts',(0.0322151072278904,0.0480593842776721,
0.0352));
#10658=CARTESIAN_POINT('Ctrl Pts',(0.0319248269811557,0.0480249072154468,
0.0352));
#10659=CARTESIAN_POINT('Ctrl Pts',(0.0315700424352573,0.0480249072154468,
0.0352));
#10660=CARTESIAN_POINT('',(0.0322151072278904,0.0481015256007617,0.0342));
#10661=CARTESIAN_POINT('',(0.0322151072278904,0.0481015256007617,0.0352));
#10662=CARTESIAN_POINT('Ctrl Pts',(0.0322151072278904,0.0481015256007617,
0.0342));
#10663=CARTESIAN_POINT('Ctrl Pts',(0.0322151072278904,0.0480593842776721,
0.0342));
#10664=CARTESIAN_POINT('Ctrl Pts',(0.0319248269811557,0.0480249072154468,
0.0342));
#10665=CARTESIAN_POINT('Ctrl Pts',(0.0315700424352573,0.0480249072154468,
0.0342));
#10666=CARTESIAN_POINT('Ctrl Pts',(0.0302026210561679,0.053410125988335,
0.0352));
#10667=CARTESIAN_POINT('Ctrl Pts',(0.0302026210561679,0.053410125988335,
0.0342));
#10668=CARTESIAN_POINT('Ctrl Pts',(0.0313094890561985,0.0505325351603931,
0.0352));
#10669=CARTESIAN_POINT('Ctrl Pts',(0.0313094890561985,0.0505325351603931,
0.0342));
#10670=CARTESIAN_POINT('Ctrl Pts',(0.0322151072278904,0.0481436645015185,
0.0352));
#10671=CARTESIAN_POINT('Ctrl Pts',(0.0322151072278904,0.0481436645015185,
0.0342));
#10672=CARTESIAN_POINT('Ctrl Pts',(0.0322151072278904,0.0481015256007617,
0.0352));
#10673=CARTESIAN_POINT('Ctrl Pts',(0.0322151072278904,0.0481015256007617,
0.0342));
#10674=CARTESIAN_POINT('',(0.0302026210561679,0.053410125988335,0.0352));
#10675=CARTESIAN_POINT('Ctrl Pts',(0.0302026210561679,0.053410125988335,
0.0352));
#10676=CARTESIAN_POINT('Ctrl Pts',(0.0313094890561985,0.0505325351603931,
0.0352));
#10677=CARTESIAN_POINT('Ctrl Pts',(0.0322151072278904,0.0481436645015185,
0.0352));
#10678=CARTESIAN_POINT('Ctrl Pts',(0.0322151072278904,0.0481015256007617,
0.0352));
#10679=CARTESIAN_POINT('',(0.0302026210561679,0.053410125988335,0.0342));
#10680=CARTESIAN_POINT('',(0.0302026210561679,0.053410125988335,0.0352));
#10681=CARTESIAN_POINT('Ctrl Pts',(0.0302026210561679,0.053410125988335,
0.0342));
#10682=CARTESIAN_POINT('Ctrl Pts',(0.0313094890561985,0.0505325351603931,
0.0342));
#10683=CARTESIAN_POINT('Ctrl Pts',(0.0322151072278904,0.0481436645015185,
0.0342));
#10684=CARTESIAN_POINT('Ctrl Pts',(0.0322151072278904,0.0481015256007617,
0.0342));
#10685=CARTESIAN_POINT('Origin',(0.0281901373067783,0.0586421079905933,
0.0352));
#10686=CARTESIAN_POINT('',(0.0281901373067783,0.0586421079905933,0.0352));
#10687=CARTESIAN_POINT('',(0.0348939250985018,0.0412138444908788,0.0352));
#10688=CARTESIAN_POINT('',(0.0281901373067783,0.0586421079905933,0.0342));
#10689=CARTESIAN_POINT('',(0.0281901373067783,0.0586421079905933,0.0352));
#10690=CARTESIAN_POINT('',(0.0281901373067783,0.0586421079905933,0.0342));
#10691=CARTESIAN_POINT('Origin',(0.0269164820066379,0.0586421079905933,
0.0352));
#10692=CARTESIAN_POINT('',(0.0269164820066379,0.0586421079905932,0.0352));
#10693=CARTESIAN_POINT('',(0.0385476390297853,0.0586421079905933,0.0352));
#10694=CARTESIAN_POINT('',(0.0269164820066379,0.0586421079905932,0.0342));
#10695=CARTESIAN_POINT('',(0.0269164820066379,0.0586421079905932,0.0352));
#10696=CARTESIAN_POINT('',(0.0275533084455417,0.0586421079905933,0.0342));
#10697=CARTESIAN_POINT('Origin',(0.0248921918073581,0.0533668001445239,
0.0352));
#10698=CARTESIAN_POINT('',(0.0248921918073581,0.0533668001445239,0.0352));
#10699=CARTESIAN_POINT('',(0.022119821973523,0.0461419939671093,0.0352));
#10700=CARTESIAN_POINT('',(0.0248921918073581,0.0533668001445239,0.0342));
#10701=CARTESIAN_POINT('',(0.0248921918073581,0.0533668001445239,0.0352));
#10702=CARTESIAN_POINT('',(0.0248921918073581,0.0533668001445239,0.0342));
#10703=CARTESIAN_POINT('Ctrl Pts',(0.0228679016080783,0.0480535561450427,
0.0352));
#10704=CARTESIAN_POINT('Ctrl Pts',(0.0228679016080783,0.0480535561450427,
0.0342));
#10705=CARTESIAN_POINT('Ctrl Pts',(0.0228679016080783,0.0480744148524707,
0.0352));
#10706=CARTESIAN_POINT('Ctrl Pts',(0.0228679016080783,0.0480744148524707,
0.0342));
#10707=CARTESIAN_POINT('Ctrl Pts',(0.023778831955521,0.050465378406853,
0.0352));
#10708=CARTESIAN_POINT('Ctrl Pts',(0.023778831955521,0.050465378406853,
0.0342));
#10709=CARTESIAN_POINT('Ctrl Pts',(0.0248921918073581,0.0533668001445239,
0.0352));
#10710=CARTESIAN_POINT('Ctrl Pts',(0.0248921918073581,0.0533668001445239,
0.0342));
#10711=CARTESIAN_POINT('',(0.0228679016080783,0.0480535561450427,0.0352));
#10712=CARTESIAN_POINT('Ctrl Pts',(0.0228679016080783,0.0480535561450427,
0.0352));
#10713=CARTESIAN_POINT('Ctrl Pts',(0.0228679016080783,0.0480744148524707,
0.0352));
#10714=CARTESIAN_POINT('Ctrl Pts',(0.023778831955521,0.050465378406853,
0.0352));
#10715=CARTESIAN_POINT('Ctrl Pts',(0.0248921918073581,0.0533668001445239,
0.0352));
#10716=CARTESIAN_POINT('',(0.0228679016080783,0.0480535561450427,0.0342));
#10717=CARTESIAN_POINT('',(0.0228679016080783,0.0480535561450427,0.0352));
#10718=CARTESIAN_POINT('Ctrl Pts',(0.0228679016080783,0.0480535561450427,
0.0342));
#10719=CARTESIAN_POINT('Ctrl Pts',(0.0228679016080783,0.0480744148524707,
0.0342));
#10720=CARTESIAN_POINT('Ctrl Pts',(0.023778831955521,0.050465378406853,
0.0342));
#10721=CARTESIAN_POINT('Ctrl Pts',(0.0248921918073581,0.0533668001445239,
0.0342));
#10722=CARTESIAN_POINT('Ctrl Pts',(0.0235419786802219,0.048045671451897,
0.0352));
#10723=CARTESIAN_POINT('Ctrl Pts',(0.0235419786802219,0.048045671451897,
0.0342));
#10724=CARTESIAN_POINT('Ctrl Pts',(0.0231712382284092,0.0480291608317798,
0.0352));
#10725=CARTESIAN_POINT('Ctrl Pts',(0.0231712382284092,0.0480291608317798,
0.0342));
#10726=CARTESIAN_POINT('Ctrl Pts',(0.0228679016080783,0.0480326853259509,
0.0352));
#10727=CARTESIAN_POINT('Ctrl Pts',(0.0228679016080783,0.0480326853259509,
0.0342));
#10728=CARTESIAN_POINT('Ctrl Pts',(0.0228679016080783,0.0480535561450427,
0.0352));
#10729=CARTESIAN_POINT('Ctrl Pts',(0.0228679016080783,0.0480535561450427,
0.0342));
#10730=CARTESIAN_POINT('',(0.0235419786802219,0.048045671451897,0.0352));
#10731=CARTESIAN_POINT('Ctrl Pts',(0.0235419786802219,0.048045671451897,
0.0352));
#10732=CARTESIAN_POINT('Ctrl Pts',(0.0231712382284092,0.0480291608317798,
0.0352));
#10733=CARTESIAN_POINT('Ctrl Pts',(0.0228679016080783,0.0480326853259509,
0.0352));
#10734=CARTESIAN_POINT('Ctrl Pts',(0.0228679016080783,0.0480535561450427,
0.0352));
#10735=CARTESIAN_POINT('',(0.0235419786802219,0.048045671451897,0.0342));
#10736=CARTESIAN_POINT('',(0.0235419786802219,0.048045671451897,0.0352));
#10737=CARTESIAN_POINT('Ctrl Pts',(0.0235419786802219,0.048045671451897,
0.0342));
#10738=CARTESIAN_POINT('Ctrl Pts',(0.0231712382284092,0.0480291608317798,
0.0342));
#10739=CARTESIAN_POINT('Ctrl Pts',(0.0228679016080783,0.0480326853259509,
0.0342));
#10740=CARTESIAN_POINT('Ctrl Pts',(0.0228679016080783,0.0480535561450427,
0.0342));
#10741=CARTESIAN_POINT('Origin',(0.0242160557523655,0.0480757059558337,
0.0352));
#10742=CARTESIAN_POINT('',(0.0367050246884259,0.0486321704940555,0.0352));
#10743=CARTESIAN_POINT('',(0.0242160557523655,0.0480757059558337,0.0342));
#10744=CARTESIAN_POINT('Origin',(0.0275415044179843,0.05333350760302,0.0342));
#10745=CARTESIAN_POINT('Ctrl Pts',(0.0504015092626499,0.0492441012080615,
0.0352));
#10746=CARTESIAN_POINT('Ctrl Pts',(0.0504015092626499,0.0492441012080615,
0.0342));
#10747=CARTESIAN_POINT('Ctrl Pts',(0.0506194320074008,0.0494620239528125,
0.0352));
#10748=CARTESIAN_POINT('Ctrl Pts',(0.0506194320074008,0.0494620239528125,
0.0342));
#10749=CARTESIAN_POINT('Ctrl Pts',(0.0511068005147861,0.0495119894107287,
0.0352));
#10750=CARTESIAN_POINT('Ctrl Pts',(0.0511068005147861,0.0495119894107287,
0.0342));
#10751=CARTESIAN_POINT('Ctrl Pts',(0.0514134969106601,0.0493478472979968,
0.0352));
#10752=CARTESIAN_POINT('Ctrl Pts',(0.0514134969106601,0.0493478472979968,
0.0342));
#10753=CARTESIAN_POINT('',(0.0504015092626499,0.0492441012080615,0.0352));
#10754=CARTESIAN_POINT('',(0.0514134969106601,0.0493478472979968,0.0352));
#10755=CARTESIAN_POINT('Ctrl Pts',(0.0504015092626499,0.0492441012080615,
0.0352));
#10756=CARTESIAN_POINT('Ctrl Pts',(0.0506194320074008,0.0494620239528125,
0.0352));
#10757=CARTESIAN_POINT('Ctrl Pts',(0.0511068005147861,0.0495119894107287,
0.0352));
#10758=CARTESIAN_POINT('Ctrl Pts',(0.0514134969106601,0.0493478472979968,
0.0352));
#10759=CARTESIAN_POINT('',(0.0504015092626499,0.0492441012080615,0.0342));
#10760=CARTESIAN_POINT('',(0.0504015092626499,0.0492441012080615,0.0352));
#10761=CARTESIAN_POINT('',(0.0514134969106601,0.0493478472979968,0.0342));
#10762=CARTESIAN_POINT('Ctrl Pts',(0.0504015092626499,0.0492441012080615,
0.0342));
#10763=CARTESIAN_POINT('Ctrl Pts',(0.0506194320074008,0.0494620239528125,
0.0342));
#10764=CARTESIAN_POINT('Ctrl Pts',(0.0511068005147861,0.0495119894107287,
0.0342));
#10765=CARTESIAN_POINT('Ctrl Pts',(0.0514134969106601,0.0493478472979968,
0.0342));
#10766=CARTESIAN_POINT('',(0.0514134969106601,0.0493478472979968,0.0352));
#10767=CARTESIAN_POINT('Ctrl Pts',(0.0506367516866611,0.0479218224223559,
0.0352));
#10768=CARTESIAN_POINT('Ctrl Pts',(0.0506367516866611,0.0479218224223559,
0.0342));
#10769=CARTESIAN_POINT('Ctrl Pts',(0.050178644959061,0.0481109121402209,
0.0352));
#10770=CARTESIAN_POINT('Ctrl Pts',(0.050178644959061,0.0481109121402209,
0.0342));
#10771=CARTESIAN_POINT('Ctrl Pts',(0.0500411581960605,0.0488837501414722,
0.0352));
#10772=CARTESIAN_POINT('Ctrl Pts',(0.0500411581960605,0.0488837501414722,
0.0342));
#10773=CARTESIAN_POINT('Ctrl Pts',(0.0504015092626499,0.0492441012080615,
0.0352));
#10774=CARTESIAN_POINT('Ctrl Pts',(0.0504015092626499,0.0492441012080615,
0.0342));
#10775=CARTESIAN_POINT('',(0.0506367516866611,0.0479218224223559,0.0352));
#10776=CARTESIAN_POINT('Ctrl Pts',(0.0506367516866611,0.0479218224223559,
0.0352));
#10777=CARTESIAN_POINT('Ctrl Pts',(0.050178644959061,0.0481109121402209,
0.0352));
#10778=CARTESIAN_POINT('Ctrl Pts',(0.0500411581960605,0.0488837501414722,
0.0352));
#10779=CARTESIAN_POINT('Ctrl Pts',(0.0504015092626499,0.0492441012080615,
0.0352));
#10780=CARTESIAN_POINT('',(0.0506367516866611,0.0479218224223559,0.0342));
#10781=CARTESIAN_POINT('',(0.0506367516866611,0.0479218224223559,0.0352));
#10782=CARTESIAN_POINT('Ctrl Pts',(0.0506367516866611,0.0479218224223559,
0.0342));
#10783=CARTESIAN_POINT('Ctrl Pts',(0.050178644959061,0.0481109121402209,
0.0342));
#10784=CARTESIAN_POINT('Ctrl Pts',(0.0500411581960605,0.0488837501414722,
0.0342));
#10785=CARTESIAN_POINT('Ctrl Pts',(0.0504015092626499,0.0492441012080615,
0.0342));
#10786=CARTESIAN_POINT('Ctrl Pts',(0.0515037191167758,0.0480542949565356,
0.0352));
#10787=CARTESIAN_POINT('Ctrl Pts',(0.0515037191167758,0.0480542949565356,
0.0342));
#10788=CARTESIAN_POINT('Ctrl Pts',(0.0512954905477451,0.0478814808925098,
0.0352));
#10789=CARTESIAN_POINT('Ctrl Pts',(0.0512954905477451,0.0478814808925098,
0.0342));
#10790=CARTESIAN_POINT('Ctrl Pts',(0.0508860533300327,0.0478189193042224,
0.0352));
#10791=CARTESIAN_POINT('Ctrl Pts',(0.0508860533300327,0.0478189193042224,
0.0342));
#10792=CARTESIAN_POINT('Ctrl Pts',(0.0506367516866611,0.0479218224223559,
0.0352));
#10793=CARTESIAN_POINT('Ctrl Pts',(0.0506367516866611,0.0479218224223559,
0.0342));
#10794=CARTESIAN_POINT('',(0.0515037191167758,0.0480542949565356,0.0352));
#10795=CARTESIAN_POINT('Ctrl Pts',(0.0515037191167758,0.0480542949565356,
0.0352));
#10796=CARTESIAN_POINT('Ctrl Pts',(0.0512954905477451,0.0478814808925098,
0.0352));
#10797=CARTESIAN_POINT('Ctrl Pts',(0.0508860533300327,0.0478189193042224,
0.0352));
#10798=CARTESIAN_POINT('Ctrl Pts',(0.0506367516866611,0.0479218224223559,
0.0352));
#10799=CARTESIAN_POINT('',(0.0515037191167758,0.0480542949565356,0.0342));
#10800=CARTESIAN_POINT('',(0.0515037191167758,0.0480542949565356,0.0352));
#10801=CARTESIAN_POINT('Ctrl Pts',(0.0515037191167758,0.0480542949565356,
0.0342));
#10802=CARTESIAN_POINT('Ctrl Pts',(0.0512954905477451,0.0478814808925098,
0.0342));
#10803=CARTESIAN_POINT('Ctrl Pts',(0.0508860533300327,0.0478189193042224,
0.0342));
#10804=CARTESIAN_POINT('Ctrl Pts',(0.0506367516866611,0.0479218224223559,
0.0342));
#10805=CARTESIAN_POINT('Ctrl Pts',(0.0514134969106601,0.0493478472979968,
0.0352));
#10806=CARTESIAN_POINT('Ctrl Pts',(0.0514134969106601,0.0493478472979968,
0.0342));
#10807=CARTESIAN_POINT('Ctrl Pts',(0.0518177551809238,0.0491314942248767,
0.0352));
#10808=CARTESIAN_POINT('Ctrl Pts',(0.0518177551809238,0.0491314942248767,
0.0342));
#10809=CARTESIAN_POINT('Ctrl Pts',(0.0518715939489292,0.0483596033557361,
0.0352));
#10810=CARTESIAN_POINT('Ctrl Pts',(0.0518715939489292,0.0483596033557361,
0.0342));
#10811=CARTESIAN_POINT('Ctrl Pts',(0.0515037191167758,0.0480542949565356,
0.0352));
#10812=CARTESIAN_POINT('Ctrl Pts',(0.0515037191167758,0.0480542949565356,
0.0342));
#10813=CARTESIAN_POINT('Ctrl Pts',(0.0514134969106601,0.0493478472979968,
0.0352));
#10814=CARTESIAN_POINT('Ctrl Pts',(0.0518177551809238,0.0491314942248767,
0.0352));
#10815=CARTESIAN_POINT('Ctrl Pts',(0.0518715939489292,0.0483596033557361,
0.0352));
#10816=CARTESIAN_POINT('Ctrl Pts',(0.0515037191167758,0.0480542949565356,
0.0352));
#10817=CARTESIAN_POINT('Ctrl Pts',(0.0514134969106601,0.0493478472979968,
0.0342));
#10818=CARTESIAN_POINT('Ctrl Pts',(0.0518177551809238,0.0491314942248767,
0.0342));
#10819=CARTESIAN_POINT('Ctrl Pts',(0.0518715939489292,0.0483596033557361,
0.0342));
#10820=CARTESIAN_POINT('Ctrl Pts',(0.0515037191167758,0.0480542949565356,
0.0342));
#10821=CARTESIAN_POINT('Origin',(0.0509563760724948,0.0486654543574756,
0.0342));
#10822=CARTESIAN_POINT('Origin',(0.0881324765554355,0.0520889202960437,
0.0352));
#10823=CARTESIAN_POINT('',(0.0881324765554355,0.0520889202960437,0.0352));
#10824=CARTESIAN_POINT('',(0.0900203942647861,0.0520889202960437,0.0352));
#10825=CARTESIAN_POINT('',(0.0691556363041841,0.0520889202960437,0.0352));
#10826=CARTESIAN_POINT('',(0.0881324765554355,0.0520889202960437,0.0342));
#10827=CARTESIAN_POINT('',(0.0881324765554355,0.0520889202960437,0.0352));
#10828=CARTESIAN_POINT('',(0.0900203942647861,0.0520889202960437,0.0342));
#10829=CARTESIAN_POINT('',(0.0881324765554355,0.0520889202960437,0.0342));
#10830=CARTESIAN_POINT('',(0.0900203942647861,0.0520889202960437,0.0352));
#10831=CARTESIAN_POINT('Ctrl Pts',(0.0863139829030918,0.0522667195208972,
0.0352));
#10832=CARTESIAN_POINT('Ctrl Pts',(0.0863139829030918,0.0522667195208972,
0.0342));
#10833=CARTESIAN_POINT('Ctrl Pts',(0.0862493841329502,0.0521012741931384,
0.0352));
#10834=CARTESIAN_POINT('Ctrl Pts',(0.0862493841329502,0.0521012741931384,
0.0342));
#10835=CARTESIAN_POINT('Ctrl Pts',(0.0863757523885654,0.0520889202960437,
0.0352));
#10836=CARTESIAN_POINT('Ctrl Pts',(0.0863757523885654,0.0520889202960437,
0.0342));
#10837=CARTESIAN_POINT('Ctrl Pts',(0.0881324765554355,0.0520889202960437,
0.0352));
#10838=CARTESIAN_POINT('Ctrl Pts',(0.0881324765554355,0.0520889202960437,
0.0342));
#10839=CARTESIAN_POINT('',(0.0863139829030918,0.0522667195208972,0.0352));
#10840=CARTESIAN_POINT('Ctrl Pts',(0.0863139829030918,0.0522667195208972,
0.0352));
#10841=CARTESIAN_POINT('Ctrl Pts',(0.0862493841329502,0.0521012741931384,
0.0352));
#10842=CARTESIAN_POINT('Ctrl Pts',(0.0863757523885654,0.0520889202960437,
0.0352));
#10843=CARTESIAN_POINT('Ctrl Pts',(0.0881324765554355,0.0520889202960437,
0.0352));
#10844=CARTESIAN_POINT('',(0.0863139829030918,0.0522667195208972,0.0342));
#10845=CARTESIAN_POINT('',(0.0863139829030918,0.0522667195208972,0.0352));
#10846=CARTESIAN_POINT('Ctrl Pts',(0.0863139829030918,0.0522667195208972,
0.0342));
#10847=CARTESIAN_POINT('Ctrl Pts',(0.0862493841329502,0.0521012741931384,
0.0342));
#10848=CARTESIAN_POINT('Ctrl Pts',(0.0863757523885654,0.0520889202960437,
0.0342));
#10849=CARTESIAN_POINT('Ctrl Pts',(0.0881324765554355,0.0520889202960437,
0.0342));
#10850=CARTESIAN_POINT('Ctrl Pts',(0.0880752416768955,0.057118119133324,
0.0352));
#10851=CARTESIAN_POINT('Ctrl Pts',(0.0880752416768955,0.057118119133324,
0.0342));
#10852=CARTESIAN_POINT('Ctrl Pts',(0.0879427013173984,0.0567348988231128,
0.0352));
#10853=CARTESIAN_POINT('Ctrl Pts',(0.0879427013173984,0.0567348988231128,
0.0342));
#10854=CARTESIAN_POINT('Ctrl Pts',(0.0864078240743564,0.052507070644707,
0.0352));
#10855=CARTESIAN_POINT('Ctrl Pts',(0.0864078240743564,0.052507070644707,
0.0342));
#10856=CARTESIAN_POINT('Ctrl Pts',(0.0863139829030918,0.0522667195208972,
0.0352));
#10857=CARTESIAN_POINT('Ctrl Pts',(0.0863139829030918,0.0522667195208972,
0.0342));
#10858=CARTESIAN_POINT('',(0.0880752416768955,0.057118119133324,0.0352));
#10859=CARTESIAN_POINT('Ctrl Pts',(0.0880752416768955,0.057118119133324,
0.0352));
#10860=CARTESIAN_POINT('Ctrl Pts',(0.0879427013173984,0.0567348988231128,
0.0352));
#10861=CARTESIAN_POINT('Ctrl Pts',(0.0864078240743564,0.052507070644707,
0.0352));
#10862=CARTESIAN_POINT('Ctrl Pts',(0.0863139829030918,0.0522667195208972,
0.0352));
#10863=CARTESIAN_POINT('',(0.0880752416768955,0.057118119133324,0.0342));
#10864=CARTESIAN_POINT('',(0.0880752416768955,0.057118119133324,0.0352));
#10865=CARTESIAN_POINT('Ctrl Pts',(0.0880752416768955,0.057118119133324,
0.0342));
#10866=CARTESIAN_POINT('Ctrl Pts',(0.0879427013173984,0.0567348988231128,
0.0342));
#10867=CARTESIAN_POINT('Ctrl Pts',(0.0864078240743564,0.052507070644707,
0.0342));
#10868=CARTESIAN_POINT('Ctrl Pts',(0.0863139829030918,0.0522667195208972,
0.0342));
#10869=CARTESIAN_POINT('Ctrl Pts',(0.0881886843648838,0.0572438309367602,
0.0352));
#10870=CARTESIAN_POINT('Ctrl Pts',(0.0881886843648838,0.0572438309367602,
0.0342));
#10871=CARTESIAN_POINT('Ctrl Pts',(0.0881840819326328,0.0573465741809314,
0.0352));
#10872=CARTESIAN_POINT('Ctrl Pts',(0.0881840819326328,0.0573465741809314,
0.0342));
#10873=CARTESIAN_POINT('Ctrl Pts',(0.0881357224813388,0.0572929873355334,
0.0352));
#10874=CARTESIAN_POINT('Ctrl Pts',(0.0881357224813388,0.0572929873355334,
0.0342));
#10875=CARTESIAN_POINT('Ctrl Pts',(0.0880752416768955,0.057118119133324,
0.0352));
#10876=CARTESIAN_POINT('Ctrl Pts',(0.0880752416768955,0.057118119133324,
0.0342));
#10877=CARTESIAN_POINT('',(0.0881886843648838,0.0572438309367602,0.0352));
#10878=CARTESIAN_POINT('Ctrl Pts',(0.0881886843648838,0.0572438309367602,
0.0352));
#10879=CARTESIAN_POINT('Ctrl Pts',(0.0881840819326328,0.0573465741809314,
0.0352));
#10880=CARTESIAN_POINT('Ctrl Pts',(0.0881357224813388,0.0572929873355334,
0.0352));
#10881=CARTESIAN_POINT('Ctrl Pts',(0.0880752416768955,0.057118119133324,
0.0352));
#10882=CARTESIAN_POINT('',(0.0881886843648838,0.0572438309367602,0.0342));
#10883=CARTESIAN_POINT('',(0.0881886843648838,0.0572438309367602,0.0352));
#10884=CARTESIAN_POINT('Ctrl Pts',(0.0881886843648838,0.0572438309367602,
0.0342));
#10885=CARTESIAN_POINT('Ctrl Pts',(0.0881840819326328,0.0573465741809314,
0.0342));
#10886=CARTESIAN_POINT('Ctrl Pts',(0.0881357224813388,0.0572929873355334,
0.0342));
#10887=CARTESIAN_POINT('Ctrl Pts',(0.0880752416768955,0.057118119133324,
0.0342));
#10888=CARTESIAN_POINT('Ctrl Pts',(0.0897088725820468,0.0529271201022571,
0.0352));
#10889=CARTESIAN_POINT('Ctrl Pts',(0.0897088725820468,0.0529271201022571,
0.0342));
#10890=CARTESIAN_POINT('Ctrl Pts',(0.0887785320821689,0.0554303006442493,
0.0352));
#10891=CARTESIAN_POINT('Ctrl Pts',(0.0887785320821689,0.0554303006442493,
0.0342));
#10892=CARTESIAN_POINT('Ctrl Pts',(0.0881957963338779,0.0570850203784412,
0.0352));
#10893=CARTESIAN_POINT('Ctrl Pts',(0.0881957963338779,0.0570850203784412,
0.0342));
#10894=CARTESIAN_POINT('Ctrl Pts',(0.0881886843648838,0.0572438309367602,
0.0352));
#10895=CARTESIAN_POINT('Ctrl Pts',(0.0881886843648838,0.0572438309367602,
0.0342));
#10896=CARTESIAN_POINT('',(0.0897088725820468,0.0529271201022571,0.0352));
#10897=CARTESIAN_POINT('Ctrl Pts',(0.0897088725820468,0.0529271201022571,
0.0352));
#10898=CARTESIAN_POINT('Ctrl Pts',(0.0887785320821689,0.0554303006442493,
0.0352));
#10899=CARTESIAN_POINT('Ctrl Pts',(0.0881957963338779,0.0570850203784412,
0.0352));
#10900=CARTESIAN_POINT('Ctrl Pts',(0.0881886843648838,0.0572438309367602,
0.0352));
#10901=CARTESIAN_POINT('',(0.0897088725820468,0.0529271201022571,0.0342));
#10902=CARTESIAN_POINT('',(0.0897088725820468,0.0529271201022571,0.0352));
#10903=CARTESIAN_POINT('Ctrl Pts',(0.0897088725820468,0.0529271201022571,
0.0342));
#10904=CARTESIAN_POINT('Ctrl Pts',(0.0887785320821689,0.0554303006442493,
0.0342));
#10905=CARTESIAN_POINT('Ctrl Pts',(0.0881957963338779,0.0570850203784412,
0.0342));
#10906=CARTESIAN_POINT('Ctrl Pts',(0.0881886843648838,0.0572438309367602,
0.0342));
#10907=CARTESIAN_POINT('Origin',(0.0900203942647861,0.0520889202960437,
0.0352));
#10908=CARTESIAN_POINT('',(0.0916850265064879,0.0476099562311931,0.0352));
#10909=CARTESIAN_POINT('',(0.0900203942647861,0.0520889202960437,0.0342));
#10910=CARTESIAN_POINT('Origin',(0.0853114665761875,0.0494727112849658,
0.0352));
#10911=CARTESIAN_POINT('',(0.0853114665761875,0.0494727112849658,0.0352));
#10912=CARTESIAN_POINT('',(0.0847941531911777,0.0480249120601123,0.0352));
#10913=CARTESIAN_POINT('',(0.0797760286169109,0.0339807425501652,0.0352));
#10914=CARTESIAN_POINT('',(0.0853114665761875,0.0494727112849658,0.0342));
#10915=CARTESIAN_POINT('',(0.0853114665761875,0.0494727112849658,0.0352));
#10916=CARTESIAN_POINT('',(0.0847941531911777,0.0480249120601123,0.0342));
#10917=CARTESIAN_POINT('',(0.0853114665761875,0.0494727112849658,0.0342));
#10918=CARTESIAN_POINT('',(0.0847941531911777,0.0480249120601123,0.0352));
#10919=CARTESIAN_POINT('Origin',(0.0858287896505283,0.0509205129321521,
0.0352));
#10920=CARTESIAN_POINT('',(0.0858287896505283,0.0509205129321521,0.0352));
#10921=CARTESIAN_POINT('',(0.0800345831928365,0.0347046082689532,0.0352));
#10922=CARTESIAN_POINT('',(0.0858287896505283,0.0509205129321521,0.0342));
#10923=CARTESIAN_POINT('',(0.0858287896505283,0.0509205129321521,0.0352));
#10924=CARTESIAN_POINT('',(0.0858287896505283,0.0509205129321521,0.0342));
#10925=CARTESIAN_POINT('Origin',(0.0904523446432041,0.0509205129321521,
0.0352));
#10926=CARTESIAN_POINT('',(0.0904523446432041,0.0509205129321521,0.0352));
#10927=CARTESIAN_POINT('',(0.0703155703480684,0.0509205129321521,0.0352));
#10928=CARTESIAN_POINT('',(0.0904523446432041,0.0509205129321521,0.0342));
#10929=CARTESIAN_POINT('',(0.0904523446432041,0.0509205129321521,0.0352));
#10930=CARTESIAN_POINT('',(0.0881405671468662,0.0509205129321521,0.0342));
#10931=CARTESIAN_POINT('Origin',(0.0915175509420322,0.0480757108004993,
0.0352));
#10932=CARTESIAN_POINT('',(0.0915175509420322,0.0480757108004993,0.0352));
#10933=CARTESIAN_POINT('',(0.0924223741091039,0.0456592372241728,0.0352));
#10934=CARTESIAN_POINT('',(0.0915175509420322,0.0480757108004993,0.0342));
#10935=CARTESIAN_POINT('',(0.0915175509420322,0.0480757108004993,0.0352));
#10936=CARTESIAN_POINT('',(0.0909849477926181,0.0494981118663257,0.0342));
#10937=CARTESIAN_POINT('Origin',(0.0928730302205967,0.0480155739673083,
0.0352));
#10938=CARTESIAN_POINT('',(0.0928730302205967,0.0480155739673084,0.0352));
#10939=CARTESIAN_POINT('',(0.0720312078308148,0.0489402367166915,0.0352));
#10940=CARTESIAN_POINT('',(0.0928730302205967,0.0480155739673084,0.0342));
#10941=CARTESIAN_POINT('',(0.0928730302205967,0.0480155739673084,0.0352));
#10942=CARTESIAN_POINT('',(0.0921952905813144,0.0480456423839038,0.0342));
#10943=CARTESIAN_POINT('Origin',(0.0926877120748447,0.0485028480037158,
0.0352));
#10944=CARTESIAN_POINT('',(0.0926877120748447,0.0485028480037158,0.0352));
#10945=CARTESIAN_POINT('',(0.0935598442714411,0.0462096706465173,0.0352));
#10946=CARTESIAN_POINT('',(0.0926877120748447,0.0485028480037158,0.0342));
#10947=CARTESIAN_POINT('',(0.0926877120748447,0.0485028480037158,0.0352));
#10948=CARTESIAN_POINT('',(0.0926877120748447,0.0485028480037158,0.0342));
#10949=CARTESIAN_POINT('Ctrl Pts',(0.0906375852743076,0.05384152165255,
0.0352));
#10950=CARTESIAN_POINT('Ctrl Pts',(0.0906375852743076,0.05384152165255,
0.0342));
#10951=CARTESIAN_POINT('Ctrl Pts',(0.0916632300344394,0.0511732518657153,
0.0352));
#10952=CARTESIAN_POINT('Ctrl Pts',(0.0916632300344394,0.0511732518657153,
0.0342));
#10953=CARTESIAN_POINT('Ctrl Pts',(0.0925857900014804,0.0487708452113574,
0.0352));
#10954=CARTESIAN_POINT('Ctrl Pts',(0.0925857900014804,0.0487708452113574,
0.0342));
#10955=CARTESIAN_POINT('Ctrl Pts',(0.0926877120748447,0.0485028480037158,
0.0352));
#10956=CARTESIAN_POINT('Ctrl Pts',(0.0926877120748447,0.0485028480037158,
0.0342));
#10957=CARTESIAN_POINT('',(0.0906375852743076,0.05384152165255,0.0352));
#10958=CARTESIAN_POINT('Ctrl Pts',(0.0906375852743076,0.05384152165255,
0.0352));
#10959=CARTESIAN_POINT('Ctrl Pts',(0.0916632300344394,0.0511732518657153,
0.0352));
#10960=CARTESIAN_POINT('Ctrl Pts',(0.0925857900014804,0.0487708452113574,
0.0352));
#10961=CARTESIAN_POINT('Ctrl Pts',(0.0926877120748447,0.0485028480037158,
0.0352));
#10962=CARTESIAN_POINT('',(0.0906375852743076,0.05384152165255,0.0342));
#10963=CARTESIAN_POINT('',(0.0906375852743076,0.05384152165255,0.0352));
#10964=CARTESIAN_POINT('Ctrl Pts',(0.0906375852743076,0.05384152165255,
0.0342));
#10965=CARTESIAN_POINT('Ctrl Pts',(0.0916632300344394,0.0511732518657153,
0.0342));
#10966=CARTESIAN_POINT('Ctrl Pts',(0.0925857900014804,0.0487708452113574,
0.0342));
#10967=CARTESIAN_POINT('Ctrl Pts',(0.0926877120748447,0.0485028480037158,
0.0342));
#10968=CARTESIAN_POINT('Origin',(0.0887727766195224,0.0586929212649768,
0.0352));
#10969=CARTESIAN_POINT('',(0.0887727766195224,0.0586929212649768,0.0352));
#10970=CARTESIAN_POINT('',(0.0915812143745148,0.0513866199985532,0.0352));
#10971=CARTESIAN_POINT('',(0.0887727766195224,0.0586929212649768,0.0342));
#10972=CARTESIAN_POINT('',(0.0887727766195224,0.0586929212649768,0.0352));
#10973=CARTESIAN_POINT('',(0.0887727766195224,0.0586929212649768,0.0342));
#10974=CARTESIAN_POINT('Origin',(0.0881835199514316,0.0586929212649768,
0.0352));
#10975=CARTESIAN_POINT('',(0.0881835199514316,0.0586929212649768,0.0352));
#10976=CARTESIAN_POINT('',(0.0691811580021821,0.0586929212649768,0.0352));
#10977=CARTESIAN_POINT('',(0.0881835199514316,0.0586929212649768,0.0342));
#10978=CARTESIAN_POINT('',(0.0881835199514316,0.0586929212649768,0.0352));
#10979=CARTESIAN_POINT('',(0.0881835199514316,0.0586929212649768,0.0342));
#10980=CARTESIAN_POINT('Ctrl Pts',(0.0874926900258945,0.0585031290706104,
0.0352));
#10981=CARTESIAN_POINT('Ctrl Pts',(0.0874926900258945,0.0585031290706104,
0.0342));
#10982=CARTESIAN_POINT('Ctrl Pts',(0.0875739447561191,0.0586549584659045,
0.0352));
#10983=CARTESIAN_POINT('Ctrl Pts',(0.0875739447561191,0.0586549584659045,
0.0342));
#10984=CARTESIAN_POINT('Ctrl Pts',(0.08771212430629,0.0586929212649768,
0.0352));
#10985=CARTESIAN_POINT('Ctrl Pts',(0.08771212430629,0.0586929212649768,
0.0342));
#10986=CARTESIAN_POINT('Ctrl Pts',(0.0881835199514316,0.0586929212649768,
0.0352));
#10987=CARTESIAN_POINT('Ctrl Pts',(0.0881835199514316,0.0586929212649768,
0.0342));
#10988=CARTESIAN_POINT('',(0.0874926900258945,0.0585031290706104,0.0352));
#10989=CARTESIAN_POINT('Ctrl Pts',(0.0874926900258945,0.0585031290706104,
0.0352));
#10990=CARTESIAN_POINT('Ctrl Pts',(0.0875739447561191,0.0586549584659045,
0.0352));
#10991=CARTESIAN_POINT('Ctrl Pts',(0.08771212430629,0.0586929212649768,
0.0352));
#10992=CARTESIAN_POINT('Ctrl Pts',(0.0881835199514316,0.0586929212649768,
0.0352));
#10993=CARTESIAN_POINT('',(0.0874926900258945,0.0585031290706104,0.0342));
#10994=CARTESIAN_POINT('',(0.0874926900258945,0.0585031290706104,0.0352));
#10995=CARTESIAN_POINT('Ctrl Pts',(0.0874926900258945,0.0585031290706104,
0.0342));
#10996=CARTESIAN_POINT('Ctrl Pts',(0.0875739447561191,0.0586549584659045,
0.0342));
#10997=CARTESIAN_POINT('Ctrl Pts',(0.08771212430629,0.0586929212649768,
0.0342));
#10998=CARTESIAN_POINT('Ctrl Pts',(0.0881835199514316,0.0586929212649768,
0.0342));
#10999=CARTESIAN_POINT('Ctrl Pts',(0.0854540547719883,0.0532560753138965,
0.0352));
#11000=CARTESIAN_POINT('Ctrl Pts',(0.0854540547719883,0.0532560753138965,
0.0342));
#11001=CARTESIAN_POINT('Ctrl Pts',(0.0865194354787754,0.0560375697787707,
0.0352));
#11002=CARTESIAN_POINT('Ctrl Pts',(0.0865194354787754,0.0560375697787707,
0.0342));
#11003=CARTESIAN_POINT('Ctrl Pts',(0.0874368213430332,0.0583987410624927,
0.0352));
#11004=CARTESIAN_POINT('Ctrl Pts',(0.0874368213430332,0.0583987410624927,
0.0342));
#11005=CARTESIAN_POINT('Ctrl Pts',(0.0874926900258945,0.0585031290706104,
0.0352));
#11006=CARTESIAN_POINT('Ctrl Pts',(0.0874926900258945,0.0585031290706104,
0.0342));
#11007=CARTESIAN_POINT('',(0.0854540547719883,0.0532560753138965,0.0352));
#11008=CARTESIAN_POINT('Ctrl Pts',(0.0854540547719883,0.0532560753138965,
0.0352));
#11009=CARTESIAN_POINT('Ctrl Pts',(0.0865194354787754,0.0560375697787707,
0.0352));
#11010=CARTESIAN_POINT('Ctrl Pts',(0.0874368213430332,0.0583987410624927,
0.0352));
#11011=CARTESIAN_POINT('Ctrl Pts',(0.0874926900258945,0.0585031290706104,
0.0352));
#11012=CARTESIAN_POINT('',(0.0854540547719883,0.0532560753138965,0.0342));
#11013=CARTESIAN_POINT('',(0.0854540547719883,0.0532560753138965,0.0352));
#11014=CARTESIAN_POINT('Ctrl Pts',(0.0854540547719883,0.0532560753138965,
0.0342));
#11015=CARTESIAN_POINT('Ctrl Pts',(0.0865194354787754,0.0560375697787707,
0.0342));
#11016=CARTESIAN_POINT('Ctrl Pts',(0.0874368213430332,0.0583987410624927,
0.0342));
#11017=CARTESIAN_POINT('Ctrl Pts',(0.0874926900258945,0.0585031290706104,
0.0342));
#11018=CARTESIAN_POINT('Ctrl Pts',(0.083463255745499,0.0481118665393298,
0.0352));
#11019=CARTESIAN_POINT('Ctrl Pts',(0.083463255745499,0.0481118665393298,
0.0342));
#11020=CARTESIAN_POINT('Ctrl Pts',(0.0834928178945469,0.0481596882327502,
0.0352));
#11021=CARTESIAN_POINT('Ctrl Pts',(0.0834928178945469,0.0481596882327502,
0.0342));
#11022=CARTESIAN_POINT('Ctrl Pts',(0.0843886740652011,0.0504745808490222,
0.0352));
#11023=CARTESIAN_POINT('Ctrl Pts',(0.0843886740652011,0.0504745808490222,
0.0342));
#11024=CARTESIAN_POINT('Ctrl Pts',(0.0854540547719883,0.0532560753138965,
0.0352));
#11025=CARTESIAN_POINT('Ctrl Pts',(0.0854540547719883,0.0532560753138965,
0.0342));
#11026=CARTESIAN_POINT('',(0.083463255745499,0.0481118665393298,0.0352));
#11027=CARTESIAN_POINT('Ctrl Pts',(0.083463255745499,0.0481118665393298,
0.0352));
#11028=CARTESIAN_POINT('Ctrl Pts',(0.0834928178945469,0.0481596882327502,
0.0352));
#11029=CARTESIAN_POINT('Ctrl Pts',(0.0843886740652011,0.0504745808490222,
0.0352));
#11030=CARTESIAN_POINT('Ctrl Pts',(0.0854540547719883,0.0532560753138965,
0.0352));
#11031=CARTESIAN_POINT('',(0.083463255745499,0.0481118665393298,0.0342));
#11032=CARTESIAN_POINT('',(0.083463255745499,0.0481118665393298,0.0352));
#11033=CARTESIAN_POINT('Ctrl Pts',(0.083463255745499,0.0481118665393298,
0.0342));
#11034=CARTESIAN_POINT('Ctrl Pts',(0.0834928178945469,0.0481596882327502,
0.0342));
#11035=CARTESIAN_POINT('Ctrl Pts',(0.0843886740652011,0.0504745808490222,
0.0342));
#11036=CARTESIAN_POINT('Ctrl Pts',(0.0854540547719883,0.0532560753138965,
0.0342));
#11037=CARTESIAN_POINT('Ctrl Pts',(0.0841018311086582,0.0480249120601123,
0.0352));
#11038=CARTESIAN_POINT('Ctrl Pts',(0.0841018311086582,0.0480249120601123,
0.0342));
#11039=CARTESIAN_POINT('Ctrl Pts',(0.08372105008754,0.0480249120601123,
0.0352));
#11040=CARTESIAN_POINT('Ctrl Pts',(0.08372105008754,0.0480249120601123,
0.0342));
#11041=CARTESIAN_POINT('Ctrl Pts',(0.0834336935964511,0.0480640375789111,
0.0352));
#11042=CARTESIAN_POINT('Ctrl Pts',(0.0834336935964511,0.0480640375789111,
0.0342));
#11043=CARTESIAN_POINT('Ctrl Pts',(0.083463255745499,0.0481118665393298,
0.0352));
#11044=CARTESIAN_POINT('Ctrl Pts',(0.083463255745499,0.0481118665393298,
0.0342));
#11045=CARTESIAN_POINT('',(0.0841018311086582,0.0480249120601123,0.0352));
#11046=CARTESIAN_POINT('Ctrl Pts',(0.0841018311086582,0.0480249120601123,
0.0352));
#11047=CARTESIAN_POINT('Ctrl Pts',(0.08372105008754,0.0480249120601123,
0.0352));
#11048=CARTESIAN_POINT('Ctrl Pts',(0.0834336935964511,0.0480640375789111,
0.0352));
#11049=CARTESIAN_POINT('Ctrl Pts',(0.083463255745499,0.0481118665393298,
0.0352));
#11050=CARTESIAN_POINT('',(0.0841018311086582,0.0480249120601123,0.0342));
#11051=CARTESIAN_POINT('',(0.0841018311086582,0.0480249120601123,0.0352));
#11052=CARTESIAN_POINT('Ctrl Pts',(0.0841018311086582,0.0480249120601123,
0.0342));
#11053=CARTESIAN_POINT('Ctrl Pts',(0.08372105008754,0.0480249120601123,
0.0342));
#11054=CARTESIAN_POINT('Ctrl Pts',(0.0834336935964511,0.0480640375789111,
0.0342));
#11055=CARTESIAN_POINT('Ctrl Pts',(0.083463255745499,0.0481118665393298,
0.0342));
#11056=CARTESIAN_POINT('Origin',(0.0847941531911777,0.0480249120601123,
0.0352));
#11057=CARTESIAN_POINT('',(0.0674864746220552,0.0480249120601123,0.0352));
#11058=CARTESIAN_POINT('',(0.0847941531911777,0.0480249120601123,0.0342));
#11059=CARTESIAN_POINT('Origin',(0.0881533619085239,0.0533542476161426,
0.0342));
#11060=CARTESIAN_POINT('Origin',(0.0501787960529327,0.0270862977003685,
0.0352));
#11061=CARTESIAN_POINT('Origin',(0.0501787960529327,0.0270862977003685,
0.0352));
#11062=CARTESIAN_POINT('Origin',(0.0501787960529327,0.0270862977003685,
0.0352));
#11063=CARTESIAN_POINT('Origin',(0.0501787960529327,0.0270862977003685,
0.0352));
#11064=CARTESIAN_POINT('Origin',(0.0501787960529327,0.0270862977003685,
0.0352));
#11065=CARTESIAN_POINT('Origin',(0.0501787960529327,0.0270862977003685,
0.0352));
#11066=CARTESIAN_POINT('Ctrl Pts',(0.0376396454334259,0.00215012221813202,
0.0352));
#11067=CARTESIAN_POINT('Ctrl Pts',(0.0376396454334259,0.00215012221813202,
0.0342));
#11068=CARTESIAN_POINT('Ctrl Pts',(0.0375264029200986,0.00201809721612087,
0.0352));
#11069=CARTESIAN_POINT('Ctrl Pts',(0.0375264029200986,0.00201809721612087,
0.0342));
#11070=CARTESIAN_POINT('Ctrl Pts',(0.0373106036157097,0.00176650527631983,
0.0352));
#11071=CARTESIAN_POINT('Ctrl Pts',(0.0373106036157097,0.00176650527631983,
0.0342));
#11072=CARTESIAN_POINT('Ctrl Pts',(0.0371348397368142,0.00148555293415077,
0.0352));
#11073=CARTESIAN_POINT('Ctrl Pts',(0.0371348397368142,0.00148555293415077,
0.0342));
#11074=CARTESIAN_POINT('Ctrl Pts',(0.0370513094425201,0.00135203271389008,
0.0352));
#11075=CARTESIAN_POINT('Ctrl Pts',(0.0370513094425201,0.00135203271389008,
0.0342));
#11076=CARTESIAN_POINT('',(0.0376396454334259,0.00215012221813202,0.0352));
#11077=CARTESIAN_POINT('',(0.0370513094425201,0.00135203271389008,0.0352));
#11078=CARTESIAN_POINT('Ctrl Pts',(0.0376396454334259,0.00215012221813202,
0.0352));
#11079=CARTESIAN_POINT('Ctrl Pts',(0.0375264029200986,0.00201809721612087,
0.0352));
#11080=CARTESIAN_POINT('Ctrl Pts',(0.0373106036157097,0.00176650527631983,
0.0352));
#11081=CARTESIAN_POINT('Ctrl Pts',(0.0371348397368142,0.00148555293415077,
0.0352));
#11082=CARTESIAN_POINT('Ctrl Pts',(0.0370513094425201,0.00135203271389008,
0.0352));
#11083=CARTESIAN_POINT('',(0.0376396454334259,0.00215012221813202,0.0342));
#11084=CARTESIAN_POINT('',(0.0376396454334259,0.00215012221813202,0.0352));
#11085=CARTESIAN_POINT('',(0.0370513094425201,0.00135203271389008,0.0342));
#11086=CARTESIAN_POINT('Ctrl Pts',(0.0376396454334259,0.00215012221813202,
0.0342));
#11087=CARTESIAN_POINT('Ctrl Pts',(0.0375264029200986,0.00201809721612087,
0.0342));
#11088=CARTESIAN_POINT('Ctrl Pts',(0.0373106036157097,0.00176650527631983,
0.0342));
#11089=CARTESIAN_POINT('Ctrl Pts',(0.0371348397368142,0.00148555293415077,
0.0342));
#11090=CARTESIAN_POINT('Ctrl Pts',(0.0370513094425201,0.00135203271389008,
0.0342));
#11091=CARTESIAN_POINT('',(0.0370513094425201,0.00135203271389008,0.0352));
#11092=CARTESIAN_POINT('Ctrl Pts',(0.0393637240886688,0.00380769401073456,
0.0352));
#11093=CARTESIAN_POINT('Ctrl Pts',(0.0393637240886688,0.00380769401073456,
0.0342));
#11094=CARTESIAN_POINT('Ctrl Pts',(0.0389888516282625,0.00346603354295085,
0.0352));
#11095=CARTESIAN_POINT('Ctrl Pts',(0.0389888516282625,0.00346603354295085,
0.0342));
#11096=CARTESIAN_POINT('Ctrl Pts',(0.0383993451285203,0.00292875463415826,
0.0352));
#11097=CARTESIAN_POINT('Ctrl Pts',(0.0383993451285203,0.00292875463415826,
0.0342));
#11098=CARTESIAN_POINT('Ctrl Pts',(0.037842417718016,0.00235794785617436,
0.0352));
#11099=CARTESIAN_POINT('Ctrl Pts',(0.037842417718016,0.00235794785617436,
0.0342));
#11100=CARTESIAN_POINT('Ctrl Pts',(0.0376396454334259,0.00215012221813202,
0.0352));
#11101=CARTESIAN_POINT('Ctrl Pts',(0.0376396454334259,0.00215012221813202,
0.0342));
#11102=CARTESIAN_POINT('',(0.0393637240886688,0.00380769401073456,0.0352));
#11103=CARTESIAN_POINT('Ctrl Pts',(0.0393637240886688,0.00380769401073456,
0.0352));
#11104=CARTESIAN_POINT('Ctrl Pts',(0.0389888516282625,0.00346603354295085,
0.0352));
#11105=CARTESIAN_POINT('Ctrl Pts',(0.0383993451285203,0.00292875463415826,
0.0352));
#11106=CARTESIAN_POINT('Ctrl Pts',(0.037842417718016,0.00235794785617436,
0.0352));
#11107=CARTESIAN_POINT('Ctrl Pts',(0.0376396454334259,0.00215012221813202,
0.0352));
#11108=CARTESIAN_POINT('',(0.0393637240886688,0.00380769401073456,0.0342));
#11109=CARTESIAN_POINT('',(0.0393637240886688,0.00380769401073456,0.0352));
#11110=CARTESIAN_POINT('Ctrl Pts',(0.0393637240886688,0.00380769401073456,
0.0342));
#11111=CARTESIAN_POINT('Ctrl Pts',(0.0389888516282625,0.00346603354295085,
0.0342));
#11112=CARTESIAN_POINT('Ctrl Pts',(0.0383993451285203,0.00292875463415826,
0.0342));
#11113=CARTESIAN_POINT('Ctrl Pts',(0.037842417718016,0.00235794785617436,
0.0342));
#11114=CARTESIAN_POINT('Ctrl Pts',(0.0376396454334259,0.00215012221813202,
0.0342));
#11115=CARTESIAN_POINT('Ctrl Pts',(0.0412463987827301,0.00572106390476227,
0.0352));
#11116=CARTESIAN_POINT('Ctrl Pts',(0.0412463987827301,0.00572106390476227,
0.0342));
#11117=CARTESIAN_POINT('Ctrl Pts',(0.0410064099271556,0.00544701242785277,
0.0352));
#11118=CARTESIAN_POINT('Ctrl Pts',(0.0410064099271556,0.00544701242785277,
0.0342));
#11119=CARTESIAN_POINT('Ctrl Pts',(0.0404161713030145,0.00477299876881142,
0.0352));
#11120=CARTESIAN_POINT('Ctrl Pts',(0.0404161713030145,0.00477299876881142,
0.0342));
#11121=CARTESIAN_POINT('Ctrl Pts',(0.0397556687379716,0.00416718570753187,
0.0352));
#11122=CARTESIAN_POINT('Ctrl Pts',(0.0397556687379716,0.00416718570753187,
0.0342));
#11123=CARTESIAN_POINT('Ctrl Pts',(0.0393637240886688,0.00380769401073456,
0.0352));
#11124=CARTESIAN_POINT('Ctrl Pts',(0.0393637240886688,0.00380769401073456,
0.0342));
#11125=CARTESIAN_POINT('',(0.0412463987827301,0.00572106390476227,0.0352));
#11126=CARTESIAN_POINT('Ctrl Pts',(0.0412463987827301,0.00572106390476227,
0.0352));
#11127=CARTESIAN_POINT('Ctrl Pts',(0.0410064099271556,0.00544701242785277,
0.0352));
#11128=CARTESIAN_POINT('Ctrl Pts',(0.0404161713030145,0.00477299876881142,
0.0352));
#11129=CARTESIAN_POINT('Ctrl Pts',(0.0397556687379716,0.00416718570753187,
0.0352));
#11130=CARTESIAN_POINT('Ctrl Pts',(0.0393637240886688,0.00380769401073456,
0.0352));
#11131=CARTESIAN_POINT('',(0.0412463987827301,0.00572106390476227,0.0342));
#11132=CARTESIAN_POINT('',(0.0412463987827301,0.00572106390476227,0.0352));
#11133=CARTESIAN_POINT('Ctrl Pts',(0.0412463987827301,0.00572106390476227,
0.0342));
#11134=CARTESIAN_POINT('Ctrl Pts',(0.0410064099271556,0.00544701242785277,
0.0342));
#11135=CARTESIAN_POINT('Ctrl Pts',(0.0404161713030145,0.00477299876881142,
0.0342));
#11136=CARTESIAN_POINT('Ctrl Pts',(0.0397556687379716,0.00416718570753187,
0.0342));
#11137=CARTESIAN_POINT('Ctrl Pts',(0.0393637240886688,0.00380769401073456,
0.0342));
#11138=CARTESIAN_POINT('Ctrl Pts',(0.042397488451004,0.0076395502614975,
0.0352));
#11139=CARTESIAN_POINT('Ctrl Pts',(0.042397488451004,0.0076395502614975,
0.0342));
#11140=CARTESIAN_POINT('Ctrl Pts',(0.0422510680817389,0.00732108831069413,
0.0352));
#11141=CARTESIAN_POINT('Ctrl Pts',(0.0422510680817389,0.00732108831069413,
0.0342));
#11142=CARTESIAN_POINT('Ctrl Pts',(0.0419378168575043,0.0066397719305892,
0.0352));
#11143=CARTESIAN_POINT('Ctrl Pts',(0.0419378168575043,0.0066397719305892,
0.0342));
#11144=CARTESIAN_POINT('Ctrl Pts',(0.0414866699229218,0.00604031940721753,
0.0352));
#11145=CARTESIAN_POINT('Ctrl Pts',(0.0414866699229218,0.00604031940721753,
0.0342));
#11146=CARTESIAN_POINT('Ctrl Pts',(0.0412463987827301,0.00572106390476227,
0.0352));
#11147=CARTESIAN_POINT('Ctrl Pts',(0.0412463987827301,0.00572106390476227,
0.0342));
#11148=CARTESIAN_POINT('',(0.042397488451004,0.0076395502614975,0.0352));
#11149=CARTESIAN_POINT('Ctrl Pts',(0.042397488451004,0.0076395502614975,
0.0352));
#11150=CARTESIAN_POINT('Ctrl Pts',(0.0422510680817389,0.00732108831069413,
0.0352));
#11151=CARTESIAN_POINT('Ctrl Pts',(0.0419378168575043,0.0066397719305892,
0.0352));
#11152=CARTESIAN_POINT('Ctrl Pts',(0.0414866699229218,0.00604031940721753,
0.0352));
#11153=CARTESIAN_POINT('Ctrl Pts',(0.0412463987827301,0.00572106390476227,
0.0352));
#11154=CARTESIAN_POINT('',(0.042397488451004,0.0076395502614975,0.0342));
#11155=CARTESIAN_POINT('',(0.042397488451004,0.0076395502614975,0.0352));
#11156=CARTESIAN_POINT('Ctrl Pts',(0.042397488451004,0.0076395502614975,
0.0342));
#11157=CARTESIAN_POINT('Ctrl Pts',(0.0422510680817389,0.00732108831069413,
0.0342));
#11158=CARTESIAN_POINT('Ctrl Pts',(0.0419378168575043,0.0066397719305892,
0.0342));
#11159=CARTESIAN_POINT('Ctrl Pts',(0.0414866699229218,0.00604031940721753,
0.0342));
#11160=CARTESIAN_POINT('Ctrl Pts',(0.0412463987827301,0.00572106390476227,
0.0342));
#11161=CARTESIAN_POINT('Ctrl Pts',(0.0427607239246368,0.00956826715946198,
0.0352));
#11162=CARTESIAN_POINT('Ctrl Pts',(0.0427607239246368,0.00956826715946198,
0.0342));
#11163=CARTESIAN_POINT('Ctrl Pts',(0.0427460262700175,0.00923577039602783,
0.0352));
#11164=CARTESIAN_POINT('Ctrl Pts',(0.0427460262700175,0.00923577039602783,
0.0342));
#11165=CARTESIAN_POINT('Ctrl Pts',(0.0427168394696178,0.00857549384719923,
0.0352));
#11166=CARTESIAN_POINT('Ctrl Pts',(0.0427168394696178,0.00857549384719923,
0.0342));
#11167=CARTESIAN_POINT('Ctrl Pts',(0.0425034305969334,0.00795004205942101,
0.0352));
#11168=CARTESIAN_POINT('Ctrl Pts',(0.0425034305969334,0.00795004205942101,
0.0342));
#11169=CARTESIAN_POINT('Ctrl Pts',(0.042397488451004,0.0076395502614975,
0.0352));
#11170=CARTESIAN_POINT('Ctrl Pts',(0.042397488451004,0.0076395502614975,
0.0342));
#11171=CARTESIAN_POINT('',(0.0427607239246368,0.00956826715946198,0.0352));
#11172=CARTESIAN_POINT('Ctrl Pts',(0.0427607239246368,0.00956826715946198,
0.0352));
#11173=CARTESIAN_POINT('Ctrl Pts',(0.0427460262700175,0.00923577039602783,
0.0352));
#11174=CARTESIAN_POINT('Ctrl Pts',(0.0427168394696178,0.00857549384719923,
0.0352));
#11175=CARTESIAN_POINT('Ctrl Pts',(0.0425034305969334,0.00795004205942101,
0.0352));
#11176=CARTESIAN_POINT('Ctrl Pts',(0.042397488451004,0.0076395502614975,
0.0352));
#11177=CARTESIAN_POINT('',(0.0427607239246368,0.00956826715946198,0.0342));
#11178=CARTESIAN_POINT('',(0.0427607239246368,0.00956826715946198,0.0352));
#11179=CARTESIAN_POINT('Ctrl Pts',(0.0427607239246368,0.00956826715946198,
0.0342));
#11180=CARTESIAN_POINT('Ctrl Pts',(0.0427460262700175,0.00923577039602783,
0.0342));
#11181=CARTESIAN_POINT('Ctrl Pts',(0.0427168394696178,0.00857549384719923,
0.0342));
#11182=CARTESIAN_POINT('Ctrl Pts',(0.0425034305969334,0.00795004205942101,
0.0342));
#11183=CARTESIAN_POINT('Ctrl Pts',(0.042397488451004,0.0076395502614975,
0.0342));
#11184=CARTESIAN_POINT('Ctrl Pts',(0.0414919651508331,0.0125457575845718,
0.0352));
#11185=CARTESIAN_POINT('Ctrl Pts',(0.0414919651508331,0.0125457575845718,
0.0342));
#11186=CARTESIAN_POINT('Ctrl Pts',(0.0418620162780469,0.012120713882397,
0.0352));
#11187=CARTESIAN_POINT('Ctrl Pts',(0.0418620162780469,0.012120713882397,
0.0342));
#11188=CARTESIAN_POINT('Ctrl Pts',(0.0426064231561756,0.011265682152629,
0.0352));
#11189=CARTESIAN_POINT('Ctrl Pts',(0.0426064231561756,0.011265682152629,
0.0342));
#11190=CARTESIAN_POINT('Ctrl Pts',(0.0427090924359327,0.0101362491852152,
0.0352));
#11191=CARTESIAN_POINT('Ctrl Pts',(0.0427090924359327,0.0101362491852152,
0.0342));
#11192=CARTESIAN_POINT('Ctrl Pts',(0.0427607239246368,0.00956826715946198,
0.0352));
#11193=CARTESIAN_POINT('Ctrl Pts',(0.0427607239246368,0.00956826715946198,
0.0342));
#11194=CARTESIAN_POINT('',(0.0414919651508331,0.0125457575845718,0.0352));
#11195=CARTESIAN_POINT('Ctrl Pts',(0.0414919651508331,0.0125457575845718,
0.0352));
#11196=CARTESIAN_POINT('Ctrl Pts',(0.0418620162780469,0.012120713882397,
0.0352));
#11197=CARTESIAN_POINT('Ctrl Pts',(0.0426064231561756,0.011265682152629,
0.0352));
#11198=CARTESIAN_POINT('Ctrl Pts',(0.0427090924359327,0.0101362491852152,
0.0352));
#11199=CARTESIAN_POINT('Ctrl Pts',(0.0427607239246368,0.00956826715946198,
0.0352));
#11200=CARTESIAN_POINT('',(0.0414919651508331,0.0125457575845718,0.0342));
#11201=CARTESIAN_POINT('',(0.0414919651508331,0.0125457575845718,0.0352));
#11202=CARTESIAN_POINT('Ctrl Pts',(0.0414919651508331,0.0125457575845718,
0.0342));
#11203=CARTESIAN_POINT('Ctrl Pts',(0.0418620162780469,0.012120713882397,
0.0342));
#11204=CARTESIAN_POINT('Ctrl Pts',(0.0426064231561756,0.011265682152629,
0.0342));
#11205=CARTESIAN_POINT('Ctrl Pts',(0.0427090924359327,0.0101362491852152,
0.0342));
#11206=CARTESIAN_POINT('Ctrl Pts',(0.0427607239246368,0.00956826715946198,
0.0342));
#11207=CARTESIAN_POINT('Ctrl Pts',(0.0380028785228729,0.0137428930330277,
0.0352));
#11208=CARTESIAN_POINT('Ctrl Pts',(0.0380028785228729,0.0137428930330277,
0.0342));
#11209=CARTESIAN_POINT('Ctrl Pts',(0.0386868184026138,0.0137077665049279,
0.0352));
#11210=CARTESIAN_POINT('Ctrl Pts',(0.0386868184026138,0.0137077665049279,
0.0342));
#11211=CARTESIAN_POINT('Ctrl Pts',(0.0399690703572848,0.0136419112146445,
0.0352));
#11212=CARTESIAN_POINT('Ctrl Pts',(0.0399690703572848,0.0136419112146445,
0.0342));
#11213=CARTESIAN_POINT('Ctrl Pts',(0.041007447564893,0.0128945050574191,
0.0352));
#11214=CARTESIAN_POINT('Ctrl Pts',(0.041007447564893,0.0128945050574191,
0.0342));
#11215=CARTESIAN_POINT('Ctrl Pts',(0.0414919651508331,0.0125457575845718,
0.0352));
#11216=CARTESIAN_POINT('Ctrl Pts',(0.0414919651508331,0.0125457575845718,
0.0342));
#11217=CARTESIAN_POINT('',(0.0388858877546404,0.013681500248909,0.0342));
#11218=CARTESIAN_POINT('',(0.0388858877546404,0.013681500248909,0.0352));
#11219=CARTESIAN_POINT('Ctrl Pts',(0.0388858877546403,0.013681500248909,
0.0342));
#11220=CARTESIAN_POINT('Ctrl Pts',(0.0388858877546403,0.013681500248909,
0.0343666666666667));
#11221=CARTESIAN_POINT('Ctrl Pts',(0.0388858877546403,0.013681500248909,
0.0345333333333333));
#11222=CARTESIAN_POINT('Ctrl Pts',(0.0388858877546403,0.013681500248909,
0.0348666666666667));
#11223=CARTESIAN_POINT('Ctrl Pts',(0.0388858877546403,0.013681500248909,
0.0350333333333333));
#11224=CARTESIAN_POINT('Ctrl Pts',(0.0388858877546403,0.013681500248909,
0.0352));
#11225=CARTESIAN_POINT('Ctrl Pts',(0.0388858877546404,0.013681500248909,
0.0342));
#11226=CARTESIAN_POINT('Ctrl Pts',(0.039266234293659,0.0136409678630597,
0.0342));
#11227=CARTESIAN_POINT('Ctrl Pts',(0.0402089477267809,0.0134692515861137,
0.0342));
#11228=CARTESIAN_POINT('Ctrl Pts',(0.041007447564893,0.0128945050574191,
0.0342));
#11229=CARTESIAN_POINT('Ctrl Pts',(0.0414919651508331,0.0125457575845718,
0.0342));
#11230=CARTESIAN_POINT('Ctrl Pts',(0.0388858877546404,0.013681500248909,
0.0352));
#11231=CARTESIAN_POINT('Ctrl Pts',(0.039266234293659,0.0136409678630597,
0.0352));
#11232=CARTESIAN_POINT('Ctrl Pts',(0.0402089477267809,0.0134692515861137,
0.0352));
#11233=CARTESIAN_POINT('Ctrl Pts',(0.041007447564893,0.0128945050574191,
0.0352));
#11234=CARTESIAN_POINT('Ctrl Pts',(0.0414919651508331,0.0125457575845718,
0.0352));
#11235=CARTESIAN_POINT('Ctrl Pts',(0.0346263421535492,0.0127094688940048,
0.0352));
#11236=CARTESIAN_POINT('Ctrl Pts',(0.0346263421535492,0.0127094688940048,
0.0342));
#11237=CARTESIAN_POINT('Ctrl Pts',(0.0351193261942111,0.0130107004943971,
0.0352));
#11238=CARTESIAN_POINT('Ctrl Pts',(0.0351193261942111,0.0130107004943971,
0.0342));
#11239=CARTESIAN_POINT('Ctrl Pts',(0.036154217806487,0.0136430577937934,
0.0352));
#11240=CARTESIAN_POINT('Ctrl Pts',(0.036154217806487,0.0136430577937934,
0.0342));
#11241=CARTESIAN_POINT('Ctrl Pts',(0.0373675387473389,0.0137085820867717,
0.0352));
#11242=CARTESIAN_POINT('Ctrl Pts',(0.0373675387473389,0.0137085820867717,
0.0342));
#11243=CARTESIAN_POINT('Ctrl Pts',(0.0380028785228729,0.0137428930330277,
0.0352));
#11244=CARTESIAN_POINT('Ctrl Pts',(0.0380028785228729,0.0137428930330277,
0.0342));
#11245=CARTESIAN_POINT('',(0.0371410192928357,0.013681500248909,0.0352));
#11246=CARTESIAN_POINT('',(0.0371410192928357,0.013681500248909,0.0342));
#11247=CARTESIAN_POINT('Ctrl Pts',(0.0371410192928357,0.013681500248909,
0.0352));
#11248=CARTESIAN_POINT('Ctrl Pts',(0.0371410192928357,0.013681500248909,
0.0350333333333333));
#11249=CARTESIAN_POINT('Ctrl Pts',(0.0371410192928357,0.013681500248909,
0.0348666666666667));
#11250=CARTESIAN_POINT('Ctrl Pts',(0.0371410192928357,0.013681500248909,
0.0345333333333333));
#11251=CARTESIAN_POINT('Ctrl Pts',(0.0371410192928357,0.013681500248909,
0.0343666666666667));
#11252=CARTESIAN_POINT('Ctrl Pts',(0.0371410192928357,0.013681500248909,
0.0342));
#11253=CARTESIAN_POINT('',(0.0346263421535492,0.0127094688940048,0.0352));
#11254=CARTESIAN_POINT('Ctrl Pts',(0.0346263421535492,0.0127094688940048,
0.0352));
#11255=CARTESIAN_POINT('Ctrl Pts',(0.0351193261942111,0.0130107004943971,
0.0352));
#11256=CARTESIAN_POINT('Ctrl Pts',(0.035907872628906,0.0134925317199838,
0.0352));
#11257=CARTESIAN_POINT('Ctrl Pts',(0.0368000122167279,0.0136452689625511,
0.0352));
#11258=CARTESIAN_POINT('Ctrl Pts',(0.0371410192928357,0.013681500248909,
0.0352));
#11259=CARTESIAN_POINT('',(0.0346263421535492,0.0127094688940048,0.0342));
#11260=CARTESIAN_POINT('',(0.0346263421535492,0.0127094688940048,0.0352));
#11261=CARTESIAN_POINT('Ctrl Pts',(0.0346263421535492,0.0127094688940048,
0.0342));
#11262=CARTESIAN_POINT('Ctrl Pts',(0.0351193261942111,0.0130107004943971,
0.0342));
#11263=CARTESIAN_POINT('Ctrl Pts',(0.0359078726289074,0.0134925317199846,
0.0342));
#11264=CARTESIAN_POINT('Ctrl Pts',(0.0368000122167262,0.0136452689625511,
0.0342));
#11265=CARTESIAN_POINT('Ctrl Pts',(0.0371410192928357,0.013681500248909,
0.0342));
#11266=CARTESIAN_POINT('Ctrl Pts',(0.0330199302196502,0.00930223732471466,
0.0352));
#11267=CARTESIAN_POINT('Ctrl Pts',(0.0330199302196502,0.00930223732471466,
0.0342));
#11268=CARTESIAN_POINT('Ctrl Pts',(0.0331258978512834,0.0100167890356885,
0.0352));
#11269=CARTESIAN_POINT('Ctrl Pts',(0.0331258978512834,0.0100167890356885,
0.0342));
#11270=CARTESIAN_POINT('Ctrl Pts',(0.0333194745555692,0.0113220986205145,
0.0352));
#11271=CARTESIAN_POINT('Ctrl Pts',(0.0333194745555692,0.0113220986205145,
0.0342));
#11272=CARTESIAN_POINT('Ctrl Pts',(0.0342191613224794,0.0122772058385626,
0.0352));
#11273=CARTESIAN_POINT('Ctrl Pts',(0.0342191613224794,0.0122772058385626,
0.0342));
#11274=CARTESIAN_POINT('Ctrl Pts',(0.0346263421535492,0.0127094688940048,
0.0352));
#11275=CARTESIAN_POINT('Ctrl Pts',(0.0346263421535492,0.0127094688940048,
0.0342));
#11276=CARTESIAN_POINT('',(0.0330199302196502,0.00930223732471466,0.0352));
#11277=CARTESIAN_POINT('Ctrl Pts',(0.0330199302196502,0.00930223732471466,
0.0352));
#11278=CARTESIAN_POINT('Ctrl Pts',(0.0331258978512834,0.0100167890356885,
0.0352));
#11279=CARTESIAN_POINT('Ctrl Pts',(0.0333194745555692,0.0113220986205145,
0.0352));
#11280=CARTESIAN_POINT('Ctrl Pts',(0.0342191613224794,0.0122772058385626,
0.0352));
#11281=CARTESIAN_POINT('Ctrl Pts',(0.0346263421535492,0.0127094688940048,
0.0352));
#11282=CARTESIAN_POINT('',(0.0330199302196502,0.00930223732471466,0.0342));
#11283=CARTESIAN_POINT('',(0.0330199302196502,0.00930223732471466,0.0352));
#11284=CARTESIAN_POINT('Ctrl Pts',(0.0330199302196502,0.00930223732471466,
0.0342));
#11285=CARTESIAN_POINT('Ctrl Pts',(0.0331258978512834,0.0100167890356885,
0.0342));
#11286=CARTESIAN_POINT('Ctrl Pts',(0.0333194745555692,0.0113220986205145,
0.0342));
#11287=CARTESIAN_POINT('Ctrl Pts',(0.0342191613224794,0.0122772058385626,
0.0342));
#11288=CARTESIAN_POINT('Ctrl Pts',(0.0346263421535492,0.0127094688940048,
0.0342));
#11289=CARTESIAN_POINT('Origin',(0.0358848703861236,0.00901574402332306,
0.0352));
#11290=CARTESIAN_POINT('',(0.0358848703861236,0.00901574402332306,0.0352));
#11291=CARTESIAN_POINT('',(0.0420664918850752,0.00839758341672026,0.0352));
#11292=CARTESIAN_POINT('',(0.0358848703861236,0.00901574402332306,0.0342));
#11293=CARTESIAN_POINT('',(0.0358848703861236,0.00901574402332306,0.0352));
#11294=CARTESIAN_POINT('',(0.0358848703861236,0.00901574402332306,0.0342));
#11295=CARTESIAN_POINT('Ctrl Pts',(0.0364987839221954,0.0108165624666214,
0.0352));
#11296=CARTESIAN_POINT('Ctrl Pts',(0.0364987839221954,0.0108165624666214,
0.0342));
#11297=CARTESIAN_POINT('Ctrl Pts',(0.0363393894103715,0.0105833064181968,
0.0352));
#11298=CARTESIAN_POINT('Ctrl Pts',(0.0363393894103715,0.0105833064181968,
0.0342));
#11299=CARTESIAN_POINT('Ctrl Pts',(0.035970484514354,0.0100434553448761,
0.0352));
#11300=CARTESIAN_POINT('Ctrl Pts',(0.035970484514354,0.0100434553448761,
0.0342));
#11301=CARTESIAN_POINT('Ctrl Pts',(0.0359158810622099,0.00938799593502936,
0.0352));
#11302=CARTESIAN_POINT('Ctrl Pts',(0.0359158810622099,0.00938799593502936,
0.0342));
#11303=CARTESIAN_POINT('Ctrl Pts',(0.0358848703861236,0.00901574402332306,
0.0352));
#11304=CARTESIAN_POINT('Ctrl Pts',(0.0358848703861236,0.00901574402332306,
0.0342));
#11305=CARTESIAN_POINT('',(0.0364987839221954,0.0108165624666214,0.0352));
#11306=CARTESIAN_POINT('Ctrl Pts',(0.0364987839221954,0.0108165624666214,
0.0352));
#11307=CARTESIAN_POINT('Ctrl Pts',(0.0363393894103715,0.0105833064181968,
0.0352));
#11308=CARTESIAN_POINT('Ctrl Pts',(0.035970484514354,0.0100434553448761,
0.0352));
#11309=CARTESIAN_POINT('Ctrl Pts',(0.0359158810622099,0.00938799593502936,
0.0352));
#11310=CARTESIAN_POINT('Ctrl Pts',(0.0358848703861236,0.00901574402332306,
0.0352));
#11311=CARTESIAN_POINT('',(0.0364987839221954,0.0108165624666214,0.0342));
#11312=CARTESIAN_POINT('',(0.0364987839221954,0.0108165624666214,0.0352));
#11313=CARTESIAN_POINT('Ctrl Pts',(0.0364987839221954,0.0108165624666214,
0.0342));
#11314=CARTESIAN_POINT('Ctrl Pts',(0.0363393894103715,0.0105833064181968,
0.0342));
#11315=CARTESIAN_POINT('Ctrl Pts',(0.035970484514354,0.0100434553448761,
0.0342));
#11316=CARTESIAN_POINT('Ctrl Pts',(0.0359158810622099,0.00938799593502936,
0.0342));
#11317=CARTESIAN_POINT('Ctrl Pts',(0.0358848703861236,0.00901574402332306,
0.0342));
#11318=CARTESIAN_POINT('Ctrl Pts',(0.037931255197525,0.0113588538694382,
0.0352));
#11319=CARTESIAN_POINT('Ctrl Pts',(0.037931255197525,0.0113588538694382,
0.0342));
#11320=CARTESIAN_POINT('Ctrl Pts',(0.0376511934405782,0.011340894423834,
0.0352));
#11321=CARTESIAN_POINT('Ctrl Pts',(0.0376511934405782,0.011340894423834,
0.0342));
#11322=CARTESIAN_POINT('Ctrl Pts',(0.037116576526983,0.0113066111875811,
0.0352));
#11323=CARTESIAN_POINT('Ctrl Pts',(0.037116576526983,0.0113066111875811,
0.0342));
#11324=CARTESIAN_POINT('Ctrl Pts',(0.0366980589589303,0.01097463246635,
0.0352));
#11325=CARTESIAN_POINT('Ctrl Pts',(0.0366980589589303,0.01097463246635,
0.0342));
#11326=CARTESIAN_POINT('Ctrl Pts',(0.0364987839221954,0.0108165624666214,
0.0352));
#11327=CARTESIAN_POINT('Ctrl Pts',(0.0364987839221954,0.0108165624666214,
0.0342));
#11328=CARTESIAN_POINT('',(0.037931255197525,0.0113588538694382,0.0352));
#11329=CARTESIAN_POINT('Ctrl Pts',(0.037931255197525,0.0113588538694382,
0.0352));
#11330=CARTESIAN_POINT('Ctrl Pts',(0.0376511934405782,0.011340894423834,
0.0352));
#11331=CARTESIAN_POINT('Ctrl Pts',(0.037116576526983,0.0113066111875811,
0.0352));
#11332=CARTESIAN_POINT('Ctrl Pts',(0.0366980589589303,0.01097463246635,
0.0352));
#11333=CARTESIAN_POINT('Ctrl Pts',(0.0364987839221954,0.0108165624666214,
0.0352));
#11334=CARTESIAN_POINT('',(0.037931255197525,0.0113588538694382,0.0342));
#11335=CARTESIAN_POINT('',(0.037931255197525,0.0113588538694382,0.0352));
#11336=CARTESIAN_POINT('Ctrl Pts',(0.037931255197525,0.0113588538694382,
0.0342));
#11337=CARTESIAN_POINT('Ctrl Pts',(0.0376511934405782,0.011340894423834,
0.0342));
#11338=CARTESIAN_POINT('Ctrl Pts',(0.037116576526983,0.0113066111875811,
0.0342));
#11339=CARTESIAN_POINT('Ctrl Pts',(0.0366980589589303,0.01097463246635,
0.0342));
#11340=CARTESIAN_POINT('Ctrl Pts',(0.0364987839221954,0.0108165624666214,
0.0342));
#11341=CARTESIAN_POINT('Ctrl Pts',(0.0393586076259613,0.0108421423959732,
0.0352));
#11342=CARTESIAN_POINT('Ctrl Pts',(0.0393586076259613,0.0108421423959732,
0.0342));
#11343=CARTESIAN_POINT('Ctrl Pts',(0.0391615875846099,0.0109926966393234,
0.0352));
#11344=CARTESIAN_POINT('Ctrl Pts',(0.0391615875846099,0.0109926966393234,
0.0342));
#11345=CARTESIAN_POINT('Ctrl Pts',(0.0387417271548017,0.011313535924956,
0.0352));
#11346=CARTESIAN_POINT('Ctrl Pts',(0.0387417271548017,0.011313535924956,
0.0342));
#11347=CARTESIAN_POINT('Ctrl Pts',(0.0382122660203842,0.0113431410088575,
0.0352));
#11348=CARTESIAN_POINT('Ctrl Pts',(0.0382122660203842,0.0113431410088575,
0.0342));
#11349=CARTESIAN_POINT('Ctrl Pts',(0.037931255197525,0.0113588538694382,
0.0352));
#11350=CARTESIAN_POINT('Ctrl Pts',(0.037931255197525,0.0113588538694382,
0.0342));
#11351=CARTESIAN_POINT('',(0.0393586076259613,0.0108421423959732,0.0352));
#11352=CARTESIAN_POINT('Ctrl Pts',(0.0393586076259613,0.0108421423959732,
0.0352));
#11353=CARTESIAN_POINT('Ctrl Pts',(0.0391615875846099,0.0109926966393234,
0.0352));
#11354=CARTESIAN_POINT('Ctrl Pts',(0.0387417271548017,0.011313535924956,
0.0352));
#11355=CARTESIAN_POINT('Ctrl Pts',(0.0382122660203842,0.0113431410088575,
0.0352));
#11356=CARTESIAN_POINT('Ctrl Pts',(0.037931255197525,0.0113588538694382,
0.0352));
#11357=CARTESIAN_POINT('',(0.0393586076259613,0.0108421423959732,0.0342));
#11358=CARTESIAN_POINT('',(0.0393586076259613,0.0108421423959732,0.0352));
#11359=CARTESIAN_POINT('Ctrl Pts',(0.0393586076259613,0.0108421423959732,
0.0342));
#11360=CARTESIAN_POINT('Ctrl Pts',(0.0391615875846099,0.0109926966393234,
0.0342));
#11361=CARTESIAN_POINT('Ctrl Pts',(0.0387417271548017,0.011313535924956,
0.0342));
#11362=CARTESIAN_POINT('Ctrl Pts',(0.0382122660203842,0.0113431410088575,
0.0342));
#11363=CARTESIAN_POINT('Ctrl Pts',(0.037931255197525,0.0113588538694382,
0.0342));
#11364=CARTESIAN_POINT('Ctrl Pts',(0.0398753202915191,0.00936362891674042,
0.0352));
#11365=CARTESIAN_POINT('Ctrl Pts',(0.0398753202915191,0.00936362891674042,
0.0342));
#11366=CARTESIAN_POINT('Ctrl Pts',(0.039861202105884,0.00965776259041599,
0.0352));
#11367=CARTESIAN_POINT('Ctrl Pts',(0.039861202105884,0.00965776259041599,
0.0342));
#11368=CARTESIAN_POINT('Ctrl Pts',(0.0398349736080585,0.0102041985574576,
0.0352));
#11369=CARTESIAN_POINT('Ctrl Pts',(0.0398349736080585,0.0102041985574576,
0.0342));
#11370=CARTESIAN_POINT('Ctrl Pts',(0.0395090802347272,0.0106406312108021,
0.0352));
#11371=CARTESIAN_POINT('Ctrl Pts',(0.0395090802347272,0.0106406312108021,
0.0342));
#11372=CARTESIAN_POINT('Ctrl Pts',(0.0393586076259613,0.0108421423959732,
0.0352));
#11373=CARTESIAN_POINT('Ctrl Pts',(0.0393586076259613,0.0108421423959732,
0.0342));
#11374=CARTESIAN_POINT('',(0.0398753202915191,0.00936362891674042,0.0352));
#11375=CARTESIAN_POINT('Ctrl Pts',(0.0398753202915191,0.00936362891674042,
0.0352));
#11376=CARTESIAN_POINT('Ctrl Pts',(0.039861202105884,0.00965776259041599,
0.0352));
#11377=CARTESIAN_POINT('Ctrl Pts',(0.0398349736080585,0.0102041985574576,
0.0352));
#11378=CARTESIAN_POINT('Ctrl Pts',(0.0395090802347272,0.0106406312108021,
0.0352));
#11379=CARTESIAN_POINT('Ctrl Pts',(0.0393586076259613,0.0108421423959732,
0.0352));
#11380=CARTESIAN_POINT('',(0.0398753202915191,0.00936362891674042,0.0342));
#11381=CARTESIAN_POINT('',(0.0398753202915191,0.00936362891674042,0.0352));
#11382=CARTESIAN_POINT('Ctrl Pts',(0.0398753202915191,0.00936362891674042,
0.0342));
#11383=CARTESIAN_POINT('Ctrl Pts',(0.039861202105884,0.00965776259041599,
0.0342));
#11384=CARTESIAN_POINT('Ctrl Pts',(0.0398349736080585,0.0102041985574576,
0.0342));
#11385=CARTESIAN_POINT('Ctrl Pts',(0.0395090802347272,0.0106406312108021,
0.0342));
#11386=CARTESIAN_POINT('Ctrl Pts',(0.0393586076259613,0.0108421423959732,
0.0342));
#11387=CARTESIAN_POINT('Ctrl Pts',(0.0392818678379058,0.00760373740673066,
0.0352));
#11388=CARTESIAN_POINT('Ctrl Pts',(0.0392818678379058,0.00760373740673066,
0.0342));
#11389=CARTESIAN_POINT('Ctrl Pts',(0.0394547996226247,0.00789069875031201,
0.0352));
#11390=CARTESIAN_POINT('Ctrl Pts',(0.0394547996226247,0.00789069875031201,
0.0342));
#11391=CARTESIAN_POINT('Ctrl Pts',(0.0397826214872293,0.00843468320565799,
0.0352));
#11392=CARTESIAN_POINT('Ctrl Pts',(0.0397826214872293,0.00843468320565799,
0.0342));
#11393=CARTESIAN_POINT('Ctrl Pts',(0.039845575584835,0.00906555368358867,
0.0352));
#11394=CARTESIAN_POINT('Ctrl Pts',(0.039845575584835,0.00906555368358867,
0.0342));
#11395=CARTESIAN_POINT('Ctrl Pts',(0.0398753202915191,0.00936362891674042,
0.0352));
#11396=CARTESIAN_POINT('Ctrl Pts',(0.0398753202915191,0.00936362891674042,
0.0342));
#11397=CARTESIAN_POINT('',(0.0392818678379058,0.00760373740673066,0.0352));
#11398=CARTESIAN_POINT('Ctrl Pts',(0.0392818678379058,0.00760373740673066,
0.0352));
#11399=CARTESIAN_POINT('Ctrl Pts',(0.0394547996226247,0.00789069875031201,
0.0352));
#11400=CARTESIAN_POINT('Ctrl Pts',(0.0397826214872293,0.00843468320565799,
0.0352));
#11401=CARTESIAN_POINT('Ctrl Pts',(0.039845575584835,0.00906555368358867,
0.0352));
#11402=CARTESIAN_POINT('Ctrl Pts',(0.0398753202915191,0.00936362891674042,
0.0352));
#11403=CARTESIAN_POINT('',(0.0392818678379058,0.00760373740673066,0.0342));
#11404=CARTESIAN_POINT('',(0.0392818678379058,0.00760373740673066,0.0352));
#11405=CARTESIAN_POINT('Ctrl Pts',(0.0392818678379058,0.00760373740673066,
0.0342));
#11406=CARTESIAN_POINT('Ctrl Pts',(0.0394547996226247,0.00789069875031201,
0.0342));
#11407=CARTESIAN_POINT('Ctrl Pts',(0.0397826214872293,0.00843468320565799,
0.0342));
#11408=CARTESIAN_POINT('Ctrl Pts',(0.039845575584835,0.00906555368358867,
0.0342));
#11409=CARTESIAN_POINT('Ctrl Pts',(0.0398753202915191,0.00936362891674042,
0.0342));
#11410=CARTESIAN_POINT('Ctrl Pts',(0.0368978298664093,0.00514807610988617,
0.0352));
#11411=CARTESIAN_POINT('Ctrl Pts',(0.0368978298664093,0.00514807610988617,
0.0342));
#11412=CARTESIAN_POINT('Ctrl Pts',(0.0374346838470772,0.0056411117616188,
0.0352));
#11413=CARTESIAN_POINT('Ctrl Pts',(0.0374346838470772,0.0056411117616188,
0.0342));
#11414=CARTESIAN_POINT('Ctrl Pts',(0.0382768931989777,0.00641457950454759,
0.0352));
#11415=CARTESIAN_POINT('Ctrl Pts',(0.0382768931989777,0.00641457950454759,
0.0342));
#11416=CARTESIAN_POINT('Ctrl Pts',(0.03901445424653,0.00728731451104956,
0.0352));
#11417=CARTESIAN_POINT('Ctrl Pts',(0.03901445424653,0.00728731451104956,
0.0342));
#11418=CARTESIAN_POINT('Ctrl Pts',(0.0392818678379058,0.00760373740673066,
0.0352));
#11419=CARTESIAN_POINT('Ctrl Pts',(0.0392818678379058,0.00760373740673066,
0.0342));
#11420=CARTESIAN_POINT('',(0.0368978298664093,0.00514807610988617,0.0352));
#11421=CARTESIAN_POINT('Ctrl Pts',(0.0368978298664093,0.00514807610988617,
0.0352));
#11422=CARTESIAN_POINT('Ctrl Pts',(0.0374346838470772,0.0056411117616188,
0.0352));
#11423=CARTESIAN_POINT('Ctrl Pts',(0.0382768931989777,0.00641457950454759,
0.0352));
#11424=CARTESIAN_POINT('Ctrl Pts',(0.03901445424653,0.00728731451104956,
0.0352));
#11425=CARTESIAN_POINT('Ctrl Pts',(0.0392818678379058,0.00760373740673066,
0.0352));
#11426=CARTESIAN_POINT('',(0.0368978298664093,0.00514807610988617,0.0342));
#11427=CARTESIAN_POINT('',(0.0368978298664093,0.00514807610988617,0.0352));
#11428=CARTESIAN_POINT('Ctrl Pts',(0.0368978298664093,0.00514807610988617,
0.0342));
#11429=CARTESIAN_POINT('Ctrl Pts',(0.0374346838470772,0.0056411117616188,
0.0342));
#11430=CARTESIAN_POINT('Ctrl Pts',(0.0382768931989777,0.00641457950454759,
0.0342));
#11431=CARTESIAN_POINT('Ctrl Pts',(0.03901445424653,0.00728731451104956,
0.0342));
#11432=CARTESIAN_POINT('Ctrl Pts',(0.0392818678379058,0.00760373740673066,
0.0342));
#11433=CARTESIAN_POINT('Ctrl Pts',(0.0336645425319671,0.00155155568599701,
0.0352));
#11434=CARTESIAN_POINT('Ctrl Pts',(0.0336645425319671,0.00155155568599701,
0.0342));
#11435=CARTESIAN_POINT('Ctrl Pts',(0.0340573980920616,0.0020886538696121,
0.0352));
#11436=CARTESIAN_POINT('Ctrl Pts',(0.0340573980920616,0.0020886538696121,
0.0342));
#11437=CARTESIAN_POINT('Ctrl Pts',(0.0350128790764686,0.00339495357192581,
0.0352));
#11438=CARTESIAN_POINT('Ctrl Pts',(0.0350128790764686,0.00339495357192581,
0.0342));
#11439=CARTESIAN_POINT('Ctrl Pts',(0.0361992482439965,0.00449835135664987,
0.0352));
#11440=CARTESIAN_POINT('Ctrl Pts',(0.0361992482439965,0.00449835135664987,
0.0342));
#11441=CARTESIAN_POINT('Ctrl Pts',(0.0368978298664093,0.00514807610988617,
0.0352));
#11442=CARTESIAN_POINT('Ctrl Pts',(0.0368978298664093,0.00514807610988617,
0.0342));
#11443=CARTESIAN_POINT('',(0.0336645425319671,0.00155155568599701,0.0352));
#11444=CARTESIAN_POINT('Ctrl Pts',(0.0336645425319671,0.00155155568599701,
0.0352));
#11445=CARTESIAN_POINT('Ctrl Pts',(0.0340573980920616,0.0020886538696121,
0.0352));
#11446=CARTESIAN_POINT('Ctrl Pts',(0.0350128790764686,0.00339495357192581,
0.0352));
#11447=CARTESIAN_POINT('Ctrl Pts',(0.0361992482439965,0.00449835135664987,
0.0352));
#11448=CARTESIAN_POINT('Ctrl Pts',(0.0368978298664093,0.00514807610988617,
0.0352));
#11449=CARTESIAN_POINT('',(0.0336645425319671,0.00155155568599701,0.0342));
#11450=CARTESIAN_POINT('',(0.0336645425319671,0.00155155568599701,0.0352));
#11451=CARTESIAN_POINT('Ctrl Pts',(0.0336645425319671,0.00155155568599701,
0.0342));
#11452=CARTESIAN_POINT('Ctrl Pts',(0.0340573980920616,0.0020886538696121,
0.0342));
#11453=CARTESIAN_POINT('Ctrl Pts',(0.0350128790764686,0.00339495357192581,
0.0342));
#11454=CARTESIAN_POINT('Ctrl Pts',(0.0361992482439965,0.00449835135664987,
0.0342));
#11455=CARTESIAN_POINT('Ctrl Pts',(0.0368978298664093,0.00514807610988617,
0.0342));
#11456=CARTESIAN_POINT('Ctrl Pts',(0.032682277059555,-0.001318499751091,
0.0352));
#11457=CARTESIAN_POINT('Ctrl Pts',(0.032682277059555,-0.001318499751091,
0.0342));
#11458=CARTESIAN_POINT('Ctrl Pts',(0.0327654868387932,-0.000818098424981297,
0.0352));
#11459=CARTESIAN_POINT('Ctrl Pts',(0.0327654868387932,-0.000818098424981297,
0.0342));
#11460=CARTESIAN_POINT('Ctrl Pts',(0.0329336034287283,0.000192909719912899,
0.0352));
#11461=CARTESIAN_POINT('Ctrl Pts',(0.0329336034287283,0.000192909719912899,
0.0342));
#11462=CARTESIAN_POINT('Ctrl Pts',(0.0334192620246516,0.0010956362115201,
0.0352));
#11463=CARTESIAN_POINT('Ctrl Pts',(0.0334192620246516,0.0010956362115201,
0.0342));
#11464=CARTESIAN_POINT('Ctrl Pts',(0.0336645425319671,0.00155155568599701,
0.0352));
#11465=CARTESIAN_POINT('Ctrl Pts',(0.0336645425319671,0.00155155568599701,
0.0342));
#11466=CARTESIAN_POINT('',(0.032682277059555,-0.001318499751091,0.0352));
#11467=CARTESIAN_POINT('Ctrl Pts',(0.032682277059555,-0.001318499751091,
0.0352));
#11468=CARTESIAN_POINT('Ctrl Pts',(0.0327654868387932,-0.000818098424981297,
0.0352));
#11469=CARTESIAN_POINT('Ctrl Pts',(0.0329336034287283,0.000192909719912899,
0.0352));
#11470=CARTESIAN_POINT('Ctrl Pts',(0.0334192620246516,0.0010956362115201,
0.0352));
#11471=CARTESIAN_POINT('Ctrl Pts',(0.0336645425319671,0.00155155568599701,
0.0352));
#11472=CARTESIAN_POINT('',(0.032682277059555,-0.001318499751091,0.0342));
#11473=CARTESIAN_POINT('',(0.032682277059555,-0.001318499751091,0.0352));
#11474=CARTESIAN_POINT('Ctrl Pts',(0.032682277059555,-0.001318499751091,
0.0342));
#11475=CARTESIAN_POINT('Ctrl Pts',(0.0327654868387932,-0.000818098424981297,
0.0342));
#11476=CARTESIAN_POINT('Ctrl Pts',(0.0329336034287283,0.000192909719912899,
0.0342));
#11477=CARTESIAN_POINT('Ctrl Pts',(0.0334192620246516,0.0010956362115201,
0.0342));
#11478=CARTESIAN_POINT('Ctrl Pts',(0.0336645425319671,0.00155155568599701,
0.0342));
#11479=CARTESIAN_POINT('Origin',(0.0427607239246368,-0.001318499751091,
0.0352));
#11480=CARTESIAN_POINT('',(0.0427607239246368,-0.001318499751091,0.0352));
#11481=CARTESIAN_POINT('',(0.0464697599887847,-0.001318499751091,0.0352));
#11482=CARTESIAN_POINT('',(0.0427607239246368,-0.001318499751091,0.0342));
#11483=CARTESIAN_POINT('',(0.0427607239246368,-0.001318499751091,0.0352));
#11484=CARTESIAN_POINT('',(0.0427607239246368,-0.001318499751091,0.0342));
#11485=CARTESIAN_POINT('Origin',(0.0427607239246368,0.00135203271389008,
0.0352));
#11486=CARTESIAN_POINT('',(0.0427607239246368,0.00135203271389008,0.0352));
#11487=CARTESIAN_POINT('',(0.0427607239246368,0.0142191652071293,0.0352));
#11488=CARTESIAN_POINT('',(0.0427607239246368,0.00135203271389008,0.0342));
#11489=CARTESIAN_POINT('',(0.0427607239246368,0.00135203271389008,0.0352));
#11490=CARTESIAN_POINT('',(0.0427607239246368,0.00135203271389008,0.0342));
#11491=CARTESIAN_POINT('Origin',(0.0370513094425201,0.00135203271389008,
0.0352));
#11492=CARTESIAN_POINT('',(0.0436150527477264,0.00135203271389008,0.0352));
#11493=CARTESIAN_POINT('',(0.0370513094425201,0.00135203271389008,0.0342));
#11494=CARTESIAN_POINT('Origin',(0.0497204769611358,0.00608429759025574,
0.0342));
#11495=CARTESIAN_POINT('',(0.0499196365070343,0.013681500248909,0.0342));
#11496=CARTESIAN_POINT('Ctrl Pts',(0.0601693190097808,-0.00157429785251617,
0.0352));
#11497=CARTESIAN_POINT('Ctrl Pts',(0.0601693190097808,-0.00157429785251617,
0.0342));
#11498=CARTESIAN_POINT('Ctrl Pts',(0.0595285598766526,-0.00153311108546975,
0.0352));
#11499=CARTESIAN_POINT('Ctrl Pts',(0.0595285598766526,-0.00153311108546975,
0.0342));
#11500=CARTESIAN_POINT('Ctrl Pts',(0.0582926987683559,-0.00145367230584498,
0.0352));
#11501=CARTESIAN_POINT('Ctrl Pts',(0.0582926987683559,-0.00145367230584498,
0.0342));
#11502=CARTESIAN_POINT('Ctrl Pts',(0.0572802873085525,-0.000744316944067267,
0.0352));
#11503=CARTESIAN_POINT('Ctrl Pts',(0.0572802873085525,-0.000744316944067267,
0.0342));
#11504=CARTESIAN_POINT('Ctrl Pts',(0.0567927826404571,-0.000402742333412167,
0.0352));
#11505=CARTESIAN_POINT('Ctrl Pts',(0.0567927826404571,-0.000402742333412167,
0.0342));
#11506=CARTESIAN_POINT('',(0.0601693190097808,-0.00157429785251617,0.0352));
#11507=CARTESIAN_POINT('',(0.0567927826404571,-0.000402742333412167,0.0352));
#11508=CARTESIAN_POINT('Ctrl Pts',(0.0601693190097808,-0.00157429785251617,
0.0352));
#11509=CARTESIAN_POINT('Ctrl Pts',(0.0595285598766526,-0.00153311108546975,
0.0352));
#11510=CARTESIAN_POINT('Ctrl Pts',(0.0582926987683559,-0.00145367230584498,
0.0352));
#11511=CARTESIAN_POINT('Ctrl Pts',(0.0572802873085525,-0.000744316944067267,
0.0352));
#11512=CARTESIAN_POINT('Ctrl Pts',(0.0567927826404571,-0.000402742333412167,
0.0352));
#11513=CARTESIAN_POINT('',(0.0601693190097808,-0.00157429785251617,0.0342));
#11514=CARTESIAN_POINT('',(0.0601693190097808,-0.00157429785251617,0.0352));
#11515=CARTESIAN_POINT('',(0.0567927826404571,-0.000402742333412167,0.0342));
#11516=CARTESIAN_POINT('Ctrl Pts',(0.0601693190097808,-0.00157429785251617,
0.0342));
#11517=CARTESIAN_POINT('Ctrl Pts',(0.0595285598766526,-0.00153311108546975,
0.0342));
#11518=CARTESIAN_POINT('Ctrl Pts',(0.0582926987683559,-0.00145367230584498,
0.0342));
#11519=CARTESIAN_POINT('Ctrl Pts',(0.0572802873085525,-0.000744316944067267,
0.0342));
#11520=CARTESIAN_POINT('Ctrl Pts',(0.0567927826404571,-0.000402742333412167,
0.0342));
#11521=CARTESIAN_POINT('',(0.0567927826404571,-0.000402742333412167,0.0352));
#11522=CARTESIAN_POINT('Ctrl Pts',(0.0637607229709625,-0.000182755894660946,
0.0352));
#11523=CARTESIAN_POINT('Ctrl Pts',(0.0637607229709625,-0.000182755894660946,
0.0342));
#11524=CARTESIAN_POINT('Ctrl Pts',(0.0632436994607372,-0.000588579165035057,
0.0352));
#11525=CARTESIAN_POINT('Ctrl Pts',(0.0632436994607372,-0.000588579165035057,
0.0342));
#11526=CARTESIAN_POINT('Ctrl Pts',(0.0621891884304854,-0.0014162883629319,
0.0352));
#11527=CARTESIAN_POINT('Ctrl Pts',(0.0621891884304854,-0.0014162883629319,
0.0342));
#11528=CARTESIAN_POINT('Ctrl Pts',(0.0608512634785884,-0.0015209509894286,
0.0352));
#11529=CARTESIAN_POINT('Ctrl Pts',(0.0608512634785884,-0.0015209509894286,
0.0342));
#11530=CARTESIAN_POINT('Ctrl Pts',(0.0601693190097808,-0.00157429785251617,
0.0352));
#11531=CARTESIAN_POINT('Ctrl Pts',(0.0601693190097808,-0.00157429785251617,
0.0342));
#11532=CARTESIAN_POINT('',(0.0637607229709625,-0.000182755894660946,0.0352));
#11533=CARTESIAN_POINT('Ctrl Pts',(0.0637607229709625,-0.000182755894660946,
0.0352));
#11534=CARTESIAN_POINT('Ctrl Pts',(0.0632436994607372,-0.000588579165035057,
0.0352));
#11535=CARTESIAN_POINT('Ctrl Pts',(0.0621891884304854,-0.0014162883629319,
0.0352));
#11536=CARTESIAN_POINT('Ctrl Pts',(0.0608512634785884,-0.0015209509894286,
0.0352));
#11537=CARTESIAN_POINT('Ctrl Pts',(0.0601693190097808,-0.00157429785251617,
0.0352));
#11538=CARTESIAN_POINT('',(0.0637607229709625,-0.000182755894660946,0.0342));
#11539=CARTESIAN_POINT('',(0.0637607229709625,-0.000182755894660946,0.0352));
#11540=CARTESIAN_POINT('Ctrl Pts',(0.0637607229709625,-0.000182755894660946,
0.0342));
#11541=CARTESIAN_POINT('Ctrl Pts',(0.0632436994607372,-0.000588579165035057,
0.0342));
#11542=CARTESIAN_POINT('Ctrl Pts',(0.0621891884304854,-0.0014162883629319,
0.0342));
#11543=CARTESIAN_POINT('Ctrl Pts',(0.0608512634785884,-0.0015209509894286,
0.0342));
#11544=CARTESIAN_POINT('Ctrl Pts',(0.0601693190097808,-0.00157429785251617,
0.0342));
#11545=CARTESIAN_POINT('Ctrl Pts',(0.0652034271717071,0.00318354754924775,
0.0352));
#11546=CARTESIAN_POINT('Ctrl Pts',(0.0652034271717071,0.00318354754924775,
0.0342));
#11547=CARTESIAN_POINT('Ctrl Pts',(0.0651423085469645,0.00254862659302197,
0.0352));
#11548=CARTESIAN_POINT('Ctrl Pts',(0.0651423085469645,0.00254862659302197,
0.0342));
#11549=CARTESIAN_POINT('Ctrl Pts',(0.0650195541849464,0.00127341274059044,
0.0352));
#11550=CARTESIAN_POINT('Ctrl Pts',(0.0650195541849464,0.00127341274059044,
0.0342));
#11551=CARTESIAN_POINT('Ctrl Pts',(0.0641815101513832,0.000303994900392324,
0.0352));
#11552=CARTESIAN_POINT('Ctrl Pts',(0.0641815101513832,0.000303994900392324,
0.0342));
#11553=CARTESIAN_POINT('Ctrl Pts',(0.0637607229709625,-0.000182755894660946,
0.0352));
#11554=CARTESIAN_POINT('Ctrl Pts',(0.0637607229709625,-0.000182755894660946,
0.0342));
#11555=CARTESIAN_POINT('',(0.0652034271717071,0.00318354754924775,0.0352));
#11556=CARTESIAN_POINT('Ctrl Pts',(0.0652034271717071,0.00318354754924775,
0.0352));
#11557=CARTESIAN_POINT('Ctrl Pts',(0.0651423085469645,0.00254862659302197,
0.0352));
#11558=CARTESIAN_POINT('Ctrl Pts',(0.0650195541849464,0.00127341274059044,
0.0352));
#11559=CARTESIAN_POINT('Ctrl Pts',(0.0641815101513832,0.000303994900392324,
0.0352));
#11560=CARTESIAN_POINT('Ctrl Pts',(0.0637607229709625,-0.000182755894660946,
0.0352));
#11561=CARTESIAN_POINT('',(0.0652034271717071,0.00318354754924775,0.0342));
#11562=CARTESIAN_POINT('',(0.0652034271717071,0.00318354754924775,0.0352));
#11563=CARTESIAN_POINT('Ctrl Pts',(0.0652034271717071,0.00318354754924775,
0.0342));
#11564=CARTESIAN_POINT('Ctrl Pts',(0.0651423085469645,0.00254862659302197,
0.0342));
#11565=CARTESIAN_POINT('Ctrl Pts',(0.0650195541849464,0.00127341274059044,
0.0342));
#11566=CARTESIAN_POINT('Ctrl Pts',(0.0641815101513832,0.000303994900392324,
0.0342));
#11567=CARTESIAN_POINT('Ctrl Pts',(0.0637607229709625,-0.000182755894660946,
0.0342));
#11568=CARTESIAN_POINT('Ctrl Pts',(0.0644309128284454,0.00550619392871857,
0.0352));
#11569=CARTESIAN_POINT('Ctrl Pts',(0.0644309128284454,0.00550619392871857,
0.0342));
#11570=CARTESIAN_POINT('Ctrl Pts',(0.0646561847434072,0.00516319848964231,
0.0352));
#11571=CARTESIAN_POINT('Ctrl Pts',(0.0646561847434072,0.00516319848964231,
0.0342));
#11572=CARTESIAN_POINT('Ctrl Pts',(0.065119097994143,0.00445837412786037,
0.0352));
#11573=CARTESIAN_POINT('Ctrl Pts',(0.065119097994143,0.00445837412786037,
0.0342));
#11574=CARTESIAN_POINT('Ctrl Pts',(0.0651748211233178,0.00361599278171852,
0.0352));
#11575=CARTESIAN_POINT('Ctrl Pts',(0.0651748211233178,0.00361599278171852,
0.0342));
#11576=CARTESIAN_POINT('Ctrl Pts',(0.0652034271717071,0.00318354754924775,
0.0352));
#11577=CARTESIAN_POINT('Ctrl Pts',(0.0652034271717071,0.00318354754924775,
0.0342));
#11578=CARTESIAN_POINT('',(0.0644309128284454,0.00550619392871857,0.0352));
#11579=CARTESIAN_POINT('Ctrl Pts',(0.0644309128284454,0.00550619392871857,
0.0352));
#11580=CARTESIAN_POINT('Ctrl Pts',(0.0646561847434072,0.00516319848964231,
0.0352));
#11581=CARTESIAN_POINT('Ctrl Pts',(0.065119097994143,0.00445837412786037,
0.0352));
#11582=CARTESIAN_POINT('Ctrl Pts',(0.0651748211233178,0.00361599278171852,
0.0352));
#11583=CARTESIAN_POINT('Ctrl Pts',(0.0652034271717071,0.00318354754924775,
0.0352));
#11584=CARTESIAN_POINT('',(0.0644309128284454,0.00550619392871857,0.0342));
#11585=CARTESIAN_POINT('',(0.0644309128284454,0.00550619392871857,0.0352));
#11586=CARTESIAN_POINT('Ctrl Pts',(0.0644309128284454,0.00550619392871857,
0.0342));
#11587=CARTESIAN_POINT('Ctrl Pts',(0.0646561847434072,0.00516319848964231,
0.0342));
#11588=CARTESIAN_POINT('Ctrl Pts',(0.065119097994143,0.00445837412786037,
0.0342));
#11589=CARTESIAN_POINT('Ctrl Pts',(0.0651748211233178,0.00361599278171852,
0.0342));
#11590=CARTESIAN_POINT('Ctrl Pts',(0.0652034271717071,0.00318354754924775,
0.0342));
#11591=CARTESIAN_POINT('Ctrl Pts',(0.0623691833972931,0.00674425631046296,
0.0352));
#11592=CARTESIAN_POINT('Ctrl Pts',(0.0623691833972931,0.00674425631046296,
0.0342));
#11593=CARTESIAN_POINT('Ctrl Pts',(0.062774956837361,0.00662660336617105,
0.0352));
#11594=CARTESIAN_POINT('Ctrl Pts',(0.062774956837361,0.00662660336617105,
0.0342));
#11595=CARTESIAN_POINT('Ctrl Pts',(0.0635720342567327,0.00639549285977131,
0.0352));
#11596=CARTESIAN_POINT('Ctrl Pts',(0.0635720342567327,0.00639549285977131,
0.0342));
#11597=CARTESIAN_POINT('Ctrl Pts',(0.0641481058077158,0.00579901760544335,
0.0352));
#11598=CARTESIAN_POINT('Ctrl Pts',(0.0641481058077158,0.00579901760544335,
0.0342));
#11599=CARTESIAN_POINT('Ctrl Pts',(0.0644309128284454,0.00550619392871857,
0.0352));
#11600=CARTESIAN_POINT('Ctrl Pts',(0.0644309128284454,0.00550619392871857,
0.0342));
#11601=CARTESIAN_POINT('',(0.0623691833972931,0.00674425631046296,0.0352));
#11602=CARTESIAN_POINT('Ctrl Pts',(0.0623691833972931,0.00674425631046296,
0.0352));
#11603=CARTESIAN_POINT('Ctrl Pts',(0.062774956837361,0.00662660336617105,
0.0352));
#11604=CARTESIAN_POINT('Ctrl Pts',(0.0635720342567327,0.00639549285977131,
0.0352));
#11605=CARTESIAN_POINT('Ctrl Pts',(0.0641481058077158,0.00579901760544335,
0.0352));
#11606=CARTESIAN_POINT('Ctrl Pts',(0.0644309128284454,0.00550619392871857,
0.0352));
#11607=CARTESIAN_POINT('',(0.0623691833972931,0.00674425631046296,0.0342));
#11608=CARTESIAN_POINT('',(0.0623691833972931,0.00674425631046296,0.0352));
#11609=CARTESIAN_POINT('Ctrl Pts',(0.0623691833972931,0.00674425631046296,
0.0342));
#11610=CARTESIAN_POINT('Ctrl Pts',(0.062774956837361,0.00662660336617105,
0.0342));
#11611=CARTESIAN_POINT('Ctrl Pts',(0.0635720342567327,0.00639549285977131,
0.0342));
#11612=CARTESIAN_POINT('Ctrl Pts',(0.0641481058077158,0.00579901760544335,
0.0342));
#11613=CARTESIAN_POINT('Ctrl Pts',(0.0644309128284454,0.00550619392871857,
0.0342));
#11614=CARTESIAN_POINT('Ctrl Pts',(0.0645281160831451,0.00989568977832794,
0.0352));
#11615=CARTESIAN_POINT('Ctrl Pts',(0.0645281160831451,0.00989568977832794,
0.0342));
#11616=CARTESIAN_POINT('Ctrl Pts',(0.0644161130553831,0.00925937940999199,
0.0352));
#11617=CARTESIAN_POINT('Ctrl Pts',(0.0644161130553831,0.00925937940999199,
0.0342));
#11618=CARTESIAN_POINT('Ctrl Pts',(0.064175836150446,0.00789432090275198,
0.0352));
#11619=CARTESIAN_POINT('Ctrl Pts',(0.064175836150446,0.00789432090275198,
0.0342));
#11620=CARTESIAN_POINT('Ctrl Pts',(0.0629979877971314,0.00714453559737492,
0.0352));
#11621=CARTESIAN_POINT('Ctrl Pts',(0.0629979877971314,0.00714453559737492,
0.0342));
#11622=CARTESIAN_POINT('Ctrl Pts',(0.0623691833972931,0.00674425631046296,
0.0352));
#11623=CARTESIAN_POINT('Ctrl Pts',(0.0623691833972931,0.00674425631046296,
0.0342));
#11624=CARTESIAN_POINT('',(0.0645281160831451,0.00989568977832794,0.0352));
#11625=CARTESIAN_POINT('Ctrl Pts',(0.0645281160831451,0.00989568977832794,
0.0352));
#11626=CARTESIAN_POINT('Ctrl Pts',(0.0644161130553831,0.00925937940999199,
0.0352));
#11627=CARTESIAN_POINT('Ctrl Pts',(0.064175836150446,0.00789432090275198,
0.0352));
#11628=CARTESIAN_POINT('Ctrl Pts',(0.0629979877971314,0.00714453559737492,
0.0352));
#11629=CARTESIAN_POINT('Ctrl Pts',(0.0623691833972931,0.00674425631046296,
0.0352));
#11630=CARTESIAN_POINT('',(0.0645281160831451,0.00989568977832794,0.0342));
#11631=CARTESIAN_POINT('',(0.0645281160831451,0.00989568977832794,0.0352));
#11632=CARTESIAN_POINT('Ctrl Pts',(0.0645281160831451,0.00989568977832794,
0.0342));
#11633=CARTESIAN_POINT('Ctrl Pts',(0.0644161130553831,0.00925937940999199,
0.0342));
#11634=CARTESIAN_POINT('Ctrl Pts',(0.064175836150446,0.00789432090275198,
0.0342));
#11635=CARTESIAN_POINT('Ctrl Pts',(0.0629979877971314,0.00714453559737492,
0.0342));
#11636=CARTESIAN_POINT('Ctrl Pts',(0.0623691833972931,0.00674425631046296,
0.0342));
#11637=CARTESIAN_POINT('Ctrl Pts',(0.0634742296695709,0.0123922792005539,
0.0352));
#11638=CARTESIAN_POINT('Ctrl Pts',(0.0634742296695709,0.0123922792005539,
0.0342));
#11639=CARTESIAN_POINT('Ctrl Pts',(0.0637815527753104,0.0120182995353536,
0.0352));
#11640=CARTESIAN_POINT('Ctrl Pts',(0.0637815527753104,0.0120182995353536,
0.0342));
#11641=CARTESIAN_POINT('Ctrl Pts',(0.0643806874758223,0.0112892160706783,
0.0352));
#11642=CARTESIAN_POINT('Ctrl Pts',(0.0643806874758223,0.0112892160706783,
0.0342));
#11643=CARTESIAN_POINT('Ctrl Pts',(0.0644798287988883,0.0103521113739733,
0.0352));
#11644=CARTESIAN_POINT('Ctrl Pts',(0.0644798287988883,0.0103521113739733,
0.0342));
#11645=CARTESIAN_POINT('Ctrl Pts',(0.0645281160831451,0.00989568977832794,
0.0352));
#11646=CARTESIAN_POINT('Ctrl Pts',(0.0645281160831451,0.00989568977832794,
0.0342));
#11647=CARTESIAN_POINT('',(0.0634742296695709,0.0123922792005539,0.0352));
#11648=CARTESIAN_POINT('Ctrl Pts',(0.0634742296695709,0.0123922792005539,
0.0352));
#11649=CARTESIAN_POINT('Ctrl Pts',(0.0637815527753104,0.0120182995353536,
0.0352));
#11650=CARTESIAN_POINT('Ctrl Pts',(0.0643806874758223,0.0112892160706783,
0.0352));
#11651=CARTESIAN_POINT('Ctrl Pts',(0.0644798287988883,0.0103521113739733,
0.0352));
#11652=CARTESIAN_POINT('Ctrl Pts',(0.0645281160831451,0.00989568977832794,
0.0352));
#11653=CARTESIAN_POINT('',(0.0634742296695709,0.0123922792005539,0.0342));
#11654=CARTESIAN_POINT('',(0.0634742296695709,0.0123922792005539,0.0352));
#11655=CARTESIAN_POINT('Ctrl Pts',(0.0634742296695709,0.0123922792005539,
0.0342));
#11656=CARTESIAN_POINT('Ctrl Pts',(0.0637815527753104,0.0120182995353536,
0.0342));
#11657=CARTESIAN_POINT('Ctrl Pts',(0.0643806874758223,0.0112892160706783,
0.0342));
#11658=CARTESIAN_POINT('Ctrl Pts',(0.0644798287988883,0.0103521113739733,
0.0342));
#11659=CARTESIAN_POINT('Ctrl Pts',(0.0645281160831451,0.00989568977832794,
0.0342));
#11660=CARTESIAN_POINT('Ctrl Pts',(0.0600772322177887,0.0137428930330277,
0.0352));
#11661=CARTESIAN_POINT('Ctrl Pts',(0.0600772322177887,0.0137428930330277,
0.0342));
#11662=CARTESIAN_POINT('Ctrl Pts',(0.060739756694663,0.0136953510962577,
0.0352));
#11663=CARTESIAN_POINT('Ctrl Pts',(0.060739756694663,0.0136953510962577,
0.0342));
#11664=CARTESIAN_POINT('Ctrl Pts',(0.062017896510821,0.0136036333643943,
0.0352));
#11665=CARTESIAN_POINT('Ctrl Pts',(0.062017896510821,0.0136036333643943,
0.0342));
#11666=CARTESIAN_POINT('Ctrl Pts',(0.0630008099515795,0.0127860619989386,
0.0352));
#11667=CARTESIAN_POINT('Ctrl Pts',(0.0630008099515795,0.0127860619989386,
0.0342));
#11668=CARTESIAN_POINT('Ctrl Pts',(0.0634742296695709,0.0123922792005539,
0.0352));
#11669=CARTESIAN_POINT('Ctrl Pts',(0.0634742296695709,0.0123922792005539,
0.0342));
#11670=CARTESIAN_POINT('',(0.0607975147235501,0.013681500248909,0.0342));
#11671=CARTESIAN_POINT('',(0.0607975147235501,0.013681500248909,0.0352));
#11672=CARTESIAN_POINT('Ctrl Pts',(0.0607975147235501,0.013681500248909,
0.0342));
#11673=CARTESIAN_POINT('Ctrl Pts',(0.0607975147235501,0.013681500248909,
0.0343666666666667));
#11674=CARTESIAN_POINT('Ctrl Pts',(0.0607975147235501,0.013681500248909,
0.0345333333333333));
#11675=CARTESIAN_POINT('Ctrl Pts',(0.0607975147235501,0.013681500248909,
0.0348666666666667));
#11676=CARTESIAN_POINT('Ctrl Pts',(0.0607975147235501,0.013681500248909,
0.0350333333333333));
#11677=CARTESIAN_POINT('Ctrl Pts',(0.0607975147235501,0.013681500248909,
0.0352));
#11678=CARTESIAN_POINT('Ctrl Pts',(0.0607975147235501,0.013681500248909,
0.0342));
#11679=CARTESIAN_POINT('Ctrl Pts',(0.0612119735571967,0.0136348236341384,
0.0342));
#11680=CARTESIAN_POINT('Ctrl Pts',(0.0622035166998159,0.0134492375192672,
0.0342));
#11681=CARTESIAN_POINT('Ctrl Pts',(0.0630008099515795,0.0127860619989386,
0.0342));
#11682=CARTESIAN_POINT('Ctrl Pts',(0.0634742296695709,0.0123922792005539,
0.0342));
#11683=CARTESIAN_POINT('Ctrl Pts',(0.0607975147235501,0.013681500248909,
0.0352));
#11684=CARTESIAN_POINT('Ctrl Pts',(0.0612119735571967,0.0136348236341384,
0.0352));
#11685=CARTESIAN_POINT('Ctrl Pts',(0.0622035166998159,0.0134492375192672,
0.0352));
#11686=CARTESIAN_POINT('Ctrl Pts',(0.0630008099515795,0.0127860619989386,
0.0352));
#11687=CARTESIAN_POINT('Ctrl Pts',(0.0634742296695709,0.0123922792005539,
0.0352));
#11688=CARTESIAN_POINT('Ctrl Pts',(0.0578415573596954,0.0132773402261734,
0.0352));
#11689=CARTESIAN_POINT('Ctrl Pts',(0.0578415573596954,0.0132773402261734,
0.0342));
#11690=CARTESIAN_POINT('Ctrl Pts',(0.0581900322072149,0.0134130916910207,
0.0352));
#11691=CARTESIAN_POINT('Ctrl Pts',(0.0581900322072149,0.0134130916910207,
0.0342));
#11692=CARTESIAN_POINT('Ctrl Pts',(0.0589088250804633,0.0136931038243493,
0.0352));
#11693=CARTESIAN_POINT('Ctrl Pts',(0.0589088250804633,0.0136931038243493,
0.0342));
#11694=CARTESIAN_POINT('Ctrl Pts',(0.0596799519915526,0.0137259637731353,
0.0352));
#11695=CARTESIAN_POINT('Ctrl Pts',(0.0596799519915526,0.0137259637731353,
0.0342));
#11696=CARTESIAN_POINT('Ctrl Pts',(0.0600772322177887,0.0137428930330277,
0.0352));
#11697=CARTESIAN_POINT('Ctrl Pts',(0.0600772322177887,0.0137428930330277,
0.0342));
#11698=CARTESIAN_POINT('',(0.0592216906486731,0.013681500248909,0.0352));
#11699=CARTESIAN_POINT('',(0.0592216906486731,0.013681500248909,0.0342));
#11700=CARTESIAN_POINT('Ctrl Pts',(0.0592216906486731,0.013681500248909,
0.0352));
#11701=CARTESIAN_POINT('Ctrl Pts',(0.0592216906486731,0.013681500248909,
0.0350333333333333));
#11702=CARTESIAN_POINT('Ctrl Pts',(0.0592216906486731,0.013681500248909,
0.0348666666666667));
#11703=CARTESIAN_POINT('Ctrl Pts',(0.0592216906486731,0.013681500248909,
0.0345333333333333));
#11704=CARTESIAN_POINT('Ctrl Pts',(0.0592216906486731,0.013681500248909,
0.0343666666666667));
#11705=CARTESIAN_POINT('Ctrl Pts',(0.0592216906486731,0.013681500248909,
0.0342));
#11706=CARTESIAN_POINT('',(0.0578415573596954,0.0132773402261734,0.0352));
#11707=CARTESIAN_POINT('Ctrl Pts',(0.0578415573596954,0.0132773402261734,
0.0352));
#11708=CARTESIAN_POINT('Ctrl Pts',(0.0581900322072149,0.0134130916910207,
0.0352));
#11709=CARTESIAN_POINT('Ctrl Pts',(0.0586413729819017,0.0135889154893384,
0.0352));
#11710=CARTESIAN_POINT('Ctrl Pts',(0.0591133478721807,0.0136672928272808,
0.0352));
#11711=CARTESIAN_POINT('Ctrl Pts',(0.0592216906486731,0.013681500248909,
0.0352));
#11712=CARTESIAN_POINT('',(0.0578415573596954,0.0132773402261734,0.0342));
#11713=CARTESIAN_POINT('',(0.0578415573596954,0.0132773402261734,0.0352));
#11714=CARTESIAN_POINT('Ctrl Pts',(0.0578415573596954,0.0132773402261734,
0.0342));
#11715=CARTESIAN_POINT('Ctrl Pts',(0.0581900322072149,0.0134130916910207,
0.0342));
#11716=CARTESIAN_POINT('Ctrl Pts',(0.0586413729819017,0.0135889154893384,
0.0342));
#11717=CARTESIAN_POINT('Ctrl Pts',(0.0591133478721807,0.0136672928272808,
0.0342));
#11718=CARTESIAN_POINT('Ctrl Pts',(0.0592216906486731,0.013681500248909,
0.0342));
#11719=CARTESIAN_POINT('Ctrl Pts',(0.0562863005161285,0.0119983497190475,
0.0352));
#11720=CARTESIAN_POINT('Ctrl Pts',(0.0562863005161285,0.0119983497190475,
0.0342));
#11721=CARTESIAN_POINT('Ctrl Pts',(0.0564950892818724,0.0122570984872721,
0.0352));
#11722=CARTESIAN_POINT('Ctrl Pts',(0.0564950892818724,0.0122570984872721,
0.0342));
#11723=CARTESIAN_POINT('Ctrl Pts',(0.056925127882909,0.0127900388392629,
0.0352));
#11724=CARTESIAN_POINT('Ctrl Pts',(0.056925127882909,0.0127900388392629,
0.0342));
#11725=CARTESIAN_POINT('Ctrl Pts',(0.0575302362007644,0.0131117985927313,
0.0352));
#11726=CARTESIAN_POINT('Ctrl Pts',(0.0575302362007644,0.0131117985927313,
0.0342));
#11727=CARTESIAN_POINT('Ctrl Pts',(0.0578415573596954,0.0132773402261734,
0.0352));
#11728=CARTESIAN_POINT('Ctrl Pts',(0.0578415573596954,0.0132773402261734,
0.0342));
#11729=CARTESIAN_POINT('',(0.0562863005161285,0.0119983497190475,0.0352));
#11730=CARTESIAN_POINT('Ctrl Pts',(0.0562863005161285,0.0119983497190475,
0.0352));
#11731=CARTESIAN_POINT('Ctrl Pts',(0.0564950892818724,0.0122570984872721,
0.0352));
#11732=CARTESIAN_POINT('Ctrl Pts',(0.056925127882909,0.0127900388392629,
0.0352));
#11733=CARTESIAN_POINT('Ctrl Pts',(0.0575302362007644,0.0131117985927313,
0.0352));
#11734=CARTESIAN_POINT('Ctrl Pts',(0.0578415573596954,0.0132773402261734,
0.0352));
#11735=CARTESIAN_POINT('',(0.0562863005161285,0.0119983497190475,0.0342));
#11736=CARTESIAN_POINT('',(0.0562863005161285,0.0119983497190475,0.0352));
#11737=CARTESIAN_POINT('Ctrl Pts',(0.0562863005161285,0.0119983497190475,
0.0342));
#11738=CARTESIAN_POINT('Ctrl Pts',(0.0564950892818724,0.0122570984872721,
0.0342));
#11739=CARTESIAN_POINT('Ctrl Pts',(0.056925127882909,0.0127900388392629,
0.0342));
#11740=CARTESIAN_POINT('Ctrl Pts',(0.0575302362007644,0.0131117985927313,
0.0342));
#11741=CARTESIAN_POINT('Ctrl Pts',(0.0578415573596954,0.0132773402261734,
0.0342));
#11742=CARTESIAN_POINT('Ctrl Pts',(0.0554524029254913,0.00982406526088715,
0.0352));
#11743=CARTESIAN_POINT('Ctrl Pts',(0.0554524029254913,0.00982406526088715,
0.0342));
#11744=CARTESIAN_POINT('Ctrl Pts',(0.0555467490629386,0.0102404009307611,
0.0352));
#11745=CARTESIAN_POINT('Ctrl Pts',(0.0555467490629386,0.0102404009307611,
0.0342));
#11746=CARTESIAN_POINT('Ctrl Pts',(0.055720298631837,0.0110062497294363,
0.0352));
#11747=CARTESIAN_POINT('Ctrl Pts',(0.055720298631837,0.0110062497294363,
0.0342));
#11748=CARTESIAN_POINT('Ctrl Pts',(0.0561089364833309,0.0116874623174691,
0.0352));
#11749=CARTESIAN_POINT('Ctrl Pts',(0.0561089364833309,0.0116874623174691,
0.0342));
#11750=CARTESIAN_POINT('Ctrl Pts',(0.0562863005161285,0.0119983497190475,
0.0352));
#11751=CARTESIAN_POINT('Ctrl Pts',(0.0562863005161285,0.0119983497190475,
0.0342));
#11752=CARTESIAN_POINT('',(0.0554524029254913,0.00982406526088715,0.0352));
#11753=CARTESIAN_POINT('Ctrl Pts',(0.0554524029254913,0.00982406526088715,
0.0352));
#11754=CARTESIAN_POINT('Ctrl Pts',(0.0555467490629386,0.0102404009307611,
0.0352));
#11755=CARTESIAN_POINT('Ctrl Pts',(0.055720298631837,0.0110062497294363,
0.0352));
#11756=CARTESIAN_POINT('Ctrl Pts',(0.0561089364833309,0.0116874623174691,
0.0352));
#11757=CARTESIAN_POINT('Ctrl Pts',(0.0562863005161285,0.0119983497190475,
0.0352));
#11758=CARTESIAN_POINT('',(0.0554524029254913,0.00982406526088715,0.0342));
#11759=CARTESIAN_POINT('',(0.0554524029254913,0.00982406526088715,0.0352));
#11760=CARTESIAN_POINT('Ctrl Pts',(0.0554524029254913,0.00982406526088715,
0.0342));
#11761=CARTESIAN_POINT('Ctrl Pts',(0.0555467490629386,0.0102404009307611,
0.0342));
#11762=CARTESIAN_POINT('Ctrl Pts',(0.055720298631837,0.0110062497294363,
0.0342));
#11763=CARTESIAN_POINT('Ctrl Pts',(0.0561089364833309,0.0116874623174691,
0.0342));
#11764=CARTESIAN_POINT('Ctrl Pts',(0.0562863005161285,0.0119983497190475,
0.0342));
#11765=CARTESIAN_POINT('Origin',(0.0581024683475494,0.00937386065006256,
0.0352));
#11766=CARTESIAN_POINT('',(0.0581024683475494,0.00937386065006256,0.0352));
#11767=CARTESIAN_POINT('',(0.0527894371147332,0.0102764614457106,0.0352));
#11768=CARTESIAN_POINT('',(0.0581024683475494,0.00937386065006256,0.0342));
#11769=CARTESIAN_POINT('',(0.0581024683475494,0.00937386065006256,0.0352));
#11770=CARTESIAN_POINT('',(0.0581024683475494,0.00937386065006256,0.0342));
#11771=CARTESIAN_POINT('Ctrl Pts',(0.0587368477344513,0.010867722325325,
0.0352));
#11772=CARTESIAN_POINT('Ctrl Pts',(0.0587368477344513,0.010867722325325,
0.0342));
#11773=CARTESIAN_POINT('Ctrl Pts',(0.058578868288646,0.0106659791727172,
0.0352));
#11774=CARTESIAN_POINT('Ctrl Pts',(0.058578868288646,0.0106659791727172,
0.0342));
#11775=CARTESIAN_POINT('Ctrl Pts',(0.0582347885628848,0.0102265819570248,
0.0352));
#11776=CARTESIAN_POINT('Ctrl Pts',(0.0582347885628848,0.0102265819570248,
0.0342));
#11777=CARTESIAN_POINT('Ctrl Pts',(0.05814891451461,0.00967317724487714,
0.0352));
#11778=CARTESIAN_POINT('Ctrl Pts',(0.05814891451461,0.00967317724487714,
0.0342));
#11779=CARTESIAN_POINT('Ctrl Pts',(0.0581024683475494,0.00937386065006256,
0.0352));
#11780=CARTESIAN_POINT('Ctrl Pts',(0.0581024683475494,0.00937386065006256,
0.0342));
#11781=CARTESIAN_POINT('',(0.0587368477344513,0.010867722325325,0.0352));
#11782=CARTESIAN_POINT('Ctrl Pts',(0.0587368477344513,0.010867722325325,
0.0352));
#11783=CARTESIAN_POINT('Ctrl Pts',(0.058578868288646,0.0106659791727172,
0.0352));
#11784=CARTESIAN_POINT('Ctrl Pts',(0.0582347885628848,0.0102265819570248,
0.0352));
#11785=CARTESIAN_POINT('Ctrl Pts',(0.05814891451461,0.00967317724487714,
0.0352));
#11786=CARTESIAN_POINT('Ctrl Pts',(0.0581024683475494,0.00937386065006256,
0.0352));
#11787=CARTESIAN_POINT('',(0.0587368477344513,0.010867722325325,0.0342));
#11788=CARTESIAN_POINT('',(0.0587368477344513,0.010867722325325,0.0352));
#11789=CARTESIAN_POINT('Ctrl Pts',(0.0587368477344513,0.010867722325325,
0.0342));
#11790=CARTESIAN_POINT('Ctrl Pts',(0.058578868288646,0.0106659791727172,
0.0342));
#11791=CARTESIAN_POINT('Ctrl Pts',(0.0582347885628848,0.0102265819570248,
0.0342));
#11792=CARTESIAN_POINT('Ctrl Pts',(0.05814891451461,0.00967317724487714,
0.0342));
#11793=CARTESIAN_POINT('Ctrl Pts',(0.0581024683475494,0.00937386065006256,
0.0342));
#11794=CARTESIAN_POINT('Ctrl Pts',(0.0599953735828399,0.0113793185281754,
0.0352));
#11795=CARTESIAN_POINT('Ctrl Pts',(0.0599953735828399,0.0113793185281754,
0.0342));
#11796=CARTESIAN_POINT('Ctrl Pts',(0.0597589587245016,0.011358195145076,
0.0352));
#11797=CARTESIAN_POINT('Ctrl Pts',(0.0597589587245016,0.011358195145076,
0.0342));
#11798=CARTESIAN_POINT('Ctrl Pts',(0.0592871939288894,0.011316043528293,
0.0352));
#11799=CARTESIAN_POINT('Ctrl Pts',(0.0592871939288894,0.011316043528293,
0.0342));
#11800=CARTESIAN_POINT('Ctrl Pts',(0.0589200201905126,0.0110169376677439,
0.0352));
#11801=CARTESIAN_POINT('Ctrl Pts',(0.0589200201905126,0.0110169376677439,
0.0342));
#11802=CARTESIAN_POINT('Ctrl Pts',(0.0587368477344513,0.010867722325325,
0.0352));
#11803=CARTESIAN_POINT('Ctrl Pts',(0.0587368477344513,0.010867722325325,
0.0342));
#11804=CARTESIAN_POINT('',(0.0599953735828399,0.0113793185281754,0.0352));
#11805=CARTESIAN_POINT('Ctrl Pts',(0.0599953735828399,0.0113793185281754,
0.0352));
#11806=CARTESIAN_POINT('Ctrl Pts',(0.0597589587245016,0.011358195145076,
0.0352));
#11807=CARTESIAN_POINT('Ctrl Pts',(0.0592871939288894,0.011316043528293,
0.0352));
#11808=CARTESIAN_POINT('Ctrl Pts',(0.0589200201905126,0.0110169376677439,
0.0352));
#11809=CARTESIAN_POINT('Ctrl Pts',(0.0587368477344513,0.010867722325325,
0.0352));
#11810=CARTESIAN_POINT('',(0.0599953735828399,0.0113793185281754,0.0342));
#11811=CARTESIAN_POINT('',(0.0599953735828399,0.0113793185281754,0.0352));
#11812=CARTESIAN_POINT('Ctrl Pts',(0.0599953735828399,0.0113793185281754,
0.0342));
#11813=CARTESIAN_POINT('Ctrl Pts',(0.0597589587245016,0.011358195145076,
0.0342));
#11814=CARTESIAN_POINT('Ctrl Pts',(0.0592871939288894,0.011316043528293,
0.0342));
#11815=CARTESIAN_POINT('Ctrl Pts',(0.0589200201905126,0.0110169376677439,
0.0342));
#11816=CARTESIAN_POINT('Ctrl Pts',(0.0587368477344513,0.010867722325325,
0.0342));
#11817=CARTESIAN_POINT('Ctrl Pts',(0.0611925114154815,0.0109291139173508,
0.0352));
#11818=CARTESIAN_POINT('Ctrl Pts',(0.0611925114154815,0.0109291139173508,
0.0342));
#11819=CARTESIAN_POINT('Ctrl Pts',(0.0610249402815987,0.0110603516007086,
0.0352));
#11820=CARTESIAN_POINT('Ctrl Pts',(0.0610249402815987,0.0110603516007086,
0.0342));
#11821=CARTESIAN_POINT('Ctrl Pts',(0.0606741050699394,0.0113351173037965,
0.0352));
#11822=CARTESIAN_POINT('Ctrl Pts',(0.0606741050699394,0.0113351173037965,
0.0342));
#11823=CARTESIAN_POINT('Ctrl Pts',(0.0602282649243966,0.0113641518788601,
0.0352));
#11824=CARTESIAN_POINT('Ctrl Pts',(0.0602282649243966,0.0113641518788601,
0.0342));
#11825=CARTESIAN_POINT('Ctrl Pts',(0.0599953735828399,0.0113793185281754,
0.0352));
#11826=CARTESIAN_POINT('Ctrl Pts',(0.0599953735828399,0.0113793185281754,
0.0342));
#11827=CARTESIAN_POINT('',(0.0611925114154815,0.0109291139173508,0.0352));
#11828=CARTESIAN_POINT('Ctrl Pts',(0.0611925114154815,0.0109291139173508,
0.0352));
#11829=CARTESIAN_POINT('Ctrl Pts',(0.0610249402815987,0.0110603516007086,
0.0352));
#11830=CARTESIAN_POINT('Ctrl Pts',(0.0606741050699394,0.0113351173037965,
0.0352));
#11831=CARTESIAN_POINT('Ctrl Pts',(0.0602282649243966,0.0113641518788601,
0.0352));
#11832=CARTESIAN_POINT('Ctrl Pts',(0.0599953735828399,0.0113793185281754,
0.0352));
#11833=CARTESIAN_POINT('',(0.0611925114154815,0.0109291139173508,0.0342));
#11834=CARTESIAN_POINT('',(0.0611925114154815,0.0109291139173508,0.0352));
#11835=CARTESIAN_POINT('Ctrl Pts',(0.0611925114154815,0.0109291139173508,
0.0342));
#11836=CARTESIAN_POINT('Ctrl Pts',(0.0610249402815987,0.0110603516007086,
0.0342));
#11837=CARTESIAN_POINT('Ctrl Pts',(0.0606741050699394,0.0113351173037965,
0.0342));
#11838=CARTESIAN_POINT('Ctrl Pts',(0.0602282649243966,0.0113641518788601,
0.0342));
#11839=CARTESIAN_POINT('Ctrl Pts',(0.0599953735828399,0.0113793185281754,
0.0342));
#11840=CARTESIAN_POINT('Ctrl Pts',(0.061642717218399,0.00972174673557282,
0.0352));
#11841=CARTESIAN_POINT('Ctrl Pts',(0.061642717218399,0.00972174673557282,
0.0342));
#11842=CARTESIAN_POINT('Ctrl Pts',(0.0616278791985864,0.0099572694105085,
0.0352));
#11843=CARTESIAN_POINT('Ctrl Pts',(0.0616278791985864,0.0099572694105085,
0.0342));
#11844=CARTESIAN_POINT('Ctrl Pts',(0.061599576274287,0.010406519413118,
0.0352));
#11845=CARTESIAN_POINT('Ctrl Pts',(0.061599576274287,0.010406519413118,
0.0342));
#11846=CARTESIAN_POINT('Ctrl Pts',(0.0613237389559846,0.0107606425055169,
0.0352));
#11847=CARTESIAN_POINT('Ctrl Pts',(0.0613237389559846,0.0107606425055169,
0.0342));
#11848=CARTESIAN_POINT('Ctrl Pts',(0.0611925114154815,0.0109291139173508,
0.0352));
#11849=CARTESIAN_POINT('Ctrl Pts',(0.0611925114154815,0.0109291139173508,
0.0342));
#11850=CARTESIAN_POINT('',(0.061642717218399,0.00972174673557282,0.0352));
#11851=CARTESIAN_POINT('Ctrl Pts',(0.061642717218399,0.00972174673557282,
0.0352));
#11852=CARTESIAN_POINT('Ctrl Pts',(0.0616278791985864,0.0099572694105085,
0.0352));
#11853=CARTESIAN_POINT('Ctrl Pts',(0.061599576274287,0.010406519413118,
0.0352));
#11854=CARTESIAN_POINT('Ctrl Pts',(0.0613237389559846,0.0107606425055169,
0.0352));
#11855=CARTESIAN_POINT('Ctrl Pts',(0.0611925114154815,0.0109291139173508,
0.0352));
#11856=CARTESIAN_POINT('',(0.061642717218399,0.00972174673557282,0.0342));
#11857=CARTESIAN_POINT('',(0.061642717218399,0.00972174673557282,0.0352));
#11858=CARTESIAN_POINT('Ctrl Pts',(0.061642717218399,0.00972174673557282,
0.0342));
#11859=CARTESIAN_POINT('Ctrl Pts',(0.0616278791985864,0.0099572694105085,
0.0342));
#11860=CARTESIAN_POINT('Ctrl Pts',(0.061599576274287,0.010406519413118,
0.0342));
#11861=CARTESIAN_POINT('Ctrl Pts',(0.0613237389559846,0.0107606425055169,
0.0342));
#11862=CARTESIAN_POINT('Ctrl Pts',(0.0611925114154815,0.0109291139173508,
0.0342));
#11863=CARTESIAN_POINT('Ctrl Pts',(0.0610287989139556,0.00829439311504364,
0.0352));
#11864=CARTESIAN_POINT('Ctrl Pts',(0.0610287989139556,0.00829439311504364,
0.0342));
#11865=CARTESIAN_POINT('Ctrl Pts',(0.0612078271956001,0.00849170802320522,
0.0352));
#11866=CARTESIAN_POINT('Ctrl Pts',(0.0612078271956001,0.00849170802320522,
0.0342));
#11867=CARTESIAN_POINT('Ctrl Pts',(0.0615750690931516,0.00889646139860988,
0.0352));
#11868=CARTESIAN_POINT('Ctrl Pts',(0.0615750690931516,0.00889646139860988,
0.0342));
#11869=CARTESIAN_POINT('Ctrl Pts',(0.0616197949537826,0.00944210249105405,
0.0352));
#11870=CARTESIAN_POINT('Ctrl Pts',(0.0616197949537826,0.00944210249105405,
0.0342));
#11871=CARTESIAN_POINT('Ctrl Pts',(0.061642717218399,0.00972174673557282,
0.0352));
#11872=CARTESIAN_POINT('Ctrl Pts',(0.061642717218399,0.00972174673557282,
0.0342));
#11873=CARTESIAN_POINT('',(0.0610287989139556,0.00829439311504364,0.0352));
#11874=CARTESIAN_POINT('Ctrl Pts',(0.0610287989139556,0.00829439311504364,
0.0352));
#11875=CARTESIAN_POINT('Ctrl Pts',(0.0612078271956001,0.00849170802320522,
0.0352));
#11876=CARTESIAN_POINT('Ctrl Pts',(0.0615750690931516,0.00889646139860988,
0.0352));
#11877=CARTESIAN_POINT('Ctrl Pts',(0.0616197949537826,0.00944210249105405,
0.0352));
#11878=CARTESIAN_POINT('Ctrl Pts',(0.061642717218399,0.00972174673557282,
0.0352));
#11879=CARTESIAN_POINT('',(0.0610287989139556,0.00829439311504364,0.0342));
#11880=CARTESIAN_POINT('',(0.0610287989139556,0.00829439311504364,0.0352));
#11881=CARTESIAN_POINT('Ctrl Pts',(0.0610287989139556,0.00829439311504364,
0.0342));
#11882=CARTESIAN_POINT('Ctrl Pts',(0.0612078271956001,0.00849170802320522,
0.0342));
#11883=CARTESIAN_POINT('Ctrl Pts',(0.0615750690931516,0.00889646139860988,
0.0342));
#11884=CARTESIAN_POINT('Ctrl Pts',(0.0616197949537826,0.00944210249105405,
0.0342));
#11885=CARTESIAN_POINT('Ctrl Pts',(0.061642717218399,0.00972174673557282,
0.0342));
#11886=CARTESIAN_POINT('Ctrl Pts',(0.0592484463214874,0.00778791277885437,
0.0352));
#11887=CARTESIAN_POINT('Ctrl Pts',(0.0592484463214874,0.00778791277885437,
0.0342));
#11888=CARTESIAN_POINT('Ctrl Pts',(0.0596015308711336,0.00779115760675776,
0.0352));
#11889=CARTESIAN_POINT('Ctrl Pts',(0.0596015308711336,0.00779115760675776,
0.0342));
#11890=CARTESIAN_POINT('Ctrl Pts',(0.0602446324003753,0.0077970676750088,
0.0352));
#11891=CARTESIAN_POINT('Ctrl Pts',(0.0602446324003753,0.0077970676750088,
0.0342));
#11892=CARTESIAN_POINT('Ctrl Pts',(0.0607850768126205,0.00813982237121108,
0.0352));
#11893=CARTESIAN_POINT('Ctrl Pts',(0.0607850768126205,0.00813982237121108,
0.0342));
#11894=CARTESIAN_POINT('Ctrl Pts',(0.0610287989139556,0.00829439311504364,
0.0352));
#11895=CARTESIAN_POINT('Ctrl Pts',(0.0610287989139556,0.00829439311504364,
0.0342));
#11896=CARTESIAN_POINT('',(0.0592484463214874,0.00778791277885437,0.0352));
#11897=CARTESIAN_POINT('Ctrl Pts',(0.0592484463214874,0.00778791277885437,
0.0352));
#11898=CARTESIAN_POINT('Ctrl Pts',(0.0596015308711336,0.00779115760675776,
0.0352));
#11899=CARTESIAN_POINT('Ctrl Pts',(0.0602446324003753,0.0077970676750088,
0.0352));
#11900=CARTESIAN_POINT('Ctrl Pts',(0.0607850768126205,0.00813982237121108,
0.0352));
#11901=CARTESIAN_POINT('Ctrl Pts',(0.0610287989139556,0.00829439311504364,
0.0352));
#11902=CARTESIAN_POINT('',(0.0592484463214874,0.00778791277885437,0.0342));
#11903=CARTESIAN_POINT('',(0.0592484463214874,0.00778791277885437,0.0352));
#11904=CARTESIAN_POINT('Ctrl Pts',(0.0592484463214874,0.00778791277885437,
0.0342));
#11905=CARTESIAN_POINT('Ctrl Pts',(0.0596015308711336,0.00779115760675776,
0.0342));
#11906=CARTESIAN_POINT('Ctrl Pts',(0.0602446324003753,0.0077970676750088,
0.0342));
#11907=CARTESIAN_POINT('Ctrl Pts',(0.0607850768126205,0.00813982237121108,
0.0342));
#11908=CARTESIAN_POINT('Ctrl Pts',(0.0610287989139556,0.00829439311504364,
0.0342));
#11909=CARTESIAN_POINT('Origin',(0.0589312542438507,0.00544480233669281,
0.0352));
#11910=CARTESIAN_POINT('',(0.0589312542438507,0.00544480233669281,0.0352));
#11911=CARTESIAN_POINT('',(0.0602909681261199,0.0154890626462014,0.0352));
#11912=CARTESIAN_POINT('',(0.0589312542438507,0.00544480233669281,0.0342));
#11913=CARTESIAN_POINT('',(0.0589312542438507,0.00544480233669281,0.0352));
#11914=CARTESIAN_POINT('',(0.0589312542438507,0.00544480233669281,0.0342));
#11915=CARTESIAN_POINT('Ctrl Pts',(0.060251172876358,0.00565967231273651,
0.0352));
#11916=CARTESIAN_POINT('Ctrl Pts',(0.060251172876358,0.00565967231273651,
0.0342));
#11917=CARTESIAN_POINT('Ctrl Pts',(0.06004813938498,0.005647846563421,0.0352));
#11918=CARTESIAN_POINT('Ctrl Pts',(0.06004813938498,0.005647846563421,0.0342));
#11919=CARTESIAN_POINT('Ctrl Pts',(0.059601033532285,0.00562180474295294,
0.0352));
#11920=CARTESIAN_POINT('Ctrl Pts',(0.059601033532285,0.00562180474295294,
0.0342));
#11921=CARTESIAN_POINT('Ctrl Pts',(0.0591677701078859,0.00550730632535869,
0.0352));
#11922=CARTESIAN_POINT('Ctrl Pts',(0.0591677701078859,0.00550730632535869,
0.0342));
#11923=CARTESIAN_POINT('Ctrl Pts',(0.0589312542438507,0.00544480233669281,
0.0352));
#11924=CARTESIAN_POINT('Ctrl Pts',(0.0589312542438507,0.00544480233669281,
0.0342));
#11925=CARTESIAN_POINT('',(0.060251172876358,0.00565967231273651,0.0352));
#11926=CARTESIAN_POINT('Ctrl Pts',(0.060251172876358,0.00565967231273651,
0.0352));
#11927=CARTESIAN_POINT('Ctrl Pts',(0.06004813938498,0.005647846563421,0.0352));
#11928=CARTESIAN_POINT('Ctrl Pts',(0.059601033532285,0.00562180474295294,
0.0352));
#11929=CARTESIAN_POINT('Ctrl Pts',(0.0591677701078859,0.00550730632535869,
0.0352));
#11930=CARTESIAN_POINT('Ctrl Pts',(0.0589312542438507,0.00544480233669281,
0.0352));
#11931=CARTESIAN_POINT('',(0.060251172876358,0.00565967231273651,0.0342));
#11932=CARTESIAN_POINT('',(0.060251172876358,0.00565967231273651,0.0352));
#11933=CARTESIAN_POINT('Ctrl Pts',(0.060251172876358,0.00565967231273651,
0.0342));
#11934=CARTESIAN_POINT('Ctrl Pts',(0.06004813938498,0.005647846563421,0.0342));
#11935=CARTESIAN_POINT('Ctrl Pts',(0.059601033532285,0.00562180474295294,
0.0342));
#11936=CARTESIAN_POINT('Ctrl Pts',(0.0591677701078859,0.00550730632535869,
0.0342));
#11937=CARTESIAN_POINT('Ctrl Pts',(0.0589312542438507,0.00544480233669281,
0.0342));
#11938=CARTESIAN_POINT('Ctrl Pts',(0.0616734112262725,0.00502529292583466,
0.0352));
#11939=CARTESIAN_POINT('Ctrl Pts',(0.0616734112262725,0.00502529292583466,
0.0342));
#11940=CARTESIAN_POINT('Ctrl Pts',(0.0614694243577243,0.00521031717268491,
0.0352));
#11941=CARTESIAN_POINT('Ctrl Pts',(0.0614694243577243,0.00521031717268491,
0.0342));
#11942=CARTESIAN_POINT('Ctrl Pts',(0.061064526581078,0.00557757564725476,
0.0352));
#11943=CARTESIAN_POINT('Ctrl Pts',(0.061064526581078,0.00557757564725476,
0.0342));
#11944=CARTESIAN_POINT('Ctrl Pts',(0.0605209141916202,0.00563244570468497,
0.0352));
#11945=CARTESIAN_POINT('Ctrl Pts',(0.0605209141916202,0.00563244570468497,
0.0342));
#11946=CARTESIAN_POINT('Ctrl Pts',(0.060251172876358,0.00565967231273651,
0.0352));
#11947=CARTESIAN_POINT('Ctrl Pts',(0.060251172876358,0.00565967231273651,
0.0342));
#11948=CARTESIAN_POINT('',(0.0616734112262725,0.00502529292583466,0.0352));
#11949=CARTESIAN_POINT('Ctrl Pts',(0.0616734112262725,0.00502529292583466,
0.0352));
#11950=CARTESIAN_POINT('Ctrl Pts',(0.0614694243577243,0.00521031717268491,
0.0352));
#11951=CARTESIAN_POINT('Ctrl Pts',(0.061064526581078,0.00557757564725476,
0.0352));
#11952=CARTESIAN_POINT('Ctrl Pts',(0.0605209141916202,0.00563244570468497,
0.0352));
#11953=CARTESIAN_POINT('Ctrl Pts',(0.060251172876358,0.00565967231273651,
0.0352));
#11954=CARTESIAN_POINT('',(0.0616734112262725,0.00502529292583466,0.0342));
#11955=CARTESIAN_POINT('',(0.0616734112262725,0.00502529292583466,0.0352));
#11956=CARTESIAN_POINT('Ctrl Pts',(0.0616734112262725,0.00502529292583466,
0.0342));
#11957=CARTESIAN_POINT('Ctrl Pts',(0.0614694243577243,0.00521031717268491,
0.0342));
#11958=CARTESIAN_POINT('Ctrl Pts',(0.061064526581078,0.00557757564725476,
0.0342));
#11959=CARTESIAN_POINT('Ctrl Pts',(0.0605209141916202,0.00563244570468497,
0.0342));
#11960=CARTESIAN_POINT('Ctrl Pts',(0.060251172876358,0.00565967231273651,
0.0342));
#11961=CARTESIAN_POINT('Ctrl Pts',(0.0622566307544708,0.00330633073329926,
0.0352));
#11962=CARTESIAN_POINT('Ctrl Pts',(0.0622566307544708,0.00330633073329926,
0.0342));
#11963=CARTESIAN_POINT('Ctrl Pts',(0.062239125287679,0.00364131799380817,
0.0352));
#11964=CARTESIAN_POINT('Ctrl Pts',(0.062239125287679,0.00364131799380817,
0.0342));
#11965=CARTESIAN_POINT('Ctrl Pts',(0.0622062038574676,0.00427130746222809,
0.0352));
#11966=CARTESIAN_POINT('Ctrl Pts',(0.0622062038574676,0.00427130746222809,
0.0342));
#11967=CARTESIAN_POINT('Ctrl Pts',(0.0618433316769999,0.00478482873335779,
0.0352));
#11968=CARTESIAN_POINT('Ctrl Pts',(0.0618433316769999,0.00478482873335779,
0.0342));
#11969=CARTESIAN_POINT('Ctrl Pts',(0.0616734112262725,0.00502529292583466,
0.0352));
#11970=CARTESIAN_POINT('Ctrl Pts',(0.0616734112262725,0.00502529292583466,
0.0342));
#11971=CARTESIAN_POINT('',(0.0622566307544708,0.00330633073329926,0.0352));
#11972=CARTESIAN_POINT('Ctrl Pts',(0.0622566307544708,0.00330633073329926,
0.0352));
#11973=CARTESIAN_POINT('Ctrl Pts',(0.062239125287679,0.00364131799380817,
0.0352));
#11974=CARTESIAN_POINT('Ctrl Pts',(0.0622062038574676,0.00427130746222809,
0.0352));
#11975=CARTESIAN_POINT('Ctrl Pts',(0.0618433316769999,0.00478482873335779,
0.0352));
#11976=CARTESIAN_POINT('Ctrl Pts',(0.0616734112262725,0.00502529292583466,
0.0352));
#11977=CARTESIAN_POINT('',(0.0622566307544708,0.00330633073329926,0.0342));
#11978=CARTESIAN_POINT('',(0.0622566307544708,0.00330633073329926,0.0352));
#11979=CARTESIAN_POINT('Ctrl Pts',(0.0622566307544708,0.00330633073329926,
0.0342));
#11980=CARTESIAN_POINT('Ctrl Pts',(0.062239125287679,0.00364131799380817,
0.0342));
#11981=CARTESIAN_POINT('Ctrl Pts',(0.0622062038574676,0.00427130746222809,
0.0342));
#11982=CARTESIAN_POINT('Ctrl Pts',(0.0618433316769999,0.00478482873335779,
0.0342));
#11983=CARTESIAN_POINT('Ctrl Pts',(0.0616734112262725,0.00502529292583466,
0.0342));
#11984=CARTESIAN_POINT('Ctrl Pts',(0.0616478336811065,0.00148504763126374,
0.0352));
#11985=CARTESIAN_POINT('Ctrl Pts',(0.0616478336811065,0.00148504763126374,
0.0342));
#11986=CARTESIAN_POINT('Ctrl Pts',(0.0618252071987223,0.00174061770156613,
0.0352));
#11987=CARTESIAN_POINT('Ctrl Pts',(0.0618252071987223,0.00174061770156613,
0.0342));
#11988=CARTESIAN_POINT('Ctrl Pts',(0.0622040827398729,0.00228652359546315,
0.0352));
#11989=CARTESIAN_POINT('Ctrl Pts',(0.0622040827398729,0.00228652359546315,
0.0342));
#11990=CARTESIAN_POINT('Ctrl Pts',(0.0622383865425672,0.00295226259835922,
0.0352));
#11991=CARTESIAN_POINT('Ctrl Pts',(0.0622383865425672,0.00295226259835922,
0.0342));
#11992=CARTESIAN_POINT('Ctrl Pts',(0.0622566307544708,0.00330633073329926,
0.0352));
#11993=CARTESIAN_POINT('Ctrl Pts',(0.0622566307544708,0.00330633073329926,
0.0342));
#11994=CARTESIAN_POINT('',(0.0616478336811065,0.00148504763126374,0.0352));
#11995=CARTESIAN_POINT('Ctrl Pts',(0.0616478336811065,0.00148504763126374,
0.0352));
#11996=CARTESIAN_POINT('Ctrl Pts',(0.0618252071987223,0.00174061770156613,
0.0352));
#11997=CARTESIAN_POINT('Ctrl Pts',(0.0622040827398729,0.00228652359546315,
0.0352));
#11998=CARTESIAN_POINT('Ctrl Pts',(0.0622383865425672,0.00295226259835922,
0.0352));
#11999=CARTESIAN_POINT('Ctrl Pts',(0.0622566307544708,0.00330633073329926,
0.0352));
#12000=CARTESIAN_POINT('',(0.0616478336811065,0.00148504763126374,0.0342));
#12001=CARTESIAN_POINT('',(0.0616478336811065,0.00148504763126374,0.0352));
#12002=CARTESIAN_POINT('Ctrl Pts',(0.0616478336811065,0.00148504763126374,
0.0342));
#12003=CARTESIAN_POINT('Ctrl Pts',(0.0618252071987223,0.00174061770156613,
0.0342));
#12004=CARTESIAN_POINT('Ctrl Pts',(0.0622040827398729,0.00228652359546315,
0.0342));
#12005=CARTESIAN_POINT('Ctrl Pts',(0.0622383865425672,0.00295226259835922,
0.0342));
#12006=CARTESIAN_POINT('Ctrl Pts',(0.0622566307544708,0.00330633073329926,
0.0342));
#12007=CARTESIAN_POINT('Ctrl Pts',(0.0601488531589508,0.000809740118980411,
0.0352));
#12008=CARTESIAN_POINT('Ctrl Pts',(0.0601488531589508,0.000809740118980411,
0.0342));
#12009=CARTESIAN_POINT('Ctrl Pts',(0.0604344585166958,0.000838551801811931,
0.0352));
#12010=CARTESIAN_POINT('Ctrl Pts',(0.0604344585166958,0.000838551801811931,
0.0342));
#12011=CARTESIAN_POINT('Ctrl Pts',(0.0610091420404587,0.000896525502116052,
0.0352));
#12012=CARTESIAN_POINT('Ctrl Pts',(0.0610091420404587,0.000896525502116052,
0.0342));
#12013=CARTESIAN_POINT('Ctrl Pts',(0.061434080500902,0.00128808485811951,
0.0352));
#12014=CARTESIAN_POINT('Ctrl Pts',(0.061434080500902,0.00128808485811951,
0.0342));
#12015=CARTESIAN_POINT('Ctrl Pts',(0.0616478336811065,0.00148504763126374,
0.0352));
#12016=CARTESIAN_POINT('Ctrl Pts',(0.0616478336811065,0.00148504763126374,
0.0342));
#12017=CARTESIAN_POINT('',(0.0601488531589508,0.000809740118980411,0.0352));
#12018=CARTESIAN_POINT('Ctrl Pts',(0.0601488531589508,0.000809740118980411,
0.0352));
#12019=CARTESIAN_POINT('Ctrl Pts',(0.0604344585166958,0.000838551801811931,
0.0352));
#12020=CARTESIAN_POINT('Ctrl Pts',(0.0610091420404587,0.000896525502116052,
0.0352));
#12021=CARTESIAN_POINT('Ctrl Pts',(0.061434080500902,0.00128808485811951,
0.0352));
#12022=CARTESIAN_POINT('Ctrl Pts',(0.0616478336811065,0.00148504763126374,
0.0352));
#12023=CARTESIAN_POINT('',(0.0601488531589508,0.000809740118980411,0.0342));
#12024=CARTESIAN_POINT('',(0.0601488531589508,0.000809740118980411,0.0352));
#12025=CARTESIAN_POINT('Ctrl Pts',(0.0601488531589508,0.000809740118980411,
0.0342));
#12026=CARTESIAN_POINT('Ctrl Pts',(0.0604344585166958,0.000838551801811931,
0.0342));
#12027=CARTESIAN_POINT('Ctrl Pts',(0.0610091420404587,0.000896525502116052,
0.0342));
#12028=CARTESIAN_POINT('Ctrl Pts',(0.061434080500902,0.00128808485811951,
0.0342));
#12029=CARTESIAN_POINT('Ctrl Pts',(0.0616478336811065,0.00148504763126374,
0.0342));
#12030=CARTESIAN_POINT('Ctrl Pts',(0.0587368477344513,0.00137249618053437,
0.0352));
#12031=CARTESIAN_POINT('Ctrl Pts',(0.0587368477344513,0.00137249618053437,
0.0342));
#12032=CARTESIAN_POINT('Ctrl Pts',(0.0589423396239269,0.00120836051733703,
0.0352));
#12033=CARTESIAN_POINT('Ctrl Pts',(0.0589423396239269,0.00120836051733703,
0.0342));
#12034=CARTESIAN_POINT('Ctrl Pts',(0.0593559065596009,0.00087802590687351,
0.0352));
#12035=CARTESIAN_POINT('Ctrl Pts',(0.0593559065596009,0.00087802590687351,
0.0342));
#12036=CARTESIAN_POINT('Ctrl Pts',(0.0598834392951773,0.000832596632672991,
0.0352));
#12037=CARTESIAN_POINT('Ctrl Pts',(0.0598834392951773,0.000832596632672991,
0.0342));
#12038=CARTESIAN_POINT('Ctrl Pts',(0.0601488531589508,0.000809740118980411,
0.0352));
#12039=CARTESIAN_POINT('Ctrl Pts',(0.0601488531589508,0.000809740118980411,
0.0342));
#12040=CARTESIAN_POINT('',(0.0587368477344513,0.00137249618053437,0.0352));
#12041=CARTESIAN_POINT('Ctrl Pts',(0.0587368477344513,0.00137249618053437,
0.0352));
#12042=CARTESIAN_POINT('Ctrl Pts',(0.0589423396239269,0.00120836051733703,
0.0352));
#12043=CARTESIAN_POINT('Ctrl Pts',(0.0593559065596009,0.00087802590687351,
0.0352));
#12044=CARTESIAN_POINT('Ctrl Pts',(0.0598834392951773,0.000832596632672991,
0.0352));
#12045=CARTESIAN_POINT('Ctrl Pts',(0.0601488531589508,0.000809740118980411,
0.0352));
#12046=CARTESIAN_POINT('',(0.0587368477344513,0.00137249618053437,0.0342));
#12047=CARTESIAN_POINT('',(0.0587368477344513,0.00137249618053437,0.0352));
#12048=CARTESIAN_POINT('Ctrl Pts',(0.0587368477344513,0.00137249618053437,
0.0342));
#12049=CARTESIAN_POINT('Ctrl Pts',(0.0589423396239269,0.00120836051733703,
0.0342));
#12050=CARTESIAN_POINT('Ctrl Pts',(0.0593559065596009,0.00087802590687351,
0.0342));
#12051=CARTESIAN_POINT('Ctrl Pts',(0.0598834392951773,0.000832596632672991,
0.0342));
#12052=CARTESIAN_POINT('Ctrl Pts',(0.0601488531589508,0.000809740118980411,
0.0342));
#12053=CARTESIAN_POINT('Ctrl Pts',(0.0580206144809723,0.00299937158107758,
0.0352));
#12054=CARTESIAN_POINT('Ctrl Pts',(0.0580206144809723,0.00299937158107758,
0.0342));
#12055=CARTESIAN_POINT('Ctrl Pts',(0.0580753717556414,0.00267408722226652,
0.0352));
#12056=CARTESIAN_POINT('Ctrl Pts',(0.0580753717556414,0.00267408722226652,
0.0342));
#12057=CARTESIAN_POINT('Ctrl Pts',(0.0581771726933994,0.00206934104077703,
0.0352));
#12058=CARTESIAN_POINT('Ctrl Pts',(0.0581771726933994,0.00206934104077703,
0.0342));
#12059=CARTESIAN_POINT('Ctrl Pts',(0.0585599574480676,0.0015927402111805,
0.0352));
#12060=CARTESIAN_POINT('Ctrl Pts',(0.0585599574480676,0.0015927402111805,
0.0342));
#12061=CARTESIAN_POINT('Ctrl Pts',(0.0587368477344513,0.00137249618053437,
0.0352));
#12062=CARTESIAN_POINT('Ctrl Pts',(0.0587368477344513,0.00137249618053437,
0.0342));
#12063=CARTESIAN_POINT('',(0.0580206144809723,0.00299937158107758,0.0352));
#12064=CARTESIAN_POINT('Ctrl Pts',(0.0580206144809723,0.00299937158107758,
0.0352));
#12065=CARTESIAN_POINT('Ctrl Pts',(0.0580753717556414,0.00267408722226652,
0.0352));
#12066=CARTESIAN_POINT('Ctrl Pts',(0.0581771726933994,0.00206934104077703,
0.0352));
#12067=CARTESIAN_POINT('Ctrl Pts',(0.0585599574480676,0.0015927402111805,
0.0352));
#12068=CARTESIAN_POINT('Ctrl Pts',(0.0587368477344513,0.00137249618053437,
0.0352));
#12069=CARTESIAN_POINT('',(0.0580206144809723,0.00299937158107758,0.0342));
#12070=CARTESIAN_POINT('',(0.0580206144809723,0.00299937158107758,0.0352));
#12071=CARTESIAN_POINT('Ctrl Pts',(0.0580206144809723,0.00299937158107758,
0.0342));
#12072=CARTESIAN_POINT('Ctrl Pts',(0.0580753717556414,0.00267408722226652,
0.0342));
#12073=CARTESIAN_POINT('Ctrl Pts',(0.0581771726933994,0.00206934104077703,
0.0342));
#12074=CARTESIAN_POINT('Ctrl Pts',(0.0585599574480676,0.0015927402111805,
0.0342));
#12075=CARTESIAN_POINT('Ctrl Pts',(0.0587368477344513,0.00137249618053437,
0.0342));
#12076=CARTESIAN_POINT('Origin',(0.0552375305652618,0.00266171842098236,
0.0352));
#12077=CARTESIAN_POINT('',(0.0552375305652618,0.00266171842098236,0.0352));
#12078=CARTESIAN_POINT('',(0.0542049978456549,0.0025364480567979,0.0352));
#12079=CARTESIAN_POINT('',(0.0552375305652618,0.00266171842098236,0.0342));
#12080=CARTESIAN_POINT('',(0.0552375305652618,0.00266171842098236,0.0352));
#12081=CARTESIAN_POINT('',(0.0552375305652618,0.00266171842098236,0.0342));
#12082=CARTESIAN_POINT('Ctrl Pts',(0.0567927826404571,-0.000402742333412167,
0.0352));
#12083=CARTESIAN_POINT('Ctrl Pts',(0.0567927826404571,-0.000402742333412167,
0.0342));
#12084=CARTESIAN_POINT('Ctrl Pts',(0.056392270368097,2.35584765193187E-5,
0.0352));
#12085=CARTESIAN_POINT('Ctrl Pts',(0.056392270368097,2.35584765193187E-5,
0.0342));
#12086=CARTESIAN_POINT('Ctrl Pts',(0.05557591778375,0.00089247509134851,
0.0352));
#12087=CARTESIAN_POINT('Ctrl Pts',(0.05557591778375,0.00089247509134851,
0.0342));
#12088=CARTESIAN_POINT('Ctrl Pts',(0.055351729443479,0.00206463439269059,
0.0352));
#12089=CARTESIAN_POINT('Ctrl Pts',(0.055351729443479,0.00206463439269059,
0.0342));
#12090=CARTESIAN_POINT('Ctrl Pts',(0.0552375305652618,0.00266171842098236,
0.0352));
#12091=CARTESIAN_POINT('Ctrl Pts',(0.0552375305652618,0.00266171842098236,
0.0342));
#12092=CARTESIAN_POINT('Ctrl Pts',(0.0567927826404571,-0.000402742333412167,
0.0352));
#12093=CARTESIAN_POINT('Ctrl Pts',(0.056392270368097,2.35584765193186E-5,
0.0352));
#12094=CARTESIAN_POINT('Ctrl Pts',(0.05557591778375,0.00089247509134851,
0.0352));
#12095=CARTESIAN_POINT('Ctrl Pts',(0.055351729443479,0.00206463439269059,
0.0352));
#12096=CARTESIAN_POINT('Ctrl Pts',(0.0552375305652618,0.00266171842098236,
0.0352));
#12097=CARTESIAN_POINT('Ctrl Pts',(0.0567927826404571,-0.000402742333412167,
0.0342));
#12098=CARTESIAN_POINT('Ctrl Pts',(0.056392270368097,2.35584765193186E-5,
0.0342));
#12099=CARTESIAN_POINT('Ctrl Pts',(0.05557591778375,0.00089247509134851,
0.0342));
#12100=CARTESIAN_POINT('Ctrl Pts',(0.055351729443479,0.00206463439269059,
0.0342));
#12101=CARTESIAN_POINT('Ctrl Pts',(0.0552375305652618,0.00266171842098236,
0.0342));
#12102=CARTESIAN_POINT('Origin',(0.0497204769611358,0.00608429759025574,
0.0342));
#12103=CARTESIAN_POINT('',(0.0499196365070343,0.013681500248909,0.0342));
#12104=CARTESIAN_POINT('Origin',(0.0832668627262115,0.00935339718341828,
0.0352));
#12105=CARTESIAN_POINT('',(0.0832668627262115,0.00935339718341828,0.0352));
#12106=CARTESIAN_POINT('',(0.0798187054157257,0.00422720342159272,0.0352));
#12107=CARTESIAN_POINT('',(0.0822193165990128,0.00779606555990423,0.0352));
#12108=CARTESIAN_POINT('',(0.0832668627262115,0.00935339718341828,0.0342));
#12109=CARTESIAN_POINT('',(0.0832668627262115,0.00935339718341828,0.0352));
#12110=CARTESIAN_POINT('',(0.0798187054157257,0.00422720342159272,0.0342));
#12111=CARTESIAN_POINT('',(0.0832668627262115,0.00935339718341828,0.0342));
#12112=CARTESIAN_POINT('',(0.0798187054157257,0.00422720342159272,0.0352));
#12113=CARTESIAN_POINT('Origin',(0.0832668627262115,0.00422720342159272,
0.0352));
#12114=CARTESIAN_POINT('',(0.0832668627262115,0.00422720342159272,0.0352));
#12115=CARTESIAN_POINT('',(0.0832668627262115,0.0156567505609806,0.0352));
#12116=CARTESIAN_POINT('',(0.0832668627262115,0.00422720342159272,0.0342));
#12117=CARTESIAN_POINT('',(0.0832668627262115,0.00422720342159272,0.0352));
#12118=CARTESIAN_POINT('',(0.0832668627262115,0.00422720342159272,0.0342));
#12119=CARTESIAN_POINT('Origin',(0.0798187054157257,0.00422720342159272,
0.0352));
#12120=CARTESIAN_POINT('',(0.0649987507343292,0.00422720342159272,0.0352));
#12121=CARTESIAN_POINT('',(0.0798187054157257,0.00422720342159272,0.0342));
#12122=CARTESIAN_POINT('Origin',(0.086049946641922,0.00169991760730744,
0.0352));
#12123=CARTESIAN_POINT('',(0.086049946641922,-0.001318499751091,0.0352));
#12124=CARTESIAN_POINT('',(0.086049946641922,0.00169991760730744,0.0352));
#12125=CARTESIAN_POINT('',(0.086049946641922,-0.001318499751091,0.0342));
#12126=CARTESIAN_POINT('',(0.086049946641922,0.00169991760730744,0.0342));
#12127=CARTESIAN_POINT('',(0.086049946641922,-0.001318499751091,0.0352));
#12128=CARTESIAN_POINT('Origin',(0.086049946641922,0.00422720342159272,
0.0352));
#12129=CARTESIAN_POINT('',(0.086049946641922,0.00422720342159272,0.0352));
#12130=CARTESIAN_POINT('',(0.0681143713474273,0.00422720342159272,0.0352));
#12131=CARTESIAN_POINT('',(0.086049946641922,0.00422720342159272,0.0342));
#12132=CARTESIAN_POINT('',(0.086049946641922,0.00422720342159272,0.0352));
#12133=CARTESIAN_POINT('',(0.086049946641922,0.00422720342159272,0.0342));
#12134=CARTESIAN_POINT('Origin',(0.086049946641922,0.0137428930330277,0.0352));
#12135=CARTESIAN_POINT('',(0.086049946641922,0.013681500248909,0.0342));
#12136=CARTESIAN_POINT('',(0.086049946641922,0.013681500248909,0.0352));
#12137=CARTESIAN_POINT('',(0.086049946641922,0.013681500248909,0.0352));
#12138=CARTESIAN_POINT('',(0.086049946641922,0.0137428930330277,0.0342));
#12139=CARTESIAN_POINT('',(0.086049946641922,0.0204145953666981,0.0352));
#12140=CARTESIAN_POINT('Origin',(0.0771277082920074,0.00421697049617768,
0.0352));
#12141=CARTESIAN_POINT('',(0.0835932750045069,0.013681500248909,0.0352));
#12142=CARTESIAN_POINT('',(0.0835932750045069,0.013681500248909,0.0342));
#12143=CARTESIAN_POINT('',(0.083593275004507,0.013681500248909,0.0352));
#12144=CARTESIAN_POINT('',(0.0771277082920074,0.00421697049617768,0.0352));
#12145=CARTESIAN_POINT('',(0.0781662727036558,0.00573725854071539,0.0352));
#12146=CARTESIAN_POINT('',(0.0771277082920074,0.00421697049617768,0.0342));
#12147=CARTESIAN_POINT('',(0.0771277082920074,0.00421697049617768,0.0352));
#12148=CARTESIAN_POINT('',(0.0771277082920074,0.00421697049617768,0.0342));
#12149=CARTESIAN_POINT('Origin',(0.0771277082920074,0.00169991760730744,
0.0352));
#12150=CARTESIAN_POINT('',(0.0771277082920074,0.00169991760730744,0.0352));
#12151=CARTESIAN_POINT('',(0.0771277082920074,0.014393107653838,0.0352));
#12152=CARTESIAN_POINT('',(0.0771277082920074,0.00169991760730744,0.0342));
#12153=CARTESIAN_POINT('',(0.0771277082920074,0.00169991760730744,0.0352));
#12154=CARTESIAN_POINT('',(0.0771277082920074,0.00169991760730744,0.0342));
#12155=CARTESIAN_POINT('Origin',(0.0832668627262115,0.00169991760730744,
0.0352));
#12156=CARTESIAN_POINT('',(0.0832668627262115,0.00169991760730744,0.0352));
#12157=CARTESIAN_POINT('',(0.0667228293895721,0.00169991760730744,0.0352));
#12158=CARTESIAN_POINT('',(0.0832668627262115,0.00169991760730744,0.0342));
#12159=CARTESIAN_POINT('',(0.0832668627262115,0.00169991760730744,0.0352));
#12160=CARTESIAN_POINT('',(0.0832668627262115,0.00169991760730744,0.0342));
#12161=CARTESIAN_POINT('Origin',(0.0832668627262115,-0.001318499751091,
0.0352));
#12162=CARTESIAN_POINT('',(0.0832668627262115,-0.001318499751091,0.0352));
#12163=CARTESIAN_POINT('',(0.0832668627262115,0.0128838989746387,0.0352));
#12164=CARTESIAN_POINT('',(0.0832668627262115,-0.001318499751091,0.0342));
#12165=CARTESIAN_POINT('',(0.0832668627262115,-0.001318499751091,0.0352));
#12166=CARTESIAN_POINT('',(0.0832668627262115,-0.001318499751091,0.0342));
#12167=CARTESIAN_POINT('Origin',(0.086049946641922,-0.001318499751091,0.0352));
#12168=CARTESIAN_POINT('',(0.086049946641922,-0.001318499751091,0.0352));
#12169=CARTESIAN_POINT('',(0.086049946641922,-0.001318499751091,0.0342));
#12170=CARTESIAN_POINT('Origin',(0.0497204769611358,0.00608429759025574,
0.0342));
#12171=CARTESIAN_POINT('',(0.0499196365070343,0.013681500248909,0.0342));
#12172=CARTESIAN_POINT('Ctrl Pts',(0.0139742259144783,0.0113435068655014,
0.0352));
#12173=CARTESIAN_POINT('Ctrl Pts',(0.0139742259144783,0.0113435068655014,
0.0342));
#12174=CARTESIAN_POINT('Ctrl Pts',(0.0143763289671195,0.0116915530449334,
0.0352));
#12175=CARTESIAN_POINT('Ctrl Pts',(0.0143763289671195,0.0116915530449334,
0.0342));
#12176=CARTESIAN_POINT('Ctrl Pts',(0.0151520098041967,0.0123629549406166,
0.0352));
#12177=CARTESIAN_POINT('Ctrl Pts',(0.0151520098041967,0.0123629549406166,
0.0342));
#12178=CARTESIAN_POINT('Ctrl Pts',(0.0155794268759443,0.0132943306245569,
0.0352));
#12179=CARTESIAN_POINT('Ctrl Pts',(0.0155794268759443,0.0132943306245569,
0.0342));
#12180=CARTESIAN_POINT('Ctrl Pts',(0.015785276389122,0.0137428930330277,
0.0352));
#12181=CARTESIAN_POINT('Ctrl Pts',(0.015785276389122,0.0137428930330277,
0.0342));
#12182=CARTESIAN_POINT('',(0.0157570923613157,0.013681500248909,0.0352));
#12183=CARTESIAN_POINT('',(0.0157570923613157,0.013681500248909,0.0342));
#12184=CARTESIAN_POINT('Ctrl Pts',(0.0157570923613157,0.013681500248909,
0.0352));
#12185=CARTESIAN_POINT('Ctrl Pts',(0.0157570923613157,0.013681500248909,
0.0350333333333333));
#12186=CARTESIAN_POINT('Ctrl Pts',(0.0157570923613157,0.013681500248909,
0.0348666666666667));
#12187=CARTESIAN_POINT('Ctrl Pts',(0.0157570923613157,0.013681500248909,
0.0345333333333333));
#12188=CARTESIAN_POINT('Ctrl Pts',(0.0157570923613157,0.013681500248909,
0.0343666666666667));
#12189=CARTESIAN_POINT('Ctrl Pts',(0.0157570923613157,0.013681500248909,
0.0342));
#12190=CARTESIAN_POINT('',(0.0139742259144783,0.0113435068655014,0.0352));
#12191=CARTESIAN_POINT('Ctrl Pts',(0.0139742259144783,0.0113435068655014,
0.0352));
#12192=CARTESIAN_POINT('Ctrl Pts',(0.0143763289671195,0.0116915530449334,
0.0352));
#12193=CARTESIAN_POINT('Ctrl Pts',(0.0151349648924877,0.0123482014679431,
0.0352));
#12194=CARTESIAN_POINT('Ctrl Pts',(0.0155604744756963,0.0132535238150302,
0.0352));
#12195=CARTESIAN_POINT('Ctrl Pts',(0.0157570923613157,0.013681500248909,
0.0352));
#12196=CARTESIAN_POINT('',(0.0139742259144783,0.0113435068655014,0.0342));
#12197=CARTESIAN_POINT('',(0.0139742259144783,0.0113435068655014,0.0352));
#12198=CARTESIAN_POINT('Ctrl Pts',(0.0139742259144783,0.0113435068655014,
0.0342));
#12199=CARTESIAN_POINT('Ctrl Pts',(0.0143763289671195,0.0116915530449334,
0.0342));
#12200=CARTESIAN_POINT('Ctrl Pts',(0.0151349648924872,0.0123482014679426,
0.0342));
#12201=CARTESIAN_POINT('Ctrl Pts',(0.0155604744756966,0.0132535238150309,
0.0342));
#12202=CARTESIAN_POINT('Ctrl Pts',(0.0157570923613157,0.013681500248909,
0.0342));
#12203=CARTESIAN_POINT('Origin',(0.0497204769611358,0.00608429759025574,
0.0342));
#12204=CARTESIAN_POINT('',(0.0181181550979614,0.013681500248909,0.0342));
#12205=CARTESIAN_POINT('',(0.0499196365070343,0.013681500248909,0.0342));
#12206=CARTESIAN_POINT('',(0.0115287960529327,0.00994684844493866,0.0342));
#12207=CARTESIAN_POINT('Ctrl Pts',(0.0115287960529327,0.00994684844493866,
0.0342));
#12208=CARTESIAN_POINT('Ctrl Pts',(0.0119283248356025,0.0101100940957596,
0.0342));
#12209=CARTESIAN_POINT('Ctrl Pts',(0.0128039588480421,0.0104678741868121,
0.0342));
#12210=CARTESIAN_POINT('Ctrl Pts',(0.0135620382283037,0.0110350943517092,
0.0342));
#12211=CARTESIAN_POINT('Ctrl Pts',(0.0139742259144783,0.0113435068655014,
0.0342));
#12212=CARTESIAN_POINT('',(0.0115287960529327,0.00733770757198334,0.0342));
#12213=CARTESIAN_POINT('',(0.0115287960529327,0.00733770757198334,0.0342));
#12214=CARTESIAN_POINT('',(0.0152429843902588,0.00951710849285126,0.0342));
#12215=CARTESIAN_POINT('Ctrl Pts',(0.0152429843902588,0.00951710849285126,
0.0342));
#12216=CARTESIAN_POINT('Ctrl Pts',(0.0146904129528494,0.00905667783600704,
0.0342));
#12217=CARTESIAN_POINT('Ctrl Pts',(0.0135728337934516,0.00812545397679079,
0.0342));
#12218=CARTESIAN_POINT('Ctrl Pts',(0.0122151779094687,0.00760223049594564,
0.0342));
#12219=CARTESIAN_POINT('Ctrl Pts',(0.0115287960529327,0.00733770757198334,
0.0342));
#12220=CARTESIAN_POINT('',(0.0152429843902588,-0.001318499751091,0.0342));
#12221=CARTESIAN_POINT('',(0.0152429843902588,-0.001318499751091,0.0342));
#12222=CARTESIAN_POINT('',(0.0181181550979614,-0.001318499751091,0.0342));
#12223=CARTESIAN_POINT('',(0.0181181550979614,-0.001318499751091,0.0342));
#12224=CARTESIAN_POINT('',(0.0181181550979614,0.0137428930330277,0.0342));
#12225=CARTESIAN_POINT('Ctrl Pts',(0.0115287960529327,0.00994684844493866,
0.0352));
#12226=CARTESIAN_POINT('Ctrl Pts',(0.0115287960529327,0.00994684844493866,
0.0342));
#12227=CARTESIAN_POINT('Ctrl Pts',(0.0119283248356025,0.0101100940957596,
0.0352));
#12228=CARTESIAN_POINT('Ctrl Pts',(0.0119283248356025,0.0101100940957596,
0.0342));
#12229=CARTESIAN_POINT('Ctrl Pts',(0.0128039588480421,0.0104678741868121,
0.0352));
#12230=CARTESIAN_POINT('Ctrl Pts',(0.0128039588480421,0.0104678741868121,
0.0342));
#12231=CARTESIAN_POINT('Ctrl Pts',(0.0135620382283037,0.0110350943517092,
0.0352));
#12232=CARTESIAN_POINT('Ctrl Pts',(0.0135620382283037,0.0110350943517092,
0.0342));
#12233=CARTESIAN_POINT('Ctrl Pts',(0.0139742259144783,0.0113435068655014,
0.0352));
#12234=CARTESIAN_POINT('Ctrl Pts',(0.0139742259144783,0.0113435068655014,
0.0342));
#12235=CARTESIAN_POINT('',(0.0115287960529327,0.00994684844493866,0.0352));
#12236=CARTESIAN_POINT('Ctrl Pts',(0.0115287960529327,0.00994684844493866,
0.0352));
#12237=CARTESIAN_POINT('Ctrl Pts',(0.0119283248356025,0.0101100940957596,
0.0352));
#12238=CARTESIAN_POINT('Ctrl Pts',(0.0128039588480421,0.0104678741868121,
0.0352));
#12239=CARTESIAN_POINT('Ctrl Pts',(0.0135620382283037,0.0110350943517092,
0.0352));
#12240=CARTESIAN_POINT('Ctrl Pts',(0.0139742259144783,0.0113435068655014,
0.0352));
#12241=CARTESIAN_POINT('',(0.0115287960529327,0.00994684844493866,0.0352));
#12242=CARTESIAN_POINT('Origin',(0.0115287960529327,0.00733770757198334,
0.0352));
#12243=CARTESIAN_POINT('',(0.0115287960529327,0.00733770757198334,0.0352));
#12244=CARTESIAN_POINT('',(0.0115287960529327,0.0172120026361759,0.0352));
#12245=CARTESIAN_POINT('',(0.0115287960529327,0.00733770757198334,0.0352));
#12246=CARTESIAN_POINT('Ctrl Pts',(0.0152429843902588,0.00951710849285126,
0.0352));
#12247=CARTESIAN_POINT('Ctrl Pts',(0.0152429843902588,0.00951710849285126,
0.0342));
#12248=CARTESIAN_POINT('Ctrl Pts',(0.0146904129528494,0.00905667783600704,
0.0352));
#12249=CARTESIAN_POINT('Ctrl Pts',(0.0146904129528494,0.00905667783600704,
0.0342));
#12250=CARTESIAN_POINT('Ctrl Pts',(0.0135728337934516,0.00812545397679079,
0.0352));
#12251=CARTESIAN_POINT('Ctrl Pts',(0.0135728337934516,0.00812545397679079,
0.0342));
#12252=CARTESIAN_POINT('Ctrl Pts',(0.0122151779094687,0.00760223049594564,
0.0352));
#12253=CARTESIAN_POINT('Ctrl Pts',(0.0122151779094687,0.00760223049594564,
0.0342));
#12254=CARTESIAN_POINT('Ctrl Pts',(0.0115287960529327,0.00733770757198334,
0.0352));
#12255=CARTESIAN_POINT('Ctrl Pts',(0.0115287960529327,0.00733770757198334,
0.0342));
#12256=CARTESIAN_POINT('',(0.0152429843902588,0.00951710849285126,0.0352));
#12257=CARTESIAN_POINT('Ctrl Pts',(0.0152429843902588,0.00951710849285126,
0.0352));
#12258=CARTESIAN_POINT('Ctrl Pts',(0.0146904129528494,0.00905667783600704,
0.0352));
#12259=CARTESIAN_POINT('Ctrl Pts',(0.0135728337934516,0.00812545397679079,
0.0352));
#12260=CARTESIAN_POINT('Ctrl Pts',(0.0122151779094687,0.00760223049594564,
0.0352));
#12261=CARTESIAN_POINT('Ctrl Pts',(0.0115287960529327,0.00733770757198334,
0.0352));
#12262=CARTESIAN_POINT('',(0.0152429843902588,0.00951710849285126,0.0352));
#12263=CARTESIAN_POINT('Origin',(0.0152429843902588,-0.001318499751091,
0.0352));
#12264=CARTESIAN_POINT('',(0.0152429843902588,-0.001318499751091,0.0352));
#12265=CARTESIAN_POINT('',(0.0152429843902588,0.0128838989746387,0.0352));
#12266=CARTESIAN_POINT('',(0.0152429843902588,-0.001318499751091,0.0352));
#12267=CARTESIAN_POINT('Origin',(0.0181181550979614,-0.001318499751091,
0.0352));
#12268=CARTESIAN_POINT('',(0.0181181550979614,-0.001318499751091,0.0352));
#12269=CARTESIAN_POINT('',(0.034148475575447,-0.001318499751091,0.0352));
#12270=CARTESIAN_POINT('',(0.0181181550979614,-0.001318499751091,0.0352));
#12271=CARTESIAN_POINT('Origin',(0.0181181550979614,0.0137428930330277,
0.0352));
#12272=CARTESIAN_POINT('',(0.0181181550979614,0.013681500248909,0.0352));
#12273=CARTESIAN_POINT('',(0.0181181550979614,0.013681500248909,0.0352));
#12274=CARTESIAN_POINT('',(0.0181181550979614,0.0204145953666981,0.0352));
#12275=CARTESIAN_POINT('Origin',(0.0501787960529327,0.0270862977003685,
0.0352));
#12276=CARTESIAN_POINT('Origin',(0.000718796052932725,0.0270862977003685,
0.0352));
#12277=CARTESIAN_POINT('',(0.000718796052932735,-0.0205251226235169,0.033));
#12278=CARTESIAN_POINT('',(0.000718796052932715,0.0746977180242539,0.033));
#12279=CARTESIAN_POINT('',(0.000718796052932725,0.0270862977003685,0.033));
#12280=CARTESIAN_POINT('',(0.000718796052932735,-0.0205251226235169,0.0352));
#12281=CARTESIAN_POINT('',(0.000718796052932735,-0.0205251226235169,0.0352));
#12282=CARTESIAN_POINT('',(0.000718796052932715,0.0746977180242539,0.0352));
#12283=CARTESIAN_POINT('',(0.000718796052932725,0.0270862977003685,0.0352));
#12284=CARTESIAN_POINT('',(0.000718796052932715,0.0746977180242539,0.0352));
#12285=CARTESIAN_POINT('Origin',(0.0501787960529328,-0.0205251226235168,
0.0352));
#12286=CARTESIAN_POINT('',(0.0996387960529328,-0.0205251226235168,0.033));
#12287=CARTESIAN_POINT('',(0.0501787960529328,-0.0205251226235168,0.033));
#12288=CARTESIAN_POINT('',(0.0996387960529328,-0.0205251226235168,0.0352));
#12289=CARTESIAN_POINT('',(0.0996387960529328,-0.0205251226235168,0.0352));
#12290=CARTESIAN_POINT('',(0.0501787960529328,-0.0205251226235168,0.0352));
#12291=CARTESIAN_POINT('Origin',(0.0996387960529327,0.0270862977003685,
0.0352));
#12292=CARTESIAN_POINT('',(0.0996387960529327,0.0746977180242539,0.033));
#12293=CARTESIAN_POINT('',(0.0996387960529327,0.0270862977003685,0.033));
#12294=CARTESIAN_POINT('',(0.0996387960529327,0.0746977180242539,0.0352));
#12295=CARTESIAN_POINT('',(0.0996387960529327,0.0746977180242539,0.0352));
#12296=CARTESIAN_POINT('',(0.0996387960529327,0.0270862977003685,0.0352));
#12297=CARTESIAN_POINT('Origin',(0.0115287960529327,0.023481500248909,0.0352));
#12298=CARTESIAN_POINT('',(0.0115287960529327,0.033281500248909,0.033));
#12299=CARTESIAN_POINT('',(0.0115287960529327,0.013681500248909,0.033));
#12300=CARTESIAN_POINT('',(0.0115287960529327,0.023481500248909,0.033));
#12301=CARTESIAN_POINT('',(0.0115287960529327,0.033281500248909,0.0352));
#12302=CARTESIAN_POINT('',(0.0115287960529327,0.033281500248909,0.0352));
#12303=CARTESIAN_POINT('',(0.0115287960529327,0.013681500248909,0.0352));
#12304=CARTESIAN_POINT('',(0.0115287960529327,0.023481500248909,0.0352));
#12305=CARTESIAN_POINT('',(0.0115287960529327,0.013681500248909,0.0352));
#12306=CARTESIAN_POINT('Origin',(0.0501187960529327,0.033281500248909,0.0352));
#12307=CARTESIAN_POINT('',(0.0887087960529328,0.033281500248909,0.033));
#12308=CARTESIAN_POINT('',(0.0501187960529327,0.033281500248909,0.033));
#12309=CARTESIAN_POINT('',(0.0887087960529328,0.033281500248909,0.0352));
#12310=CARTESIAN_POINT('',(0.0887087960529328,0.033281500248909,0.0352));
#12311=CARTESIAN_POINT('',(0.0501187960529327,0.033281500248909,0.0352));
#12312=CARTESIAN_POINT('Origin',(0.0887087960529328,0.023481500248909,0.0352));
#12313=CARTESIAN_POINT('',(0.0887087960529328,0.013681500248909,0.033));
#12314=CARTESIAN_POINT('',(0.0887087960529328,0.023481500248909,0.033));
#12315=CARTESIAN_POINT('',(0.0887087960529328,0.013681500248909,0.0352));
#12316=CARTESIAN_POINT('',(0.0887087960529328,0.013681500248909,0.0352));
#12317=CARTESIAN_POINT('',(0.0887087960529328,0.023481500248909,0.0352));
#12318=CARTESIAN_POINT('Origin',(0.0971387960529327,0.0721977180242539,
0.0352));
#12319=CARTESIAN_POINT('',(0.0987387960529327,0.0721977180242539,0.0352));
#12320=CARTESIAN_POINT('Origin',(0.0971387960529327,0.0721977180242539,
0.0352));
#12321=CARTESIAN_POINT('',(0.0987387960529327,0.0721977180242539,0.033));
#12322=CARTESIAN_POINT('',(0.0987387960529327,0.0721977180242539,0.0352));
#12323=CARTESIAN_POINT('Origin',(0.0971387960529327,0.0721977180242539,
0.033));
#12324=CARTESIAN_POINT('Origin',(0.0971387960529328,-0.0180251226235169,
0.0352));
#12325=CARTESIAN_POINT('',(0.0987387960529328,-0.0180251226235169,0.0352));
#12326=CARTESIAN_POINT('Origin',(0.0971387960529328,-0.0180251226235169,
0.0352));
#12327=CARTESIAN_POINT('',(0.0987387960529328,-0.0180251226235169,0.033));
#12328=CARTESIAN_POINT('',(0.0987387960529328,-0.0180251226235169,0.0352));
#12329=CARTESIAN_POINT('Origin',(0.0971387960529328,-0.0180251226235169,
0.033));
#12330=CARTESIAN_POINT('Origin',(0.00321879605293273,-0.0180251226235169,
0.0352));
#12331=CARTESIAN_POINT('',(0.00481879605293273,-0.0180251226235169,0.0352));
#12332=CARTESIAN_POINT('Origin',(0.00321879605293273,-0.0180251226235169,
0.0352));
#12333=CARTESIAN_POINT('',(0.00481879605293273,-0.0180251226235169,0.033));
#12334=CARTESIAN_POINT('',(0.00481879605293273,-0.0180251226235169,0.0352));
#12335=CARTESIAN_POINT('Origin',(0.00321879605293273,-0.0180251226235169,
0.033));
#12336=CARTESIAN_POINT('Origin',(0.0501787960529327,0.0746977180242539,
0.0352));
#12337=CARTESIAN_POINT('',(0.0501787960529327,0.0746977180242539,0.033));
#12338=CARTESIAN_POINT('',(0.0501787960529327,0.0746977180242539,0.0352));
#12339=CARTESIAN_POINT('Origin',(0.0501187960529327,0.013681500248909,0.0352));
#12340=CARTESIAN_POINT('',(0.0501187960529327,0.013681500248909,0.0352));
#12341=CARTESIAN_POINT('',(0.0501187960529327,0.013681500248909,0.0352));
#12342=CARTESIAN_POINT('',(0.0501187960529327,0.013681500248909,0.0352));
#12343=CARTESIAN_POINT('',(0.0501187960529327,0.013681500248909,0.033));
#12344=CARTESIAN_POINT('',(0.0501187960529327,0.013681500248909,0.0352));
#12345=CARTESIAN_POINT('',(0.0501187960529327,0.013681500248909,0.0352));
#12346=CARTESIAN_POINT('Origin',(0.00321879605293271,0.0721977180242538,
0.0352));
#12347=CARTESIAN_POINT('',(0.00481879605293271,0.0721977180242538,0.0352));
#12348=CARTESIAN_POINT('Origin',(0.00321879605293271,0.0721977180242538,
0.0352));
#12349=CARTESIAN_POINT('',(0.00481879605293271,0.0721977180242538,0.033));
#12350=CARTESIAN_POINT('',(0.00481879605293271,0.0721977180242538,0.0352));
#12351=CARTESIAN_POINT('Origin',(0.00321879605293271,0.0721977180242538,
0.033));
#12352=CARTESIAN_POINT('Origin',(0.0501787960529327,0.0270862977003685,
0.0352));
#12353=CARTESIAN_POINT('Origin',(0.0501787960529327,0.0270862977003685,
0.033));
#12354=CARTESIAN_POINT('',(0.,0.,0.));
#12355=CARTESIAN_POINT('Origin',(0.00971879605293273,0.014251500248909,
0.0235));
#12356=CARTESIAN_POINT('',(0.00471879605293273,0.014251500248909,0.0103959610891413));
#12357=CARTESIAN_POINT('',(0.0147187960529327,0.014251500248909,0.0103959610891413));
#12358=CARTESIAN_POINT('',(-0.00956120394706726,0.014251500248909,0.0103959610891413));
#12359=CARTESIAN_POINT('',(0.00471879605293273,0.014251500248909,0.0235));
#12360=CARTESIAN_POINT('',(0.00471879605293273,0.014251500248909,0.0235));
#12361=CARTESIAN_POINT('',(0.0147187960529327,0.014251500248909,0.0235));
#12362=CARTESIAN_POINT('',(0.00971879605293273,0.014251500248909,0.0235));
#12363=CARTESIAN_POINT('',(0.0147187960529327,0.014251500248909,0.0235));
#12364=CARTESIAN_POINT('Origin',(0.0906387960529327,0.014251500248909,0.0235));
#12365=CARTESIAN_POINT('',(0.0856387960529327,0.014251500248909,0.00371701622187388));
#12366=CARTESIAN_POINT('',(0.0856387960529327,0.014251500248909,0.));
#12367=CARTESIAN_POINT('',(0.0856387960529327,0.014251500248909,0.0235));
#12368=CARTESIAN_POINT('',(0.0956387960529327,0.014251500248909,0.00371701622187388));
#12369=CARTESIAN_POINT('',(-0.00956120394706726,0.014251500248909,0.00371701622187387));
#12370=CARTESIAN_POINT('',(0.0956387960529327,0.014251500248909,0.));
#12371=CARTESIAN_POINT('',(0.0956387960529327,0.014251500248909,0.0235));
#12372=CARTESIAN_POINT('',(0.0906387960529327,0.014251500248909,0.));
#12373=CARTESIAN_POINT('Origin',(0.0501787960529327,0.0746977180242539,
-0.003));
#12374=CARTESIAN_POINT('',(0.000718796052932715,0.0746977180242539,-0.003));
#12375=CARTESIAN_POINT('',(0.000718796052932715,0.0746977180242539,0.033));
#12376=CARTESIAN_POINT('',(0.000718796052932715,0.0746977180242539,-0.003));
#12377=CARTESIAN_POINT('',(0.0996387960529327,0.0746977180242539,0.033));
#12378=CARTESIAN_POINT('',(0.0501787960529327,0.0746977180242539,0.033));
#12379=CARTESIAN_POINT('',(0.0996387960529327,0.0746977180242539,-0.003));
#12380=CARTESIAN_POINT('',(0.0996387960529327,0.0746977180242539,-0.003));
#12381=CARTESIAN_POINT('',(0.0501787960529327,0.0746977180242539,-0.003));
#12382=CARTESIAN_POINT('',(0.0565841960083447,0.0746977180242539,0.0241871478440763));
#12383=CARTESIAN_POINT('',(0.0436441960083447,0.0746977180242539,0.0241871478440763));
#12384=CARTESIAN_POINT('',(0.0501141960083447,0.0746977180242539,0.0241871478440763));
#12385=CARTESIAN_POINT('',(0.0436441960083447,0.0746977180242539,0.0169771478440763));
#12386=CARTESIAN_POINT('',(0.0436441960083447,0.0746977180242539,0.0205821478440763));
#12387=CARTESIAN_POINT('',(0.0565841960083447,0.0746977180242539,0.0169771478440763));
#12388=CARTESIAN_POINT('',(0.0501141960083447,0.0746977180242539,0.0169771478440763));
#12389=CARTESIAN_POINT('',(0.0565841960083447,0.0746977180242539,0.0205821478440763));
#12390=CARTESIAN_POINT('Origin',(0.0501787960529327,0.0696977180242539,
0.033));
#12391=CARTESIAN_POINT('',(0.0157187960529327,0.0696977180242538,0.0235));
#12392=CARTESIAN_POINT('',(0.00471879605293272,0.0696977180242538,0.0235));
#12393=CARTESIAN_POINT('',(0.0501787960529327,0.0696977180242539,0.0235));
#12394=CARTESIAN_POINT('',(0.0157187960529327,0.0696977180242538,0.));
#12395=CARTESIAN_POINT('',(0.0157187960529327,0.0696977180242538,0.0235));
#12396=CARTESIAN_POINT('',(0.0846387960529327,0.0696977180242539,0.));
#12397=CARTESIAN_POINT('',(0.0501787960529327,0.0696977180242539,0.));
#12398=CARTESIAN_POINT('',(0.0846387960529327,0.0696977180242539,0.0235));
#12399=CARTESIAN_POINT('',(0.0846387960529327,0.0696977180242539,0.0235));
#12400=CARTESIAN_POINT('',(0.0956387960529327,0.0696977180242539,0.0235));
#12401=CARTESIAN_POINT('',(0.0501787960529327,0.0696977180242539,0.0235));
#12402=CARTESIAN_POINT('',(0.0956387960529327,0.0696977180242539,0.033));
#12403=CARTESIAN_POINT('',(0.0956387960529327,0.0696977180242539,0.033));
#12404=CARTESIAN_POINT('',(0.00471879605293272,0.0696977180242538,0.033));
#12405=CARTESIAN_POINT('',(0.0501787960529327,0.0696977180242539,0.033));
#12406=CARTESIAN_POINT('',(0.00471879605293272,0.0696977180242538,0.033));
#12407=CARTESIAN_POINT('',(0.0436441960083447,0.0696977180242539,0.0169771478440763));
#12408=CARTESIAN_POINT('',(0.0436441960083447,0.0696977180242539,0.0241871478440763));
#12409=CARTESIAN_POINT('',(0.0436441960083447,0.0696977180242539,0.033));
#12410=CARTESIAN_POINT('',(0.0565841960083447,0.0696977180242539,0.0241871478440763));
#12411=CARTESIAN_POINT('',(0.0501787960529327,0.0696977180242539,0.0241871478440763));
#12412=CARTESIAN_POINT('',(0.0565841960083447,0.0696977180242539,0.0169771478440763));
#12413=CARTESIAN_POINT('',(0.0565841960083447,0.0696977180242539,0.033));
#12414=CARTESIAN_POINT('',(0.0501787960529327,0.0696977180242539,0.0169771478440763));
#12415=CARTESIAN_POINT('Origin',(0.0501787960529327,-0.0155251226235168,
0.033));
#12416=CARTESIAN_POINT('',(0.0112110261962692,-0.0155251226235168,0.033));
#12417=CARTESIAN_POINT('',(0.0853610261962692,-0.0155251226235168,0.033));
#12418=CARTESIAN_POINT('',(0.0501787960529327,-0.0155251226235168,0.033));
#12419=CARTESIAN_POINT('',(0.0853610261962692,-0.0155251226235168,0.));
#12420=CARTESIAN_POINT('',(0.0853610261962692,-0.0155251226235168,0.0235));
#12421=CARTESIAN_POINT('',(0.0112110261962692,-0.0155251226235168,0.));
#12422=CARTESIAN_POINT('',(0.0501787960529327,-0.0155251226235168,0.));
#12423=CARTESIAN_POINT('',(0.0112110261962692,-0.0155251226235168,0.033));
#12424=CARTESIAN_POINT('',(0.0815710261962691,-0.0155251226235168,0.0043035653680563));
#12425=CARTESIAN_POINT('',(0.0815710261962691,-0.0155251226235168,0.0228035653680563));
#12426=CARTESIAN_POINT('',(0.0815710261962691,-0.0155251226235168,0.033));
#12427=CARTESIAN_POINT('',(0.0185710261962691,-0.0155251226235168,0.0228035653680563));
#12428=CARTESIAN_POINT('',(0.0501787960529327,-0.0155251226235168,0.0228035653680563));
#12429=CARTESIAN_POINT('',(0.0185710261962691,-0.0155251226235168,0.0043035653680563));
#12430=CARTESIAN_POINT('',(0.0185710261962691,-0.0155251226235168,0.033));
#12431=CARTESIAN_POINT('',(0.0501787960529327,-0.0155251226235168,0.0043035653680563));
#12432=CARTESIAN_POINT('Origin',(0.0501787960529328,-0.0205251226235168,
-0.003));
#12433=CARTESIAN_POINT('',(0.0996387960529328,-0.0205251226235168,-0.003));
#12434=CARTESIAN_POINT('',(0.0996387960529328,-0.0205251226235168,0.033));
#12435=CARTESIAN_POINT('',(0.0996387960529328,-0.0205251226235168,-0.003));
#12436=CARTESIAN_POINT('',(0.000718796052932735,-0.0205251226235169,0.033));
#12437=CARTESIAN_POINT('',(0.0501787960529328,-0.0205251226235168,0.033));
#12438=CARTESIAN_POINT('',(0.000718796052932735,-0.0205251226235169,-0.003));
#12439=CARTESIAN_POINT('',(0.000718796052932735,-0.0205251226235169,-0.003));
#12440=CARTESIAN_POINT('',(0.0501787960529328,-0.0205251226235168,-0.003));
#12441=CARTESIAN_POINT('',(0.0185710261962691,-0.0205251226235169,0.0043035653680563));
#12442=CARTESIAN_POINT('',(0.0185710261962691,-0.0205251226235169,0.0228035653680563));
#12443=CARTESIAN_POINT('',(0.0185710261962691,-0.0205251226235169,0.0135535653680563));
#12444=CARTESIAN_POINT('',(0.0815710261962691,-0.0205251226235168,0.0228035653680563));
#12445=CARTESIAN_POINT('',(0.0500710261962691,-0.0205251226235168,0.0228035653680563));
#12446=CARTESIAN_POINT('',(0.0815710261962691,-0.0205251226235168,0.0043035653680563));
#12447=CARTESIAN_POINT('',(0.0815710261962691,-0.0205251226235168,0.0135535653680563));
#12448=CARTESIAN_POINT('',(0.0500710261962691,-0.0205251226235168,0.0043035653680563));
#12449=CARTESIAN_POINT('Origin',(0.0501787960529327,0.0270862977003685,
0.0235));
#12450=CARTESIAN_POINT('',(0.0856387960529327,0.003251500248909,0.0235));
#12451=CARTESIAN_POINT('',(0.0856387960529327,0.014251500248909,0.0235));
#12452=CARTESIAN_POINT('',(0.0856387960529327,0.008751500248909,0.0235));
#12453=CARTESIAN_POINT('',(0.0956387960529327,0.00325150024890899,0.0235));
#12454=CARTESIAN_POINT('',(0.0904999111246009,0.003251500248909,0.0235));
#12455=CARTESIAN_POINT('',(0.0956387960529327,0.014251500248909,0.0235));
#12456=CARTESIAN_POINT('',(0.0956387960529327,0.0270862977003685,0.0235));
#12457=CARTESIAN_POINT('',(0.0906387960529327,0.014251500248909,0.0235));
#12458=CARTESIAN_POINT('',(0.0924387960529327,0.008751500248909,0.0235));
#12459=CARTESIAN_POINT('Origin',(0.0901387960529327,0.008751500248909,0.0235));
#12460=CARTESIAN_POINT('Origin',(0.00471879605293273,0.0270862977003685,
0.033));
#12461=CARTESIAN_POINT('',(0.00471879605293273,0.014251500248909,0.00371701622187387));
#12462=CARTESIAN_POINT('Origin',(0.00471879605293273,0.015896214172244,
0.00705648865550757));
#12463=CARTESIAN_POINT('',(0.00471879605293273,0.014251500248909,0.));
#12464=CARTESIAN_POINT('',(0.00471879605293273,0.014251500248909,0.0235));
#12465=CARTESIAN_POINT('',(0.00471879605293272,0.0586977180242538,0.));
#12466=CARTESIAN_POINT('',(0.00471879605293273,0.0270862977003685,0.));
#12467=CARTESIAN_POINT('',(0.00471879605293272,0.0586977180242538,0.0235));
#12468=CARTESIAN_POINT('',(0.00471879605293272,0.0586977180242538,0.0235));
#12469=CARTESIAN_POINT('',(0.00471879605293273,0.0270862977003685,0.0235));
#12470=CARTESIAN_POINT('',(0.00471879605293273,0.003251500248909,0.033));
#12471=CARTESIAN_POINT('',(0.00471879605293273,0.0270862977003685,0.033));
#12472=CARTESIAN_POINT('',(0.00471879605293273,0.003251500248909,0.0235));
#12473=CARTESIAN_POINT('',(0.00471879605293273,0.003251500248909,0.033));
#12474=CARTESIAN_POINT('',(0.00471879605293273,0.0270862977003685,0.0235));
#12475=CARTESIAN_POINT('',(0.00471879605293273,0.0233693177852079,0.012676764279604));
#12476=CARTESIAN_POINT('Origin',(0.00471879605293273,0.0248740576207637,
0.012676764279604));
#12477=CARTESIAN_POINT('',(0.00471879605293273,0.0231831301368901,0.00639957375824451));
#12478=CARTESIAN_POINT('Origin',(0.00471879605293273,0.0266988221555948,
0.00639957375824451));
#12479=CARTESIAN_POINT('',(0.00471879605293272,0.0315734968507508,0.0199028309434653));
#12480=CARTESIAN_POINT('Origin',(0.00471879605293272,0.036333579570055,
0.0199028309434653));
#12481=CARTESIAN_POINT('',(0.00471879605293272,0.0419481336191694,0.00983013119548559));
#12482=CARTESIAN_POINT('Origin',(0.00471879605293272,0.0456763729453087,
0.00983013119548559));
#12483=CARTESIAN_POINT('Origin',(0.0501787960529327,0.0270862977003685,
0.));
#12484=CARTESIAN_POINT('',(0.0147187960529327,0.003251500248909,0.));
#12485=CARTESIAN_POINT('',(0.0147187960529327,0.014251500248909,0.));
#12486=CARTESIAN_POINT('',(0.0147187960529327,0.008751500248909,0.));
#12487=CARTESIAN_POINT('',(0.0815910261962692,0.003251500248909,0.));
#12488=CARTESIAN_POINT('',(0.0481549111246009,0.003251500248909,0.));
#12489=CARTESIAN_POINT('',(0.0815910261962692,-0.0109651226235169,0.));
#12490=CARTESIAN_POINT('',(0.0815910261962692,-0.00385681118730393,0.));
#12491=CARTESIAN_POINT('',(0.0112110261962692,-0.0109651226235169,0.));
#12492=CARTESIAN_POINT('',(0.0464010261962692,-0.0109651226235169,0.));
#12493=CARTESIAN_POINT('',(0.0112110261962692,-0.0132451226235169,0.));
#12494=CARTESIAN_POINT('',(0.0853610261962692,0.003251500248909,0.));
#12495=CARTESIAN_POINT('',(0.0853610261962692,-0.00613681118730394,0.));
#12496=CARTESIAN_POINT('',(0.0856387960529327,0.003251500248909,0.));
#12497=CARTESIAN_POINT('',(0.085499911124601,0.003251500248909,0.));
#12498=CARTESIAN_POINT('',(0.0856387960529327,0.008751500248909,0.));
#12499=CARTESIAN_POINT('',(0.0956387960529327,0.0586977180242539,0.));
#12500=CARTESIAN_POINT('',(0.0956387960529327,0.0270862977003685,0.));
#12501=CARTESIAN_POINT('',(0.0846387960529327,0.0586977180242539,0.));
#12502=CARTESIAN_POINT('',(0.0901387960529327,0.0586977180242539,0.));
#12503=CARTESIAN_POINT('',(0.0846387960529327,0.0641977180242539,0.));
#12504=CARTESIAN_POINT('',(0.0157187960529327,0.0586977180242538,0.));
#12505=CARTESIAN_POINT('',(0.0157187960529327,0.0641977180242538,0.));
#12506=CARTESIAN_POINT('',(0.0102187960529327,0.0586977180242538,0.));
#12507=CARTESIAN_POINT('',(0.00971879605293273,0.014251500248909,0.));
#12508=CARTESIAN_POINT('Origin',(0.000718796052932725,0.0270862977003685,
-0.003));
#12509=CARTESIAN_POINT('',(0.000718796052932725,0.0270862977003685,0.033));
#12510=CARTESIAN_POINT('',(0.000718796052932725,0.0270862977003685,-0.003));
#12511=CARTESIAN_POINT('',(0.000718796052932719,0.0419481336191694,0.00983013119548559));
#12512=CARTESIAN_POINT('Origin',(0.00071879605293272,0.0456763729453087,
0.00983013119548559));
#12513=CARTESIAN_POINT('',(0.000718796052932727,0.0121736935175516,0.00705648865550757));
#12514=CARTESIAN_POINT('Origin',(0.000718796052932728,0.015896214172244,
0.00705648865550757));
#12515=CARTESIAN_POINT('',(0.000718796052932724,0.0233693177852079,0.012676764279604));
#12516=CARTESIAN_POINT('Origin',(0.000718796052932725,0.0248740576207637,
0.012676764279604));
#12517=CARTESIAN_POINT('',(0.000718796052932725,0.0231831301368901,0.00639957375824451));
#12518=CARTESIAN_POINT('Origin',(0.000718796052932725,0.0266988221555948,
0.00639957375824451));
#12519=CARTESIAN_POINT('',(0.000718796052932723,0.0315734968507508,0.0199028309434653));
#12520=CARTESIAN_POINT('Origin',(0.000718796052932723,0.036333579570055,
0.0199028309434653));
#12521=CARTESIAN_POINT('Origin',(0.0996387960529327,0.0270862977003685,
-0.003));
#12522=CARTESIAN_POINT('',(0.0996387960529327,0.0270862977003685,0.033));
#12523=CARTESIAN_POINT('',(0.0996387960529327,0.0270862977003685,-0.003));
#12524=CARTESIAN_POINT('',(0.0996387960529327,0.0419481336191695,0.00983013119548559));
#12525=CARTESIAN_POINT('Origin',(0.0996387960529327,0.0456763729453087,
0.00983013119548559));
#12526=CARTESIAN_POINT('',(0.0996387960529327,0.0121736935175516,0.00705648865550757));
#12527=CARTESIAN_POINT('Origin',(0.0996387960529327,0.015896214172244,0.00705648865550757));
#12528=CARTESIAN_POINT('',(0.0996387960529327,0.0233693177852079,0.012676764279604));
#12529=CARTESIAN_POINT('Origin',(0.0996387960529327,0.0248740576207638,
0.012676764279604));
#12530=CARTESIAN_POINT('',(0.0996387960529327,0.0231831301368901,0.00639957375824451));
#12531=CARTESIAN_POINT('Origin',(0.0996387960529327,0.0266988221555949,
0.00639957375824451));
#12532=CARTESIAN_POINT('',(0.0996387960529327,0.0315734968507509,0.0199028309434653));
#12533=CARTESIAN_POINT('Origin',(0.0996387960529327,0.036333579570055,0.0199028309434653));
#12534=CARTESIAN_POINT('Origin',(0.0501787960529327,0.0270862977003685,
-0.003));
#12535=CARTESIAN_POINT('Origin',(0.0956387960529327,0.0270862977003685,
0.033));
#12536=CARTESIAN_POINT('',(0.0956387960529327,0.014251500248909,0.0103959610891413));
#12537=CARTESIAN_POINT('Origin',(0.0956387960529327,0.015896214172244,0.00705648865550757));
#12538=CARTESIAN_POINT('',(0.0956387960529327,0.014251500248909,0.0235));
#12539=CARTESIAN_POINT('',(0.0956387960529327,0.00325150024890899,0.033));
#12540=CARTESIAN_POINT('',(0.0956387960529327,0.00325150024890899,0.0331));
#12541=CARTESIAN_POINT('',(0.0956387960529327,0.0270862977003685,0.033));
#12542=CARTESIAN_POINT('',(0.0956387960529327,0.0586977180242539,0.0235));
#12543=CARTESIAN_POINT('',(0.0956387960529327,0.0270862977003685,0.0235));
#12544=CARTESIAN_POINT('',(0.0956387960529327,0.0586977180242539,0.0235));
#12545=CARTESIAN_POINT('',(0.0956387960529327,0.023369317785208,0.012676764279604));
#12546=CARTESIAN_POINT('Origin',(0.0956387960529327,0.0248740576207638,
0.012676764279604));
#12547=CARTESIAN_POINT('',(0.0956387960529327,0.0231831301368901,0.00639957375824451));
#12548=CARTESIAN_POINT('Origin',(0.0956387960529327,0.0266988221555949,
0.00639957375824451));
#12549=CARTESIAN_POINT('',(0.0956387960529327,0.0315734968507508,0.0199028309434653));
#12550=CARTESIAN_POINT('Origin',(0.0956387960529327,0.036333579570055,0.0199028309434653));
#12551=CARTESIAN_POINT('',(0.0956387960529327,0.0419481336191694,0.00983013119548559));
#12552=CARTESIAN_POINT('Origin',(0.0956387960529327,0.0456763729453087,
0.00983013119548559));
#12553=CARTESIAN_POINT('Origin',(0.0501787960529327,0.0270862977003685,
0.033));
#12554=CARTESIAN_POINT('',(0.00121879605293271,0.0721977180242538,0.033));
#12555=CARTESIAN_POINT('Origin',(0.00321879605293271,0.0721977180242538,
0.033));
#12556=CARTESIAN_POINT('',(0.0951387960529327,0.0721977180242539,0.033));
#12557=CARTESIAN_POINT('Origin',(0.0971387960529327,0.0721977180242539,
0.033));
#12558=CARTESIAN_POINT('',(0.0951387960529328,-0.0180251226235169,0.033));
#12559=CARTESIAN_POINT('Origin',(0.0971387960529328,-0.0180251226235169,
0.033));
#12560=CARTESIAN_POINT('',(0.00121879605293273,-0.0180251226235169,0.033));
#12561=CARTESIAN_POINT('Origin',(0.00321879605293273,-0.0180251226235169,
0.033));
#12562=CARTESIAN_POINT('',(0.0112110261962692,-0.0109651226235169,0.033));
#12563=CARTESIAN_POINT('',(0.0112110261962692,-0.0132451226235169,0.033));
#12564=CARTESIAN_POINT('',(0.0815910261962692,-0.0109651226235169,0.033));
#12565=CARTESIAN_POINT('',(0.0464010261962692,-0.0109651226235169,0.033));
#12566=CARTESIAN_POINT('',(0.0815910261962692,0.003251500248909,0.033));
#12567=CARTESIAN_POINT('',(0.0815910261962692,-0.00385681118730393,0.033));
#12568=CARTESIAN_POINT('',(0.0481549111246009,0.003251500248909,0.033));
#12569=CARTESIAN_POINT('',(0.0853610261962692,0.003251500248909,0.033));
#12570=CARTESIAN_POINT('',(0.087999911124601,0.003251500248909,0.033));
#12571=CARTESIAN_POINT('',(0.0853610261962692,-0.00613681118730392,0.033));
#12572=CARTESIAN_POINT('Origin',(0.0147187960529327,0.008751500248909,0.0235));
#12573=CARTESIAN_POINT('',(0.0147187960529327,0.014251500248909,0.00371701622187387));
#12574=CARTESIAN_POINT('',(0.0147187960529327,0.014251500248909,0.0235));
#12575=CARTESIAN_POINT('',(0.0147187960529327,0.0121736935175516,0.00705648865550757));
#12576=CARTESIAN_POINT('Origin',(0.0147187960529327,0.015896214172244,0.00705648865550757));
#12577=CARTESIAN_POINT('Origin',(0.0147187960529327,0.015896214172244,0.00705648865550757));
#12578=CARTESIAN_POINT('',(0.0147187960529327,0.003251500248909,0.0235));
#12579=CARTESIAN_POINT('',(0.0147187960529327,0.008751500248909,0.0235));
#12580=CARTESIAN_POINT('',(0.0147187960529327,0.003251500248909,0.0235));
#12581=CARTESIAN_POINT('Origin',(0.00971879605293273,0.014251500248909,
0.0235));
#12582=CARTESIAN_POINT('',(-0.00956120394706726,0.014251500248909,0.00371701622187387));
#12583=CARTESIAN_POINT('Origin',(0.0102187960529327,0.008751500248909,0.0235));
#12584=CARTESIAN_POINT('',(0.0125187960529327,0.008751500248909,0.0235));
#12585=CARTESIAN_POINT('Origin',(0.0102187960529327,0.008751500248909,0.0235));
#12586=CARTESIAN_POINT('',(0.0125187960529327,0.008751500248909,0.));
#12587=CARTESIAN_POINT('',(0.0125187960529327,0.008751500248909,0.0235));
#12588=CARTESIAN_POINT('Origin',(0.0102187960529327,0.008751500248909,0.));
#12589=CARTESIAN_POINT('Origin',(0.0501787960529327,0.0270862977003685,
0.0235));
#12590=CARTESIAN_POINT('',(0.00796491112460094,0.003251500248909,0.0235));
#12591=CARTESIAN_POINT('Origin',(0.0501787960529327,0.0270862977003685,
0.));
#12592=CARTESIAN_POINT('Origin',(0.0901387960529327,0.0586977180242539,
0.0235));
#12593=CARTESIAN_POINT('',(0.0846387960529327,0.0586977180242539,0.0235));
#12594=CARTESIAN_POINT('',(0.0901387960529327,0.0586977180242539,0.0235));
#12595=CARTESIAN_POINT('',(0.0846387960529327,0.0586977180242539,0.0235));
#12596=CARTESIAN_POINT('Origin',(0.0846387960529327,0.0641977180242539,
0.0235));
#12597=CARTESIAN_POINT('',(0.0846387960529327,0.0641977180242539,0.0235));
#12598=CARTESIAN_POINT('Origin',(0.0901387960529327,0.063751500248909,0.0235));
#12599=CARTESIAN_POINT('',(0.0924387960529327,0.063751500248909,0.0235));
#12600=CARTESIAN_POINT('Origin',(0.0901387960529327,0.063751500248909,0.0235));
#12601=CARTESIAN_POINT('',(0.0924387960529327,0.063751500248909,0.));
#12602=CARTESIAN_POINT('',(0.0924387960529327,0.063751500248909,0.0235));
#12603=CARTESIAN_POINT('Origin',(0.0901387960529327,0.063751500248909,0.));
#12604=CARTESIAN_POINT('Origin',(0.0501787960529327,0.0270862977003685,
0.0235));
#12605=CARTESIAN_POINT('Origin',(0.0501787960529327,0.0270862977003685,
0.));
#12606=CARTESIAN_POINT('Origin',(0.0102187960529327,0.0586977180242538,
0.0235));
#12607=CARTESIAN_POINT('',(0.0157187960529327,0.0586977180242538,0.0235));
#12608=CARTESIAN_POINT('',(0.0157187960529327,0.0586977180242538,0.0235));
#12609=CARTESIAN_POINT('',(0.0102187960529327,0.0586977180242538,0.0235));
#12610=CARTESIAN_POINT('Origin',(0.0157187960529327,0.0641977180242538,
0.0235));
#12611=CARTESIAN_POINT('',(0.0157187960529327,0.0641977180242538,0.0235));
#12612=CARTESIAN_POINT('Origin',(0.0102187960529327,0.063751500248909,0.0235));
#12613=CARTESIAN_POINT('',(0.0125187960529327,0.063751500248909,0.0235));
#12614=CARTESIAN_POINT('Origin',(0.0102187960529327,0.063751500248909,0.0235));
#12615=CARTESIAN_POINT('',(0.0125187960529327,0.063751500248909,0.));
#12616=CARTESIAN_POINT('',(0.0125187960529327,0.063751500248909,0.0235));
#12617=CARTESIAN_POINT('Origin',(0.0102187960529327,0.063751500248909,0.));
#12618=CARTESIAN_POINT('Origin',(0.0501787960529327,0.0270862977003685,
0.0235));
#12619=CARTESIAN_POINT('Origin',(0.0501787960529327,0.0270862977003685,
0.));
#12620=CARTESIAN_POINT('Origin',(0.0856387960529327,0.008751500248909,0.0235));
#12621=CARTESIAN_POINT('',(0.0856387960529327,0.0121736935175516,0.00705648865550757));
#12622=CARTESIAN_POINT('Origin',(0.0856387960529327,0.015896214172244,0.00705648865550757));
#12623=CARTESIAN_POINT('',(0.0856387960529327,0.003251500248909,0.0235));
#12624=CARTESIAN_POINT('',(0.0856387960529327,0.014251500248909,0.0103959610891413));
#12625=CARTESIAN_POINT('',(0.0856387960529327,0.014251500248909,0.0235));
#12626=CARTESIAN_POINT('Origin',(0.0856387960529327,0.015896214172244,0.00705648865550757));
#12627=CARTESIAN_POINT('Origin',(0.085499911124601,0.003251500248909,0.0235));
#12628=CARTESIAN_POINT('',(0.0853610261962692,0.003251500248909,0.0235));
#12629=CARTESIAN_POINT('Origin',(0.0853610261962692,-0.00613681118730394,
0.0235));
#12630=CARTESIAN_POINT('Origin',(0.0906387960529327,0.014251500248909,0.0235));
#12631=CARTESIAN_POINT('',(-0.00956120394706726,0.014251500248909,0.0103959610891413));
#12632=CARTESIAN_POINT('Origin',(0.0901387960529327,0.008751500248909,0.0235));
#12633=CARTESIAN_POINT('',(0.0924387960529327,0.008751500248909,0.));
#12634=CARTESIAN_POINT('',(0.0924387960529327,0.008751500248909,0.0235));
#12635=CARTESIAN_POINT('Origin',(0.0901387960529327,0.008751500248909,0.));
#12636=CARTESIAN_POINT('Origin',(0.0501787960529327,0.0270862977003685,
0.));
#12637=CARTESIAN_POINT('Origin',(0.0481549111246009,0.003251500248909,0.033));
#12638=CARTESIAN_POINT('',(0.0815910261962692,0.003251500248909,0.033));
#12639=CARTESIAN_POINT('Origin',(0.0112110261962692,-0.0132451226235169,
0.033));
#12640=CARTESIAN_POINT('',(0.0112110261962692,-0.0109651226235169,0.033));
#12641=CARTESIAN_POINT('Origin',(0.0464010261962692,-0.0109651226235169,
0.033));
#12642=CARTESIAN_POINT('',(0.0815910261962692,-0.0109651226235169,0.033));
#12643=CARTESIAN_POINT('Origin',(0.0815910261962692,-0.00385681118730393,
0.033));
#12644=CARTESIAN_POINT('Origin',(0.00321879605293273,-0.0180251226235169,
0.008));
#12645=CARTESIAN_POINT('',(0.00121879605293273,-0.0180251226235169,0.008));
#12646=CARTESIAN_POINT('Origin',(0.00321879605293273,-0.0180251226235169,
0.008));
#12647=CARTESIAN_POINT('',(0.00121879605293273,-0.0180251226235169,0.008));
#12648=CARTESIAN_POINT('Origin',(0.0501787960529327,0.0270862977003685,
0.008));
#12649=CARTESIAN_POINT('Origin',(0.0971387960529328,-0.0180251226235169,
0.008));
#12650=CARTESIAN_POINT('',(0.0951387960529328,-0.0180251226235169,0.008));
#12651=CARTESIAN_POINT('Origin',(0.0971387960529328,-0.0180251226235169,
0.008));
#12652=CARTESIAN_POINT('',(0.0951387960529328,-0.0180251226235169,0.008));
#12653=CARTESIAN_POINT('Origin',(0.0501787960529327,0.0270862977003685,
0.008));
#12654=CARTESIAN_POINT('Origin',(0.0971387960529327,0.0721977180242539,
0.008));
#12655=CARTESIAN_POINT('',(0.0951387960529327,0.0721977180242539,0.008));
#12656=CARTESIAN_POINT('Origin',(0.0971387960529327,0.0721977180242539,
0.008));
#12657=CARTESIAN_POINT('',(0.0951387960529327,0.0721977180242539,0.008));
#12658=CARTESIAN_POINT('Origin',(0.0501787960529327,0.0270862977003685,
0.008));
#12659=CARTESIAN_POINT('Origin',(0.00321879605293271,0.0721977180242538,
0.008));
#12660=CARTESIAN_POINT('',(0.00121879605293271,0.0721977180242538,0.008));
#12661=CARTESIAN_POINT('Origin',(0.00321879605293271,0.0721977180242538,
0.008));
#12662=CARTESIAN_POINT('',(0.00121879605293271,0.0721977180242538,0.008));
#12663=CARTESIAN_POINT('Origin',(0.0501787960529327,0.0270862977003685,
0.008));
#12664=CARTESIAN_POINT('Origin',(0.0500710261962691,-0.0137251226235169,
0.0228035653680563));
#12665=CARTESIAN_POINT('',(0.0815710261962691,-0.0137251226235169,0.0228035653680563));
#12666=CARTESIAN_POINT('',(0.0185710261962691,-0.0137251226235169,0.0228035653680563));
#12667=CARTESIAN_POINT('Origin',(0.0185710261962691,-0.0137251226235169,
0.0135535653680563));
#12668=CARTESIAN_POINT('',(0.0185710261962691,-0.0137251226235169,0.0043035653680563));
#12669=CARTESIAN_POINT('Origin',(0.0500710261962691,-0.0137251226235169,
0.0043035653680563));
#12670=CARTESIAN_POINT('',(0.0815710261962691,-0.0137251226235169,0.0043035653680563));
#12671=CARTESIAN_POINT('Origin',(0.0815710261962691,-0.0137251226235169,
0.0135535653680563));
#12672=CARTESIAN_POINT('Origin',(0.0501141960083447,0.0496977180242539,
0.0241871478440763));
#12673=CARTESIAN_POINT('',(0.0436441960083447,0.0496977180242539,0.0241871478440763));
#12674=CARTESIAN_POINT('',(0.0565841960083447,0.0496977180242539,0.0241871478440763));
#12675=CARTESIAN_POINT('Origin',(0.0565841960083447,0.0496977180242539,
0.0205821478440763));
#12676=CARTESIAN_POINT('',(0.0565841960083447,0.0496977180242539,0.0169771478440763));
#12677=CARTESIAN_POINT('Origin',(0.0501141960083447,0.0496977180242539,
0.0169771478440763));
#12678=CARTESIAN_POINT('',(0.0436441960083447,0.0496977180242539,0.0169771478440763));
#12679=CARTESIAN_POINT('Origin',(0.0436441960083447,0.0496977180242539,
0.0205821478440763));
#12680=CARTESIAN_POINT('Origin',(-0.00956120394706726,0.015896214172244,
0.00705648865550757));
#12681=CARTESIAN_POINT('',(-0.00956120394706726,0.0121736935175516,0.00705648865550757));
#12682=CARTESIAN_POINT('Origin',(-0.00956120394706726,0.015896214172244,
0.00705648865550757));
#12683=CARTESIAN_POINT('',(-0.00956120394706726,0.0121736935175516,0.00705648865550757));
#12684=CARTESIAN_POINT('Origin',(-0.00956120394706726,0.036333579570055,
0.0199028309434653));
#12685=CARTESIAN_POINT('',(-0.00956120394706726,0.0315734968507508,0.0199028309434653));
#12686=CARTESIAN_POINT('Origin',(-0.00956120394706726,0.0266988221555948,
0.00639957375824451));
#12687=CARTESIAN_POINT('',(-0.00956120394706726,0.0231831301368901,0.00639957375824451));
#12688=CARTESIAN_POINT('Origin',(-0.00956120394706726,0.0248740576207637,
0.012676764279604));
#12689=CARTESIAN_POINT('',(-0.00956120394706726,0.0233693177852079,0.012676764279604));
#12690=CARTESIAN_POINT('Origin',(-0.00956120394706726,0.0456763729453087,
0.00983013119548559));
#12691=CARTESIAN_POINT('',(-0.00956120394706726,0.0419481336191694,0.00983013119548559));
#12692=CARTESIAN_POINT('Origin',(-0.00956120394706726,0.036333579570055,
0.0199028309434653));
#12693=CARTESIAN_POINT('',(-0.00956120394706726,0.0315734968507508,0.0199028309434653));
#12694=CARTESIAN_POINT('Origin',(-0.00956120394706726,0.0266988221555948,
0.00639957375824451));
#12695=CARTESIAN_POINT('',(-0.00956120394706726,0.0231831301368901,0.00639957375824451));
#12696=CARTESIAN_POINT('Origin',(-0.00956120394706726,0.0248740576207637,
0.012676764279604));
#12697=CARTESIAN_POINT('',(-0.00956120394706726,0.0233693177852079,0.012676764279604));
#12698=CARTESIAN_POINT('Origin',(-0.00956120394706726,0.0456763729453087,
0.00983013119548559));
#12699=CARTESIAN_POINT('',(-0.00956120394706726,0.0419481336191694,0.00983013119548559));
#12700=CARTESIAN_POINT('',(0.,0.,0.));
#12701=CARTESIAN_POINT('',(0.,0.,0.));
#12702=UNCERTAINTY_MEASURE_WITH_UNIT(LENGTH_MEASURE(1.E-5),#12710,
'DISTANCE_ACCURACY_VALUE',
'Maximum model space distance between geometric entities at asserted c
onnectivities');
#12703=UNCERTAINTY_MEASURE_WITH_UNIT(LENGTH_MEASURE(1.E-5),#12710,
'DISTANCE_ACCURACY_VALUE',
'Maximum model space distance between geometric entities at asserted c
onnectivities');
#12704=UNCERTAINTY_MEASURE_WITH_UNIT(LENGTH_MEASURE(1.E-5),#12710,
'DISTANCE_ACCURACY_VALUE',
'Maximum model space distance between geometric entities at asserted c
onnectivities');
#12705=UNCERTAINTY_MEASURE_WITH_UNIT(LENGTH_MEASURE(1.E-5),#12710,
'DISTANCE_ACCURACY_VALUE',
'Maximum model space distance between geometric entities at asserted c
onnectivities');
#12706=(
GEOMETRIC_REPRESENTATION_CONTEXT(3)
GLOBAL_UNCERTAINTY_ASSIGNED_CONTEXT((#12702))
GLOBAL_UNIT_ASSIGNED_CONTEXT((#12710,#12711,#12712))
REPRESENTATION_CONTEXT('','3D')
);
#12707=(
GEOMETRIC_REPRESENTATION_CONTEXT(3)
GLOBAL_UNCERTAINTY_ASSIGNED_CONTEXT((#12703))
GLOBAL_UNIT_ASSIGNED_CONTEXT((#12710,#12711,#12712))
REPRESENTATION_CONTEXT('','3D')
);
#12708=(
GEOMETRIC_REPRESENTATION_CONTEXT(3)
GLOBAL_UNCERTAINTY_ASSIGNED_CONTEXT((#12704))
GLOBAL_UNIT_ASSIGNED_CONTEXT((#12710,#12711,#12712))
REPRESENTATION_CONTEXT('','3D')
);
#12709=(
GEOMETRIC_REPRESENTATION_CONTEXT(3)
GLOBAL_UNCERTAINTY_ASSIGNED_CONTEXT((#12705))
GLOBAL_UNIT_ASSIGNED_CONTEXT((#12710,#12711,#12712))
REPRESENTATION_CONTEXT('','3D')
);
#12710=(
LENGTH_UNIT()
NAMED_UNIT(*)
SI_UNIT($,.METRE.)
);
#12711=(
NAMED_UNIT(*)
PLANE_ANGLE_UNIT()
SI_UNIT($,.RADIAN.)
);
#12712=(
NAMED_UNIT(*)
SI_UNIT($,.STERADIAN.)
SOLID_ANGLE_UNIT()
);
#12713=SHAPE_DEFINITION_REPRESENTATION(#12716,#12721);
#12714=SHAPE_DEFINITION_REPRESENTATION(#12717,#12722);
#12715=SHAPE_DEFINITION_REPRESENTATION(#12718,#12723);
#12716=PRODUCT_DEFINITION_SHAPE('',$,#12725);
#12717=PRODUCT_DEFINITION_SHAPE('',$,#12726);
#12718=PRODUCT_DEFINITION_SHAPE('',$,#12727);
#12719=PRODUCT_DEFINITION_SHAPE($,$,#17);
#12720=PRODUCT_DEFINITION_SHAPE($,$,#18);
#12721=SHAPE_REPRESENTATION('',(#6950,#7204,#7205),#12706);
#12722=SHAPE_REPRESENTATION('',(#6951),#12707);
#12723=SHAPE_REPRESENTATION('',(#7098),#12708);
#12724=PRODUCT_DEFINITION_CONTEXT('part definition',#12735,'design');
#12725=PRODUCT_DEFINITION('2026-09-02-10-20-56-634','BlareLava',#12728,
#12724);
#12726=PRODUCT_DEFINITION('Part 2','Part 2',#12729,#12724);
#12727=PRODUCT_DEFINITION('Part 1','Part 1',#12730,#12724);
#12728=PRODUCT_DEFINITION_FORMATION('',$,#12737);
#12729=PRODUCT_DEFINITION_FORMATION('',$,#12738);
#12730=PRODUCT_DEFINITION_FORMATION('',$,#12739);
#12731=PRODUCT_RELATED_PRODUCT_CATEGORY('BlareLava','BlareLava',(#12737));
#12732=PRODUCT_RELATED_PRODUCT_CATEGORY('Part 2','Part 2',(#12738));
#12733=PRODUCT_RELATED_PRODUCT_CATEGORY('Part 1','Part 1',(#12739));
#12734=APPLICATION_PROTOCOL_DEFINITION('international standard',
'automotive_design',2009,#12735);
#12735=APPLICATION_CONTEXT(
'Core Data for Automotive Mechanical Design Process');
#12736=PRODUCT_CONTEXT('part definition',#12735,'mechanical');
#12737=PRODUCT('2026-09-02-10-20-56-634','BlareLava',
'STEP AP242 Edition 2',(#12736));
#12738=PRODUCT('Part 2','Part 2','Part 2',(#12736));
#12739=PRODUCT('Part 1','Part 1','Part 1',(#12736));
#12740=PRESENTATION_STYLE_ASSIGNMENT((#12743));
#12741=PRESENTATION_STYLE_ASSIGNMENT((#12744));
#12742=PRESENTATION_STYLE_ASSIGNMENT((#12745));
#12743=SURFACE_STYLE_USAGE(.BOTH.,#12746);
#12744=SURFACE_STYLE_USAGE(.BOTH.,#12747);
#12745=SURFACE_STYLE_USAGE(.BOTH.,#12748);
#12746=SURFACE_SIDE_STYLE('',(#12749));
#12747=SURFACE_SIDE_STYLE('',(#12750));
#12748=SURFACE_SIDE_STYLE('',(#12751));
#12749=SURFACE_STYLE_FILL_AREA(#12752);
#12750=SURFACE_STYLE_FILL_AREA(#12753);
#12751=SURFACE_STYLE_FILL_AREA(#12754);
#12752=FILL_AREA_STYLE('Steel - Satin',(#12755));
#12753=FILL_AREA_STYLE('Opaque(59,97,180)',(#12756));
#12754=FILL_AREA_STYLE('Opaque(157,207,237)',(#12757));
#12755=FILL_AREA_STYLE_COLOUR('Steel - Satin',#12758);
#12756=FILL_AREA_STYLE_COLOUR('Opaque(59,97,180)',#12759);
#12757=FILL_AREA_STYLE_COLOUR('Opaque(157,207,237)',#12760);
#12758=COLOUR_RGB('Steel - Satin',0.627450980392157,0.627450980392157,0.627450980392157);
#12759=COLOUR_RGB('Opaque(59,97,180)',0.231372549019608,0.380392156862745,
0.705882352941177);
#12760=COLOUR_RGB('Opaque(157,207,237)',0.615686274509804,0.811764705882353,
0.929411764705882);
ENDSEC;
END-ISO-10303-21;
